{
"type": "FeatureCollection",
"name": "zone_action_ANDZOA",
"crs": { "type": "name", "properties": { "name": "urn:ogc:def:crs:OGC:1.3:CRS84" } },
"features": [
{ "type": "Feature", "properties": { "OBJECTID": 11, "Code_Province": "02.251.", "Population": 138325, "Menages": 28439, "Etrangers": 41, "Marocains": 138284, "Nom_Provinces": "FIGUIG", "Code_Region": "02.", "Superficie_Ha": 4916269.2719820803, "Shape__Area": 3.3366823660412099, "Shape__Length": 10.420532012787699, "zone_dattes": "TRUE", "zone_commune_datt_argan_txt": "FALSE" }, "geometry": { "type": "MultiPolygon", "coordinates": [ [ [ [ -2.33802989399993, 33.642845585000103 ], [ -2.32101100199992, 33.6402006490001 ], [ -2.31092767799992, 33.652702441000102 ], [ -2.29595005999994, 33.672321010000097 ], [ -2.25712324899996, 33.686086880000097 ], [ -2.21098772299996, 33.693120599000103 ], [ -2.18370527899992, 33.691381445 ], [ -2.15503624999991, 33.691207812000101 ], [ -2.15378772399993, 33.691120599 ], [ -2.15370885599992, 33.6911008820001 ], [ -2.12465806099993, 33.688760657 ], [ -2.11833039599992, 33.686048801000098 ], [ -2.09067935799993, 33.674198356000097 ], [ -2.05198932199994, 33.6589222160001 ], [ -1.91464683299995, 33.643931612000102 ], [ -1.87238625599991, 33.6405061090001 ], [ -1.85234642699993, 33.638899142000099 ], [ -1.84780976799993, 33.638535353000101 ], [ -1.78265017299992, 33.639574344 ], [ -1.74851188899992, 33.645066155000102 ], [ -1.73604399399994, 33.646847283000099 ], [ -1.70842384399992, 33.653427632 ], [ -1.68869567699994, 33.658127760000099 ], [ -1.64609703599996, 33.669705091000097 ], [ -1.64416747999991, 33.660354170000097 ], [ -1.63926937899993, 33.650261112000102 ], [ -1.63659768699995, 33.641800754000101 ], [ -1.63155115799992, 33.631856124000102 ], [ -1.62502035599994, 33.625176894 ], [ -1.61730213499993, 33.621466211 ], [ -1.60795121299992, 33.61983351 ], [ -1.59963928299993, 33.615380691 ], [ -1.59503803599995, 33.605732915000097 ], [ -1.59889714699995, 33.601873804 ], [ -1.59756130099993, 33.598905258000102 ], [ -1.59741287299994, 33.596827275000102 ], [ -1.59963928299993, 33.593116592000101 ], [ -1.59949085599993, 33.590296473000102 ], [ -1.59667073699995, 33.587624781 ], [ -1.59637388199991, 33.586437363000101 ], [ -1.59963928299993, 33.581093979000102 ], [ -1.60127198399994, 33.575899023 ], [ -1.60008456499992, 33.573227331000098 ], [ -1.59860029199996, 33.572782049000097 ], [ -1.59444432699991, 33.57382104 ], [ -1.59325690799994, 33.572485194000102 ], [ -1.59296005399994, 33.571149348000098 ], [ -1.59414747199992, 33.5681808020001 ], [ -1.59518646399994, 33.567141811000099 ], [ -1.59310848099994, 33.564766973000097 ], [ -1.59563174599992, 33.562688991000101 ], [ -1.59622545499991, 33.56165 ], [ -1.59652230899991, 33.559275162000098 ], [ -1.59741287299994, 33.557939317 ], [ -1.59904557399994, 33.557790889 ], [ -1.60201411999992, 33.558087744000098 ], [ -1.60305311199994, 33.558087744000098 ], [ -1.60349839399993, 33.556603471000102 ], [ -1.60052984699996, 33.553486497000101 ], [ -1.59904557399994, 33.550666378000102 ], [ -1.60052984699996, 33.546807267000098 ], [ -1.59815500999991, 33.543690294 ], [ -1.59830343699991, 33.541909166 ], [ -1.59726444599994, 33.541315456000099 ], [ -1.59711601899994, 33.540424892000097 ], [ -1.59637388199991, 33.53997961 ], [ -1.59592859999992, 33.538940619000101 ], [ -1.59355376299993, 33.538940619000101 ], [ -1.58835880699991, 33.528699134000099 ], [ -1.58856549699993, 33.5274332010001 ], [ -1.59027870899996, 33.525719989 ], [ -1.59084977899994, 33.525719989 ], [ -1.59242022299992, 33.52443508 ], [ -1.59256299099991, 33.523435706 ], [ -1.59327682899993, 33.522721868000097 ], [ -1.59470450599991, 33.522436333000101 ], [ -1.59527557699994, 33.521865262000098 ], [ -1.59513280899995, 33.521008656 ], [ -1.59584664699992, 33.520437585000103 ], [ -1.59656048599993, 33.519580979000096 ], [ -1.59627494999995, 33.518296070000098 ], [ -1.59656048599993, 33.517582232000102 ], [ -1.59770262699993, 33.515440717 ], [ -1.59913030299992, 33.514726879000101 ], [ -1.59955860599996, 33.514441344000097 ], [ -1.59970137399995, 33.513584738000098 ], [ -1.60084351499995, 33.512299829000099 ], [ -1.6005579799999, 33.509444476000098 ], [ -1.60027244499992, 33.509016173000099 ], [ -1.60112905099993, 33.508873405000102 ], [ -1.60198565699994, 33.507160193000097 ], [ -1.60198565699994, 33.506018052000101 ], [ -1.60598315099992, 33.500021810000099 ], [ -1.60641145399995, 33.498165830000097 ], [ -1.61112278699994, 33.495024942 ], [ -1.61426367499996, 33.493311730000102 ], [ -1.62011714999994, 33.489742538000101 ], [ -1.62183036099992, 33.487743791000099 ], [ -1.62097375599996, 33.482033085000097 ], [ -1.62168759399992, 33.480034337000099 ], [ -1.62097375599996, 33.478749429000104 ], [ -1.62111652299996, 33.477607287000097 ], [ -1.62068821999992, 33.476750681000098 ], [ -1.61968884699991, 33.476322378000098 ], [ -1.61940331099993, 33.475465772000099 ], [ -1.61811840199994, 33.475323005000099 ], [ -1.61754733199996, 33.47375256 ], [ -1.61811840199994, 33.471039975000103 ], [ -1.61883224099995, 33.4708972070001 ], [ -1.61926054399993, 33.4708972070001 ], [ -1.62025991699994, 33.4700406010001 ], [ -1.62025991699994, 33.466899713000103 ], [ -1.62097375599996, 33.464900965000098 ], [ -1.62468571499994, 33.461331774000101 ], [ -1.62454294699995, 33.460332400000098 ], [ -1.62282973499993, 33.459190259000103 ], [ -1.62154482599993, 33.457334279000101 ], [ -1.62125929099994, 33.455192765 ], [ -1.62282973499993, 33.453194017 ], [ -1.62125929099994, 33.448339917000098 ], [ -1.62254419999994, 33.4457700990001 ], [ -1.62397187599993, 33.445484564000097 ], [ -1.62539955299991, 33.444056887 ], [ -1.62525678499992, 33.442914746 ], [ -1.62725553299992, 33.440202160000098 ], [ -1.62796937099995, 33.439773857 ], [ -1.62868320899991, 33.438203413000103 ], [ -1.62868320899991, 33.436061898 ], [ -1.62811213899994, 33.434348686000099 ], [ -1.62811213899994, 33.432207171000101 ], [ -1.64059362399996, 33.425651239 ], [ -1.64624363099995, 33.423212809000098 ], [ -1.64824237899995, 33.418358708000099 ], [ -1.64895621699992, 33.408364972000101 ], [ -1.65295371099995, 33.403510872000098 ], [ -1.65695120599992, 33.395658650000101 ], [ -1.65966379099996, 33.387235358000098 ], [ -1.66366128599992, 33.377955460000102 ], [ -1.66394682099991, 33.371388148000101 ], [ -1.66351851799993, 33.367961724000097 ], [ -1.66266191199992, 33.364249765000103 ], [ -1.66337575099993, 33.361965482000102 ], [ -1.66337575099993, 33.356000983000101 ], [ -1.66366128599992, 33.351971746000103 ], [ -1.65994932699994, 33.345547201 ], [ -1.65852164999995, 33.338551586000101 ], [ -1.66023486199992, 33.3311276680001 ], [ -1.66180530599991, 33.318706881000097 ], [ -1.65952102399996, 33.309569751000097 ], [ -1.66023486199992, 33.305857792 ], [ -1.65852164999995, 33.301431994 ], [ -1.66408958899996, 33.296435126000098 ], [ -1.66551726599994, 33.294008076000097 ], [ -1.66480342699992, 33.291152723 ], [ -1.66612285299993, 33.287088781000101 ], [ -1.67008583099994, 33.284014340000098 ], [ -1.66794431599993, 33.278589169 ], [ -1.66566003299994, 33.271593553000102 ], [ -1.66160022999992, 33.265909829000101 ], [ -1.65923548899991, 33.262599191 ], [ -1.65509522599996, 33.255889111 ], [ -1.65209710499994, 33.253890363 ], [ -1.64824237899995, 33.251891616000101 ], [ -1.64595809599996, 33.250749475000099 ], [ -1.64124676299991, 33.245895375000103 ], [ -1.63839140999994, 33.240184668 ], [ -1.63682096599996, 33.235045032000102 ], [ -1.63353730999995, 33.229905397 ], [ -1.62868320899991, 33.223480852000101 ], [ -1.62368634099994, 33.21991166 ], [ -1.61754733199996, 33.218198448000102 ], [ -1.61069448399991, 33.214486489000102 ], [ -1.60669698899994, 33.213201580000103 ], [ -1.60455547499993, 33.208490247 ], [ -1.60012967699993, 33.205063824 ], [ -1.59855923299995, 33.201494632 ], [ -1.59927307099991, 33.197782673000098 ], [ -1.60012967699993, 33.195212855000101 ], [ -1.59070701199994, 33.186361260000098 ], [ -1.58770889099992, 33.178651806000097 ], [ -1.58342586099991, 33.173797706000101 ], [ -1.58014220499996, 33.169514676000098 ], [ -1.57671578099996, 33.157522193 ], [ -1.57457426599995, 33.1549523750001 ], [ -1.57600194299994, 33.149098901000102 ], [ -1.57386042799993, 33.146243548000101 ], [ -1.56458052999994, 33.139961771000102 ], [ -1.55744214699996, 33.131395711 ], [ -1.55187420799996, 33.127683752000102 ], [ -1.54516412799995, 33.122258581 ], [ -1.53916788599991, 33.117690016 ], [ -1.53474208899991, 33.107839047000098 ], [ -1.52417728199992, 33.100986199000097 ], [ -1.51789550499995, 33.099272987000099 ], [ -1.51461184899995, 33.0941333520001 ], [ -1.51104265699996, 33.092562907000101 ], [ -1.50433257699996, 33.09056416 ], [ -1.49905017399993, 33.090849695000102 ], [ -1.49548098199995, 33.089136483000097 ], [ -1.49219732599994, 33.086281130000103 ], [ -1.48777152799994, 33.086138363000103 ], [ -1.48434510499993, 33.0809987270001 ], [ -1.47963377199994, 33.080284889 ], [ -1.47492243899995, 33.076287394000097 ], [ -1.47149601499996, 33.069862849000103 ], [ -1.46849789399994, 33.062438931000102 ], [ -1.46764128799992, 33.057013760000103 ], [ -1.46478593499995, 33.053159033 ], [ -1.46392932899994, 33.047020024000098 ], [ -1.46178781399993, 33.042165923000098 ], [ -1.46450039999991, 33.0367407520001 ], [ -1.4690689649999, 33.033028793000099 ], [ -1.47178154999995, 33.0277463890001 ], [ -1.47706395399996, 33.02160738 ], [ -1.47706395399996, 33.013755159000098 ], [ -1.47249538899996, 33.0039041900001 ], [ -1.47463690399991, 32.997479646 ], [ -1.48234635699992, 32.981632435000101 ], [ -1.48563001399992, 32.975778961000103 ], [ -1.49205455799995, 32.969497184000097 ], [ -1.49648035599995, 32.967070134 ], [ -1.50035351399992, 32.968453405 ], [ -1.50247659699994, 32.969211649 ], [ -1.51118542499995, 32.969639952000101 ], [ -1.51789550499995, 32.967070134 ], [ -1.52603326099995, 32.963500942000103 ], [ -1.53788297699992, 32.9586468420001 ], [ -1.54073832999995, 32.958361307000096 ], [ -1.54345091599993, 32.957504701000097 ], [ -1.52966409899994, 32.9395549810001 ], [ -1.49947847699991, 32.900254869 ], [ -1.45279345199992, 32.836294957000099 ], [ -1.39925557899994, 32.762769612000099 ], [ -1.38428293099992, 32.742038253000104 ], [ -1.38255176299992, 32.739641251000101 ], [ -1.34568772399995, 32.725320599 ], [ -1.32838772399991, 32.718220599000098 ], [ -1.29298772399994, 32.704320599000098 ], [ -1.27368772299991, 32.696520599000102 ], [ -1.27088772299992, 32.694920599000099 ], [ -1.26378772399994, 32.690320599000103 ], [ -1.25318772399993, 32.683320599000098 ], [ -1.23658772299996, 32.672420599000098 ], [ -1.21758772399994, 32.660420599000098 ], [ -1.18888772399993, 32.6412205990001 ], [ -1.15608772399992, 32.619820599 ], [ -1.14908772399991, 32.615420599000103 ], [ -1.12869296599996, 32.602028552 ], [ -1.12346081699991, 32.594418154 ], [ -1.10915785099991, 32.589201778000103 ], [ -1.0618877239999, 32.559420599000099 ], [ -1.04143650599991, 32.545523246000101 ], [ -1.02928808699993, 32.541033613000103 ], [ -1.0103935589999, 32.532636045000103 ], [ -1.00529503499995, 32.526637782000101 ], [ -1.00398772399996, 32.521420599000102 ], [ -1.00019651199993, 32.519739779000098 ], [ -0.998996858999931, 32.516440735000103 ], [ -0.998397032999947, 32.513141690000097 ], [ -0.999596684999915, 32.511342211000098 ], [ -1.00188772299992, 32.504920599000101 ], [ -1.0085940799999, 32.506243688 ], [ -1.01159321099992, 32.506543601000097 ], [ -1.01639182199995, 32.504444209 ], [ -1.01639182199995, 32.501145164 ], [ -1.01789138799994, 32.498745859000103 ], [ -1.01806675199992, 32.4962907560001 ], [ -1.02758772299994, 32.488220599 ], [ -1.03161241399993, 32.484540881 ], [ -1.03708582899992, 32.482550549000102 ], [ -1.04758278999992, 32.476552285000103 ], [ -1.04938226899992, 32.472653414 ], [ -1.05079371799991, 32.467713343000099 ], [ -1.06208772399992, 32.461020599000101 ], [ -1.06737705799992, 32.450459841000097 ], [ -1.07997340999992, 32.442362186000103 ], [ -1.08768341999996, 32.440501149000099 ], [ -1.09706845999993, 32.435764097000103 ], [ -1.10366654899991, 32.432165139000098 ], [ -1.11086446499991, 32.422268005 ], [ -1.11686272799993, 32.422867831000097 ], [ -1.12076159899992, 32.419568787000102 ], [ -1.12256107799993, 32.415070089 ], [ -1.12795951399993, 32.415969829000097 ], [ -1.13155847199994, 32.415969829000097 ], [ -1.13635708299994, 32.415370002000103 ], [ -1.13935621399992, 32.415370002000103 ], [ -1.14445473799992, 32.417169481000101 ], [ -1.15135273999994, 32.418369134 ], [ -1.15615135099994, 32.417469394000101 ], [ -1.16334926599995, 32.415370002000103 ], [ -1.17414613999993, 32.414470263000098 ], [ -1.18134405599994, 32.411471131 ], [ -1.18614266599991, 32.4093717390001 ], [ -1.19064136299994, 32.407272347000102 ], [ -1.19693953999996, 32.406072695 ], [ -1.19903893199995, 32.404873042000098 ], [ -1.20173814999993, 32.401873911000102 ], [ -1.20473728199994, 32.400374345 ], [ -1.20683667399993, 32.396175561000099 ], [ -1.21013571799995, 32.392576603000101 ], [ -1.20743649999991, 32.387178166000098 ], [ -1.21043563099994, 32.378480685000099 ], [ -1.21253502299993, 32.370083116 ], [ -1.21763354699992, 32.361685548000104 ], [ -1.21943302599993, 32.357786677 ], [ -1.22303198399993, 32.346389977000101 ], [ -1.22513137599992, 32.343390846 ], [ -1.22723076799991, 32.343090933 ], [ -1.22933015999995, 32.342191193000097 ], [ -1.23112963899995, 32.340991541000101 ], [ -1.23202937799994, 32.3385922350001 ], [ -1.23322903099994, 32.336792756000101 ], [ -1.23592824899993, 32.335893017 ], [ -1.24042694699995, 32.333493712000099 ], [ -1.24552546999996, 32.331094407000101 ], [ -1.24942434099995, 32.328395188000101 ], [ -1.25092390699995, 32.326595709000102 ], [ -1.25092390699995, 32.324196404000098 ], [ -1.2503240809999, 32.321497186 ], [ -1.24612529699992, 32.316998488000102 ], [ -1.24582538299995, 32.314599183 ], [ -1.24282625199993, 32.31429927 ], [ -1.23832755499996, 32.3136994440001 ], [ -1.23652807599996, 32.312199878000101 ], [ -1.23502850999995, 32.309500660000097 ], [ -1.23622816299991, 32.307401268 ], [ -1.23652807599996, 32.3041022230001 ], [ -1.23652807599996, 32.302302744000102 ], [ -1.23532842299993, 32.299003699000103 ], [ -1.23472859699996, 32.294804915 ], [ -1.23502850999995, 32.290906044000103 ], [ -1.23502850999995, 32.2879069130001 ], [ -1.23712790199994, 32.2852076940001 ], [ -1.23922729399993, 32.282508476000103 ], [ -1.23922729399993, 32.280109171 ], [ -1.24042694699995, 32.276810126 ], [ -1.24282625199993, 32.269312297000099 ], [ -1.24282625199993, 32.2672129050001 ], [ -1.24132668599992, 32.263613947000103 ], [ -1.24102677299993, 32.260014989000098 ], [ -1.24252633899994, 32.257315771 ], [ -1.24732494899996, 32.252817074000099 ], [ -1.24762486199995, 32.2495180290001 ], [ -1.24612529699992, 32.246218984000102 ], [ -1.24702503599991, 32.244419506 ], [ -1.24792477499994, 32.242620027 ], [ -1.24672512299992, 32.239320982 ], [ -1.24462573099993, 32.230623501000103 ], [ -1.24402590399995, 32.227924282000103 ], [ -1.24312616499992, 32.224625237000097 ], [ -1.24252633899994, 32.221926019000101 ], [ -1.24282625199993, 32.218027148000097 ], [ -1.24312616499992, 32.214128277 ], [ -1.24222642599995, 32.210529319 ], [ -1.24132668599992, 32.2060306220001 ], [ -1.24222642599995, 32.204231143000101 ], [ -1.24642520999993, 32.2030314900001 ], [ -1.25002416799991, 32.202131751000103 ], [ -1.25422295199989, 32.199732446 ], [ -1.25722208299992, 32.1976330540001 ], [ -1.25902156199993, 32.195233749000103 ], [ -1.26022121499994, 32.192234617000103 ], [ -1.26262051999993, 32.190435138000097 ], [ -1.27041826199991, 32.189235485 ], [ -1.27221774099989, 32.188635659000099 ], [ -1.27731626399991, 32.185036701000101 ], [ -1.27851591699994, 32.183237222000102 ], [ -1.28091522199992, 32.178138699 ], [ -1.28931278999994, 32.173939915000098 ], [ -1.29501113999991, 32.170640870000099 ], [ -1.29920992499994, 32.1688413910001 ], [ -1.29980975099994, 32.167641739000103 ], [ -1.29831018499993, 32.165542346000102 ], [ -1.29711053199991, 32.164642607000097 ], [ -1.29291174799992, 32.163742868 ], [ -1.29051244299994, 32.159843997000102 ], [ -1.28751331199992, 32.158944257000101 ], [ -1.27761617799996, 32.163442954000097 ], [ -1.27461704599995, 32.164342694000098 ], [ -1.27131800099994, 32.163442954000097 ], [ -1.26681930399991, 32.161943389 ], [ -1.26382017299993, 32.162243302 ], [ -1.2596213879999, 32.165842260000097 ], [ -1.25782190899992, 32.166741999000102 ], [ -1.25542260399992, 32.166741999000102 ], [ -1.25272338599996, 32.166442086000103 ], [ -1.24912442799994, 32.165542346000102 ], [ -1.24822468899991, 32.166442086000103 ], [ -1.24432581799994, 32.167941652000103 ], [ -1.24132668599992, 32.168541478000101 ], [ -1.23802764099992, 32.168541478000101 ], [ -1.23502850999995, 32.171540609000097 ], [ -1.23172946499994, 32.173939915000098 ], [ -1.22843042099991, 32.174539741 ], [ -1.22303198399993, 32.174539741 ], [ -1.21913311299994, 32.175739394000097 ], [ -1.21613398099993, 32.175739394000097 ], [ -1.21373467599993, 32.174839654 ], [ -1.20923597899991, 32.173640002000099 ], [ -1.20443736799996, 32.171540609000097 ], [ -1.20023858399991, 32.170940783 ], [ -1.19364049499994, 32.169441217 ], [ -1.18824205799996, 32.167341825000101 ], [ -1.18464309999996, 32.165242433000103 ], [ -1.18194388199993, 32.162843128000098 ], [ -1.17924466399995, 32.158344431 ], [ -1.17714527099992, 32.155345299000103 ], [ -1.17562714199993, 32.153922053000102 ], [ -1.17234666099995, 32.150846602000101 ], [ -1.16694822399995, 32.140049728000101 ], [ -1.16724813699994, 32.137650423000103 ], [ -1.16424900599992, 32.133751552 ], [ -1.15645126399993, 32.130152594 ], [ -1.15345213199993, 32.128653029000098 ], [ -1.15285230599994, 32.1265536370001 ], [ -1.15525161099993, 32.119355721000098 ], [ -1.15285230599994, 32.112757632000097 ], [ -1.15225247999994, 32.110658240000099 ], [ -1.15765091699996, 32.109758500000098 ], [ -1.15842254299992, 32.109861384000098 ], [ -1.16214961399993, 32.110358326 ], [ -1.1645489189999, 32.109458587000098 ], [ -1.16634839799991, 32.107659108000099 ], [ -1.16694822399995, 32.105859629000101 ], [ -1.16994735599991, 32.106459455 ], [ -1.17234666099995, 32.106759369000102 ], [ -1.17774509799995, 32.103760237000103 ], [ -1.18164396899994, 32.103460324000103 ], [ -1.18344344799993, 32.103460324000103 ], [ -1.18494301299995, 32.100161279000098 ], [ -1.19184101599994, 32.097462061 ], [ -1.19394040799993, 32.095062756000097 ], [ -1.19573988699993, 32.0896643190001 ], [ -1.20383754199992, 32.084565795000103 ], [ -1.20593693399991, 32.085165622000098 ], [ -1.21073554499991, 32.08306623 ], [ -1.22243215699996, 32.079467272 ], [ -1.22963007299995, 32.079767185 ], [ -1.22963007299995, 32.076768053000102 ], [ -1.2323292919999, 32.077967706 ], [ -1.23322903099994, 32.080367011000099 ], [ -1.23652807599996, 32.0788674450001 ], [ -1.23952720699991, 32.077067966000101 ], [ -1.24942434099995, 32.076768053000102 ], [ -1.25181475199992, 32.076502452000099 ], [ -1.25555776899995, 32.076684404 ], [ -1.26112095399992, 32.077667793 ], [ -1.26651939099992, 32.080966837000098 ], [ -1.27250717299995, 32.0869546200001 ], [ -1.27458015899992, 32.086873327 ], [ -1.27625891799994, 32.086807493 ], [ -1.28819767099992, 32.084700654000102 ], [ -1.29021252999991, 32.085165622000098 ], [ -1.31600506099994, 32.082766316000097 ], [ -1.33669906899991, 32.082766316000097 ], [ -1.34119776599994, 32.084865708000102 ], [ -1.35139481299996, 32.089964232000099 ], [ -1.36099203399993, 32.092063624 ], [ -1.36549073099991, 32.091463798000099 ], [ -1.37328847299995, 32.088764579 ], [ -1.38048638899993, 32.086365274000102 ], [ -1.3885840439999, 32.086065361000102 ], [ -1.40297987499991, 32.086965101000096 ], [ -1.41467648799994, 32.087864840000101 ], [ -1.42907231899994, 32.089964232000099 ], [ -1.43417084299995, 32.089964232000099 ], [ -1.44346815099993, 32.091463798000099 ], [ -1.45156580599991, 32.093863103 ], [ -1.45816389499993, 32.093863103 ], [ -1.46986050799995, 32.094762842000101 ], [ -1.47945772899993, 32.095362669000103 ], [ -1.48455625299994, 32.095362669000103 ], [ -1.49655277899996, 32.102860498 ], [ -1.50495034699992, 32.104060150000102 ], [ -1.51094860999996, 32.103160411000097 ], [ -1.52984313899992, 32.09926154 ], [ -1.54693818799996, 32.096862235000103 ], [ -1.55294821699994, 32.095501473000098 ], [ -1.56283358499991, 32.093263277000098 ], [ -1.57033141399995, 32.092663450000103 ], [ -1.57453019799993, 32.092063624 ], [ -1.57902889599995, 32.092063624 ], [ -1.58532707199993, 32.092963364000099 ], [ -1.59552411899995, 32.096262408000101 ], [ -1.61296503599993, 32.099912917 ], [ -1.63181360999994, 32.105259803000102 ], [ -1.64051109199994, 32.109758500000098 ], [ -1.64710918099996, 32.108258934 ], [ -1.65250761799996, 32.110058413 ], [ -1.65640648899995, 32.110058413 ], [ -1.65850588099994, 32.110058413 ], [ -1.66150501299995, 32.109158674000099 ], [ -1.66750327599993, 32.111857892 ], [ -1.67110223299994, 32.112757632000097 ], [ -1.67350153899991, 32.112157805 ], [ -1.67560093099991, 32.111557979000096 ], [ -1.67800023599995, 32.112757632000097 ], [ -1.67830014899994, 32.114557111000103 ], [ -1.67949980199995, 32.114857024000102 ], [ -1.68219901999993, 32.115756763 ], [ -1.68609789099992, 32.116356589000098 ], [ -1.69209615399996, 32.117856155000098 ], [ -1.69629493799994, 32.1184559820001 ], [ -1.69989389599994, 32.1184559820001 ], [ -1.70319294099994, 32.117256329 ], [ -1.70619207199991, 32.117556242 ], [ -1.70859137699995, 32.1142571970001 ], [ -1.71309007499991, 32.1142571970001 ], [ -1.71548937999995, 32.11545685 ], [ -1.71848851199991, 32.1184559820001 ], [ -1.72538651399992, 32.120855287 ], [ -1.73438390899992, 32.119955547000103 ], [ -1.7382827799999, 32.121755026000102 ], [ -1.74008225799992, 32.121755026000102 ], [ -1.74368121599991, 32.121455113000103 ], [ -1.74728017399991, 32.120855287 ], [ -1.75057921899992, 32.121455113000103 ], [ -1.75687739499994, 32.125953810000098 ], [ -1.76017643999995, 32.1253539840001 ], [ -1.76167600499991, 32.125653897000099 ], [ -1.76407531099994, 32.127453376000098 ], [ -1.76857400799991, 32.129552768000103 ], [ -1.77247287899991, 32.129552768000103 ], [ -1.78237001299993, 32.133751552 ], [ -1.78296983899992, 32.136450771000099 ], [ -1.78536914499995, 32.136450771000099 ], [ -1.78746853699994, 32.135251118 ], [ -1.78956792899993, 32.135551031 ], [ -1.80066471499992, 32.1361508580001 ], [ -1.80756271799993, 32.138850076 ], [ -1.81805967799994, 32.141849207000099 ], [ -1.82285828899995, 32.141849207000099 ], [ -1.82555750699993, 32.145148252000098 ], [ -1.82975629099991, 32.146347905000098 ], [ -1.83755403299994, 32.143648686000098 ], [ -1.84265255699995, 32.1445484260001 ], [ -1.84385220899992, 32.147247644000103 ], [ -1.84475194899994, 32.14784747 ], [ -1.84805099299996, 32.148147384000097 ], [ -1.85224977699994, 32.146647818000098 ], [ -1.85554882199994, 32.149946863000103 ], [ -1.85914777999994, 32.146347905000098 ], [ -1.86244682499995, 32.145748078000103 ], [ -1.86844508799993, 32.143948599000097 ], [ -1.87144421899995, 32.146947731000097 ], [ -1.87444335099991, 32.147247644000103 ], [ -1.87294378499996, 32.150246776000102 ], [ -1.87564300299993, 32.152046255000101 ], [ -1.87954187399992, 32.152046255000101 ], [ -1.88404057199994, 32.151746341 ], [ -1.88943900799995, 32.155645212000103 ], [ -1.88973892199993, 32.158044518000104 ], [ -1.89483744499995, 32.1607437360001 ], [ -1.90323501299991, 32.164642607000097 ], [ -1.90983310299992, 32.164342694000098 ], [ -1.91373197399991, 32.164042781 ], [ -1.91823067099995, 32.164342694000098 ], [ -1.92272936799992, 32.1607437360001 ], [ -1.92602841299993, 32.155345299000103 ], [ -1.92722806599994, 32.150546689000102 ], [ -1.93352624199991, 32.154145647000099 ], [ -1.94072415699992, 32.157444691000101 ], [ -1.94612259399992, 32.158644344 ], [ -1.95122111799992, 32.157144778000102 ], [ -1.95721938099996, 32.158344431 ], [ -1.96081833899995, 32.158344431 ], [ -1.96741642799992, 32.157144778000102 ], [ -1.97341469099996, 32.158944257000101 ], [ -1.97611390899993, 32.16014391 ], [ -1.97941295399994, 32.166442086000103 ], [ -1.98241208599995, 32.1703409570001 ], [ -1.98520036999992, 32.171975468000099 ], [ -1.98721069599992, 32.173640002000099 ], [ -1.99170939299995, 32.175139567000102 ], [ -1.99680791699996, 32.175739394000097 ], [ -2.0145027929999, 32.18203757 ], [ -2.02110088199993, 32.180837917000098 ], [ -2.04119506299992, 32.174839654 ], [ -2.06158915799995, 32.169141304 ], [ -2.06758742099993, 32.166442086000103 ], [ -2.07298585799992, 32.164642607000097 ], [ -2.08738168899992, 32.1607437360001 ], [ -2.10207743299992, 32.153845733000097 ], [ -2.10867552299993, 32.152945994 ], [ -2.13266857499991, 32.146347905000098 ], [ -2.14826405899993, 32.144248513 ], [ -2.15936084599991, 32.144248513 ], [ -2.16565902199994, 32.143348773000099 ], [ -2.18005485299994, 32.142149121 ], [ -2.18995198699992, 32.143348773000099 ], [ -2.19565033699996, 32.145748078000103 ], [ -2.19924929499996, 32.147247644000103 ], [ -2.20734694999993, 32.150546689000102 ], [ -2.21634434399993, 32.152945994 ], [ -2.23163991499996, 32.158644344 ], [ -2.24123713599994, 32.160443823 ], [ -2.24633565999994, 32.162843128000098 ], [ -2.25353357499995, 32.163143041000097 ], [ -2.25953183799993, 32.162543215000099 ], [ -2.26313079599993, 32.164642607000097 ], [ -2.26972888599994, 32.165542346000102 ], [ -2.27392766999992, 32.168241565000102 ], [ -2.27752662799992, 32.1688413910001 ], [ -2.28172541199996, 32.167041912000101 ], [ -2.28622410899993, 32.162243302 ], [ -2.28712384799991, 32.152945994 ], [ -2.29522150399993, 32.152945994 ], [ -2.29702098199993, 32.152945994 ], [ -2.29972020099996, 32.151746341 ], [ -2.30361907199994, 32.153245907 ], [ -2.30721802999994, 32.154145647000099 ], [ -2.31291637999993, 32.158044518000104 ], [ -2.31471585799994, 32.158344431 ], [ -2.32551273199993, 32.155945126000098 ], [ -2.32821194999991, 32.155645212000103 ], [ -2.33121108199992, 32.156544952 ], [ -2.33331047399991, 32.155945126000098 ], [ -2.35100534999992, 32.155045386 ], [ -2.35280482899992, 32.154145647000099 ], [ -2.36120239699994, 32.157144778000102 ], [ -2.36240204999996, 32.155345299000103 ], [ -2.36420152899996, 32.155345299000103 ], [ -2.36630092099995, 32.154145647000099 ], [ -2.36870022599993, 32.154445560000099 ], [ -2.37109953099991, 32.154445560000099 ], [ -2.37229918399993, 32.156245039000098 ], [ -2.37499840199996, 32.156245039000098 ], [ -2.37949709899993, 32.156844865 ], [ -2.38429570999994, 32.155345299000103 ], [ -2.38909431999991, 32.155345299000103 ], [ -2.39359301799993, 32.156844865 ], [ -2.39836204699992, 32.157440994000098 ], [ -2.40259041199994, 32.158044518000104 ], [ -2.40588945699994, 32.158044518000104 ], [ -2.41548667799992, 32.154745473 ], [ -2.43048233499991, 32.149946863000103 ], [ -2.43618068499995, 32.159843997000102 ], [ -2.45357564799991, 32.1607437360001 ], [ -2.46317286899995, 32.16014391 ], [ -2.47666896099991, 32.154145647000099 ], [ -2.48476661599994, 32.152346168000101 ], [ -2.49796279499992, 32.152046255000101 ], [ -2.51565767099993, 32.149946863000103 ], [ -2.52208085999996, 32.148787121000097 ], [ -2.53725141799993, 32.146047992 ], [ -2.54624881199993, 32.145448165000097 ], [ -2.56304394899996, 32.136750684 ], [ -2.58253830399991, 32.122954679000102 ], [ -2.58878582299991, 32.117864107000102 ], [ -2.59063595899994, 32.116356589000098 ], [ -2.59993326599994, 32.113057545000103 ], [ -2.62482605799994, 32.1142571970001 ], [ -2.63442327899992, 32.115756763 ], [ -2.66111554899993, 32.118156068000097 ], [ -2.69410599599996, 32.116356589000098 ], [ -2.70670234899995, 32.114857024000102 ], [ -2.72829609599995, 32.110658240000099 ], [ -2.74239201399996, 32.111258066000097 ], [ -2.74839027699994, 32.111557979000096 ], [ -2.75408862699993, 32.111258066000097 ], [ -2.76458558699994, 32.113657371 ], [ -2.78078089699994, 32.112757632000097 ], [ -2.79817585999996, 32.112757632000097 ], [ -2.81497099699993, 32.114857024000102 ], [ -2.82216891199994, 32.11545685 ], [ -2.83596491699995, 32.1142571970001 ], [ -2.84346274599994, 32.114557111000103 ], [ -2.86055779599991, 32.113057545000103 ], [ -2.87345406099996, 32.111258066000097 ], [ -2.87855258499991, 32.108258934 ], [ -2.88065197699996, 32.106459455 ], [ -2.88395102199991, 32.103160411000097 ], [ -2.88754997899991, 32.101061019 ], [ -2.89144884999996, 32.097162148000102 ], [ -2.89654737399991, 32.093563190000097 ], [ -2.89924659199994, 32.090264145 ], [ -2.90494494199993, 32.087265014000103 ], [ -2.91004346599993, 32.0785675320001 ], [ -2.91154303199994, 32.077967706 ], [ -2.91364242399993, 32.076768053000102 ], [ -2.91664155499995, 32.074068835 ], [ -2.91934077399992, 32.072269356 ], [ -2.92203999199995, 32.0704698770001 ], [ -2.92084033899994, 32.067770659000097 ], [ -2.92653868899993, 32.050675609000102 ], [ -2.92833816799993, 32.048576217000097 ], [ -2.92833816799993, 32.045577085 ], [ -2.92893799499995, 32.042877867000101 ], [ -2.93073747299991, 32.035380038000099 ], [ -2.93073747299991, 32.029081862000098 ], [ -2.92923790799995, 32.025182991000101 ], [ -2.92773834199994, 32.022483773000097 ], [ -2.92413938399994, 32.019184728000099 ], [ -2.9181411209999, 32.014386118000097 ], [ -2.91694146799995, 32.012586639000098 ], [ -2.9163416419999, 32.008687768000101 ], [ -2.91574181599992, 32.006888289000102 ], [ -2.91334251099994, 32.003289331000097 ], [ -2.91289459699993, 32.002244199000103 ], [ -2.91244277099992, 32.001189939000099 ], [ -2.91094320499991, 31.997590981000101 ], [ -2.90734424799996, 31.994591850000099 ], [ -2.9066307189999, 31.992757062000099 ], [ -2.90461616699991, 31.987987673000099 ], [ -2.90252152899995, 31.983449290000099 ], [ -2.89937957199993, 31.977863588 ], [ -2.89693582699993, 31.974372524 ], [ -2.89030280599991, 31.970532354000099 ], [ -2.88646263599992, 31.968088609000102 ], [ -2.88471710399995, 31.964946652 ], [ -2.88262246599993, 31.957266312000101 ], [ -2.88192425299991, 31.951331504000098 ], [ -2.88366978499994, 31.943651163000101 ], [ -2.88436799799996, 31.938414568 ], [ -2.88332067899995, 31.9342252910001 ], [ -2.87948050799991, 31.931083334 ], [ -2.87494212599995, 31.926894058000101 ], [ -2.87005463599991, 31.920261037 ], [ -2.86691267899994, 31.916420866000099 ], [ -2.86272340299996, 31.913977122000102 ], [ -2.86202518999994, 31.910136952000101 ], [ -2.85853412599994, 31.905947675 ], [ -2.85448413899991, 31.901878502 ], [ -2.85329753099995, 31.8968709100001 ], [ -2.85120289199994, 31.8923325270001 ], [ -2.84736272199996, 31.88919057 ], [ -2.84282433899994, 31.885350399000099 ], [ -2.84142791399995, 31.882906655000099 ], [ -2.8410788079999, 31.872433464 ], [ -2.84247523299996, 31.868593294 ], [ -2.84142791399995, 31.866498655 ], [ -2.83828595699992, 31.864753124000099 ], [ -2.83758774399996, 31.860912953000099 ], [ -2.83688953099994, 31.857421890000101 ], [ -2.83828595699992, 31.851836188 ], [ -2.8410788079999, 31.8465995920001 ], [ -2.84426249699993, 31.843916788000101 ], [ -2.84422076499993, 31.837522827 ], [ -2.84387165899994, 31.832286231000101 ], [ -2.84352255199991, 31.830540699 ], [ -2.84144703299995, 31.828465180000101 ], [ -2.84038059499994, 31.827398742000099 ], [ -2.8327002549999, 31.827049635 ], [ -2.82816187199995, 31.823907678000101 ], [ -2.8243217019999, 31.818321976 ], [ -2.82187795699991, 31.815180019000099 ], [ -2.82257616999993, 31.809943423 ], [ -2.82327438299995, 31.801913977000101 ], [ -2.82083063799996, 31.794233637 ], [ -2.85128665899992, 31.7906505750001 ], [ -2.86830910499992, 31.7886479350001 ], [ -2.91369293299994, 31.780967594000099 ], [ -2.95209463399993, 31.773636361000101 ], [ -2.98805258999994, 31.7673524460001 ], [ -3.00131863199994, 31.764559595 ], [ -3.00236595099994, 31.761417638000101 ], [ -3.00131863199994, 31.759322999000101 ], [ -3.10779607499995, 31.739423936 ], [ -3.25148646699995, 31.714241730000101 ], [ -3.25585835299995, 31.7289471650001 ], [ -3.22130725999995, 31.754228453000099 ], [ -3.19067750799991, 31.776640466000099 ], [ -3.15530497699996, 31.798102451 ], [ -3.13051654499992, 31.822663467 ], [ -3.11198356199992, 31.841026422000098 ], [ -3.18233118099994, 31.831487762000101 ], [ -3.18471584599996, 31.814795107000101 ], [ -3.19225759199992, 31.813821324000099 ], [ -3.19345961799991, 31.813602774000099 ], [ -3.24194780699992, 31.901040493 ], [ -3.25214625899991, 31.924951709000101 ], [ -3.27056378799995, 31.9737727770001 ], [ -3.27223831699996, 32.000286160000101 ], [ -3.27100994999995, 32.022700707000098 ], [ -3.26221745999993, 32.092211142000103 ], [ -3.21869231099993, 32.1469312340001 ], [ -3.19478772399992, 32.176820599000102 ], [ -3.27118166399993, 32.146377394000098 ], [ -3.29242787699991, 32.134054590000098 ], [ -3.30984977299994, 32.125981029000101 ], [ -3.33364553199993, 32.106009588000099 ], [ -3.37571303499993, 32.109408982 ], [ -3.42712887199991, 32.127255802 ], [ -3.48534349799991, 32.144252773000098 ], [ -3.51083895399995, 32.147227243000103 ], [ -3.54228334999993, 32.142978 ], [ -3.56607910999992, 32.127255802 ], [ -3.61664509799994, 32.109833907000102 ], [ -3.63619161499992, 32.123431483 ], [ -3.63756258399991, 32.12505172 ], [ -3.64723964599995, 32.137029060000103 ], [ -3.63534176599995, 32.1540260310001 ], [ -3.61749494699995, 32.172297775000096 ], [ -3.58350100499996, 32.198643080000103 ], [ -3.60049797599993, 32.205441868 ], [ -3.63151744799995, 32.200342777000103 ], [ -3.67614859499991, 32.197476539 ], [ -3.67825911799991, 32.197368307000097 ], [ -3.75389563899995, 32.2028923230001 ], [ -3.75369770199995, 32.204475819 ], [ -3.75269887299993, 32.218414249 ], [ -3.74682300199993, 32.243067884000098 ], [ -3.75383645799991, 32.261283387 ], [ -3.75474548699992, 32.261531872 ], [ -3.77344215599993, 32.263656494000102 ], [ -3.78138772399995, 32.262520599000098 ], [ -3.78831450499996, 32.261106948000098 ], [ -3.79486190499995, 32.259936872000097 ], [ -3.81345083399992, 32.256510341000102 ], [ -3.81763427999994, 32.263656494000102 ], [ -3.80828594599995, 32.2827780860001 ], [ -3.81083549199991, 32.315922180000101 ], [ -3.82060874999991, 32.343117333000102 ], [ -3.8244330679999, 32.350341046 ], [ -3.84100511499992, 32.379235896000097 ], [ -3.85502761599992, 32.402606731 ], [ -3.88987140699993, 32.428527112 ], [ -3.91664163599995, 32.450198250000099 ], [ -3.92386534899992, 32.463795827000098 ], [ -3.93236383399994, 32.476968479 ], [ -3.93768772399994, 32.497120599000098 ], [ -3.93988772399996, 32.508820599 ], [ -3.92115724999991, 32.533975521000102 ], [ -3.92089087899995, 32.534333256000103 ], [ -3.95262759399992, 32.549220729000098 ], [ -3.95812297499992, 32.551916576000103 ], [ -3.96125868499996, 32.553454849 ], [ -4.00247633899994, 32.578950305 ], [ -4.01862346199994, 32.607845156000103 ], [ -4.01787531199994, 32.610557200000102 ], [ -4.0152240669999, 32.621017808000097 ], [ -4.01649883999994, 32.641414173 ], [ -4.00162649099991, 32.660535766000102 ], [ -3.97910550399996, 32.6881558440001 ], [ -3.94893588099995, 32.7170506940001 ], [ -3.91324224199991, 32.760392970000098 ], [ -3.88365553099993, 32.802263415000098 ], [ -3.88316693999991, 32.803513300000098 ], [ -3.86226732999995, 32.8310464690001 ], [ -3.86138772599992, 32.831763372000097 ], [ -3.83217694999996, 32.86434876 ], [ -3.83038200799996, 32.866624039 ], [ -3.82889850699991, 32.8680059490001 ], [ -3.81328468599992, 32.8825505350001 ], [ -3.79851268799996, 32.895943814000098 ], [ -3.75007131999996, 32.925688513000097 ], [ -3.72712540999993, 32.949059348 ], [ -3.71395275699996, 32.979228971000097 ], [ -3.68335820899995, 33.026395566000097 ], [ -3.65106396499993, 33.056990114000101 ], [ -3.61791987099991, 33.077386479 ], [ -3.60497455599994, 33.094731062000101 ], [ -3.58671869399996, 33.101401473000102 ], [ -3.57653753999995, 33.108774032 ], [ -3.56776068299996, 33.108071884000097 ], [ -3.56038812399993, 33.097890730000103 ], [ -3.55266448999993, 33.095433210000103 ], [ -3.54037689099994, 33.092273542 ], [ -3.53639370299993, 33.091203432 ], [ -3.51685491499995, 33.0859542050001 ], [ -3.43610783399993, 33.056815041 ], [ -3.33956241099992, 33.059974709000102 ], [ -3.13629040999996, 33.095784284 ], [ -3.02921275899996, 33.113689072000099 ], [ -2.97865806499993, 33.132998157000102 ], [ -2.94284848999996, 33.1516050930001 ], [ -2.90703891499993, 33.1772335140001 ], [ -2.90640118299996, 33.179059745000103 ], [ -2.89931528099993, 33.199351193 ], [ -2.90563461799991, 33.216202758000101 ], [ -2.92283725699991, 33.236916139000101 ], [ -2.93407163299991, 33.254469853 ], [ -2.95373179199993, 33.272023566000101 ], [ -2.97865806499993, 33.29870521 ], [ -2.99796714999991, 33.316961072000097 ], [ -3.03904283899993, 33.341536271000102 ], [ -3.04676647299993, 33.348557756 ], [ -3.01301330899991, 33.371258999000098 ], [ -3.00709508099993, 33.375239400000098 ], [ -2.96953013399991, 33.4198258320001 ], [ -2.93968882099995, 33.46160367 ], [ -2.88878305299994, 33.497764319000098 ], [ -2.85543099799992, 33.539191082000102 ], [ -2.84023135699994, 33.598550069000098 ], [ -2.81799418399993, 33.627140721 ], [ -2.79858077799991, 33.66173188 ], [ -2.78328075599995, 33.67419047 ], [ -2.77422577799996, 33.681498257 ], [ -2.71644242099995, 33.688432260000098 ], [ -2.70363157599991, 33.689969561000098 ], [ -2.65809831599995, 33.695970068000101 ], [ -2.62527201199993, 33.694205213000103 ], [ -2.56632585399995, 33.677262605000102 ], [ -2.49573165199996, 33.6677323870001 ], [ -2.48638022799991, 33.666693340000101 ], [ -2.45125730399991, 33.662790793000099 ], [ -2.33802989399993, 33.642845585000103 ] ] ] ] } },
{ "type": "Feature", "properties": { "OBJECTID": 49, "Code_Province": "07.211.", "Population": 450527, "Menages": 95520, "Etrangers": 795, "Marocains": 449732, "Nom_Provinces": "ESSAOUIRA", "Code_Region": "07.", "Superficie_Ha": 897897.33824223594, "Shape__Area": 0.61866170560921296, "Shape__Length": 4.5847717130137697, "zone_dattes": "FALSE", "zone_commune_datt_argan_txt": "FALSE" }, "geometry": { "type": "MultiPolygon", "coordinates": [ [ [ [ -9.13078772299991, 31.899420599000099 ], [ -9.121693869999939, 31.891233555 ], [ -9.11851360499992, 31.892976062000098 ], [ -9.104410371999959, 31.9009555220001 ], [ -9.08138772399991, 31.902420599 ], [ -9.07418772399995, 31.903020599000101 ], [ -9.06988772299991, 31.902620599 ], [ -9.061887722999931, 31.903920599000099 ], [ -9.047887722999921, 31.905420599000099 ], [ -9.029875287999911, 31.907436834000102 ], [ -9.02968308299995, 31.9069780220001 ], [ -9.02150359399991, 31.887452790000101 ], [ -9.01772282899992, 31.87935115 ], [ -9.017182718999949, 31.860987434 ], [ -9.02771485099993, 31.835602296 ], [ -9.042837910999941, 31.820749291000102 ], [ -9.040458103999921, 31.8181315030001 ], [ -9.03473627199992, 31.811837487 ], [ -9.03459254099994, 31.811837487 ], [ -9.03272517899995, 31.812063834000099 ], [ -9.031173535999921, 31.811953002000099 ], [ -9.026851102999951, 31.8098472020001 ], [ -9.026961934999919, 31.806633085 ], [ -9.02441280799991, 31.804527284000098 ], [ -9.024523638999939, 31.8019781570001 ], [ -9.024704631999951, 31.801895888 ], [ -9.02489464899992, 31.80161817 ], [ -9.027072766999931, 31.800980673000101 ], [ -9.029178566999921, 31.799650693 ], [ -9.02928939899993, 31.798874872000098 ], [ -9.02928939899993, 31.796769071000099 ], [ -9.029241088999919, 31.796701437000099 ], [ -9.029323077999949, 31.7964086170001 ], [ -9.02807025099991, 31.793554954000101 ], [ -9.023193659999951, 31.791559985 ], [ -9.019868711999949, 31.790784164000101 ], [ -9.019203721999929, 31.791559985 ], [ -9.01765207899996, 31.796436576000101 ], [ -9.015435446999961, 31.798653209000101 ], [ -9.011334676999921, 31.800426514 ], [ -9.010288294999951, 31.799875787000101 ], [ -9.00991408399994, 31.7999250250001 ], [ -9.009561371999951, 31.799650693 ], [ -9.00701224499994, 31.799096535 ], [ -9.005152641999929, 31.799561436000101 ], [ -9.00308772399995, 31.798920599 ], [ -9.002087723999921, 31.797620599000101 ], [ -9.002265059999949, 31.7962019110001 ], [ -9.00335480099994, 31.795439092 ], [ -9.004906443999911, 31.794884934 ], [ -9.008563886999919, 31.793554954000101 ], [ -9.01100218299996, 31.7923358070001 ], [ -9.010540409999919, 31.791335299000099 ], [ -9.01044802499996, 31.790451669 ], [ -9.010518028999909, 31.7882115180001 ], [ -9.010187722999939, 31.787220599000101 ], [ -9.00668772299991, 31.784420599 ], [ -9.00638772399992, 31.7814205990001 ], [ -9.00598772399991, 31.779020599 ], [ -9.00530766499992, 31.777466182000101 ], [ -9.00390895899994, 31.776708549 ], [ -9.0012490009999, 31.776154391 ], [ -8.997702388999921, 31.778371023 ], [ -8.992493302999939, 31.782582625000099 ], [ -8.992205430999951, 31.782438689000099 ], [ -8.99208772399993, 31.782620599 ], [ -8.990387722999911, 31.7827205990001 ], [ -8.989278371999941, 31.782104293000099 ], [ -8.989168354999951, 31.7821392980001 ], [ -8.985621742999911, 31.781252645000102 ], [ -8.98296178399994, 31.781363477000099 ], [ -8.982610094999931, 31.781231593000101 ], [ -8.98207513199992, 31.7810309820001 ], [ -8.982728393999929, 31.780029314 ], [ -8.98373760599992, 31.778481855000098 ], [ -8.985621742999911, 31.768174515000101 ], [ -8.98296178399994, 31.757867175000101 ], [ -8.98207513199992, 31.750108962000098 ], [ -8.979636835999941, 31.7361441790001 ], [ -8.976090223999959, 31.730824261000102 ], [ -8.97520357099995, 31.724285196 ], [ -8.97243278099995, 31.717967794000099 ], [ -8.972765275999899, 31.710320413000101 ], [ -8.97232194999992, 31.692919850000099 ], [ -8.976201055999921, 31.676849266000101 ], [ -8.99980176599991, 31.663831834000099 ], [ -9.00091650599995, 31.663216977 ], [ -9.006458085999951, 31.6658769360001 ], [ -9.008405129999909, 31.666510474000098 ], [ -9.02020120699996, 31.6705318640001 ], [ -9.020940457999931, 31.6702370080001 ], [ -9.02928939899993, 31.665655273000102 ], [ -9.03560680099991, 31.668647726000099 ], [ -9.042529885999951, 31.664749290000099 ], [ -9.04702245699991, 31.662219493000102 ], [ -9.05446097199996, 31.661084804 ], [ -9.06010058699991, 31.6602245240001 ], [ -9.06907794799991, 31.658118723000101 ], [ -9.074730359999929, 31.662884482 ], [ -9.07971778299992, 31.6603353550001 ], [ -9.07739031899996, 31.651357994000101 ], [ -9.09224175499992, 31.644708098000098 ], [ -9.09255806799996, 31.643689538 ], [ -9.09545587199994, 31.638390696 ], [ -9.098559156999951, 31.632627452000101 ], [ -9.114186414999949, 31.6194384900001 ], [ -9.121833795999921, 31.613010256000099 ], [ -9.122632304999909, 31.612058187000098 ], [ -9.12693204999993, 31.606803686 ], [ -9.132030303999951, 31.600597116000099 ], [ -9.140564338999919, 31.584083205000098 ], [ -9.14622703999993, 31.574623162000101 ], [ -9.149985025999911, 31.568345116 ], [ -9.154639953999951, 31.5610302300001 ], [ -9.15516160599992, 31.559653067000099 ], [ -9.15508772399993, 31.559320599 ], [ -9.159294880999941, 31.549503742000098 ], [ -9.160158948999941, 31.547281852000101 ], [ -9.16293658399991, 31.541042943 ], [ -9.17206505099994, 31.525310904 ], [ -9.173804472999899, 31.5216001370001 ], [ -9.175687723999941, 31.515820599000101 ], [ -9.17658772399994, 31.515020599000099 ], [ -9.17886284599995, 31.5082193060001 ], [ -9.18021935499991, 31.502521969 ], [ -9.184106858999931, 31.486466363000101 ], [ -9.180416626999939, 31.472093883000099 ], [ -9.16623836999992, 31.4577214030001 ], [ -9.163907697999949, 31.454031172 ], [ -9.15474815499994, 31.440016062 ], [ -9.150877341999941, 31.433040253000101 ], [ -9.146264506999961, 31.425224061000101 ], [ -9.143436624999939, 31.411084648 ], [ -9.144999758999919, 31.402992415000099 ], [ -9.14974182199995, 31.380862785000101 ], [ -9.153031225999939, 31.365659843000099 ], [ -9.17874207399996, 31.360278062000098 ], [ -9.187214421999951, 31.359444716 ], [ -9.18907938199993, 31.362279456000099 ], [ -9.196925556999931, 31.372846082000098 ], [ -9.21576515899994, 31.369155851000102 ], [ -9.21071536899996, 31.357502489000101 ], [ -9.23010436899995, 31.355184876000099 ], [ -9.238100769999949, 31.3542007030001 ], [ -9.252084804999919, 31.355560262 ], [ -9.27811064699995, 31.347597131 ], [ -9.28110185999992, 31.3471698150001 ], [ -9.28490844099991, 31.346626018000102 ], [ -9.297447458999949, 31.3227677010001 ], [ -9.27873992799994, 31.292096052000101 ], [ -9.273301692999951, 31.275998874 ], [ -9.273954280999931, 31.265122403000099 ], [ -9.27547698699993, 31.2544634610001 ], [ -9.26525310399995, 31.2509829900001 ], [ -9.26373039799995, 31.244457107000098 ], [ -9.263975795999951, 31.2431074180001 ], [ -9.26503557399991, 31.237278636 ], [ -9.26547063299995, 31.232057930000099 ], [ -9.26438298599993, 31.213567929000099 ], [ -9.278587723999919, 31.212020599000098 ], [ -9.280480163999931, 31.210522517000101 ], [ -9.28396063399992, 31.203996634000099 ], [ -9.27569451599993, 31.175500279000101 ], [ -9.27755162299991, 31.171786065 ], [ -9.281387722999909, 31.166120599000099 ], [ -9.29113910599995, 31.152007101 ], [ -9.28750209099991, 31.149141575 ], [ -9.27518772399992, 31.140820599000101 ], [ -9.26265024699995, 31.132056075 ], [ -9.264587723999909, 31.131820599 ], [ -9.29232076099993, 31.130790739000101 ], [ -9.318112753999911, 31.129384041 ], [ -9.321425433999931, 31.1283939570001 ], [ -9.32401799699994, 31.118138108 ], [ -9.32401799699994, 31.111683923 ], [ -9.317908034999959, 31.105746073 ], [ -9.31721958799994, 31.0955914880001 ], [ -9.32126421099991, 31.0862974610001 ], [ -9.32028804899994, 31.081310038000101 ], [ -9.31812909699994, 31.075193008 ], [ -9.317387722999911, 31.074520599 ], [ -9.31354463599995, 31.063255095 ], [ -9.298970164999959, 31.049768271000101 ], [ -9.279174986999919, 31.043024859000099 ], [ -9.26950852499994, 31.0386831430001 ], [ -9.253506514999909, 31.031495799000101 ], [ -9.253221535999961, 31.031703056000101 ], [ -9.23479898399995, 31.042154741 ], [ -9.23307747699994, 31.041534998000099 ], [ -9.22722632499995, 31.039428584000099 ], [ -9.215973963999939, 31.03615627 ], [ -9.21570736299992, 31.0360787390001 ], [ -9.215656394999939, 31.036063917 ], [ -9.21566654499992, 31.036016549000099 ], [ -9.201303038999921, 31.014132016000101 ], [ -9.18131519099995, 31.000523268000101 ], [ -9.17493608999996, 30.993718894 ], [ -9.14304058599992, 30.961823391000099 ], [ -9.104896835999909, 30.916493036000102 ], [ -9.16507215799993, 30.929664459 ], [ -9.16542836899993, 30.909185438000101 ], [ -9.166105210999939, 30.862257767000099 ], [ -9.16688, 30.849602871000101 ], [ -9.167996832999959, 30.8323352530001 ], [ -9.16791305299995, 30.827392237000101 ], [ -9.17564509799996, 30.824804165 ], [ -9.1927063189999, 30.817578236000099 ], [ -9.215433478999961, 30.81137992 ], [ -9.246628035999951, 30.803071555000098 ], [ -9.24848772399992, 30.8043205990001 ], [ -9.25008772399991, 30.805920599 ], [ -9.25494774699996, 30.813962552000099 ], [ -9.26243737899995, 30.822485237000102 ], [ -9.271003781999919, 30.831118189000101 ], [ -9.29591008399996, 30.8436997240001 ], [ -9.30438772299993, 30.852320599000102 ], [ -9.30978772399993, 30.858820599000101 ], [ -9.310705129999921, 30.860547482000101 ], [ -9.32569494099994, 30.877336071000101 ], [ -9.33158772399992, 30.884420599000102 ], [ -9.335965581999909, 30.887863477000099 ], [ -9.346236221999961, 30.874768410000101 ], [ -9.345722689999951, 30.8583353860001 ], [ -9.346492987999911, 30.856024492000099 ], [ -9.34906064799992, 30.856538024000098 ], [ -9.366710812999941, 30.860354276000098 ], [ -9.367887723999949, 30.8608205990001 ], [ -9.37268772399994, 30.862820599000099 ], [ -9.3830938879999, 30.865524024000099 ], [ -9.38629171899993, 30.8665518980001 ], [ -9.406319467999939, 30.861930110000099 ], [ -9.40965742599991, 30.854740662 ], [ -9.41376568199991, 30.8496053420001 ], [ -9.416076575999901, 30.848578278 ], [ -9.44380730499995, 30.838564403000099 ], [ -9.46024032899993, 30.846267384 ], [ -9.475389523999921, 30.851402704000101 ], [ -9.48180867399992, 30.854483896000101 ], [ -9.49336314399994, 30.8580786200001 ], [ -9.51236382899992, 30.86963309 ], [ -9.523849444999939, 30.862085400000101 ], [ -9.53264834399994, 30.8639842380001 ], [ -9.53829719599992, 30.867835728 ], [ -9.53418893999992, 30.882214625000099 ], [ -9.537987723999951, 30.883320599000101 ], [ -9.538048313999919, 30.8832383700001 ], [ -9.542979583999911, 30.884970978000101 ], [ -9.547122212999909, 30.877346075 ], [ -9.550240112999919, 30.872265053 ], [ -9.558226693999931, 30.861737287 ], [ -9.56270031899993, 30.853343507000101 ], [ -9.56278772399992, 30.8514205990001 ], [ -9.56422933399995, 30.8493237100001 ], [ -9.56875446099991, 30.8415893200001 ], [ -9.575288936999931, 30.8399557010001 ], [ -9.58007589399995, 30.841679471000099 ], [ -9.581823411999951, 30.843948991 ], [ -9.58690578299991, 30.852117086000099 ], [ -9.592714204999931, 30.857562483 ], [ -9.598297650999941, 30.857251339000101 ], [ -9.60505710399991, 30.8566549170001 ], [ -9.60832434199995, 30.849031361000101 ], [ -9.61286217299994, 30.8432229380001 ], [ -9.621756319999919, 30.830698526 ], [ -9.625378170999911, 30.824152275000099 ], [ -9.62538772399995, 30.8241205990001 ], [ -9.62539857999991, 30.823936043000099 ], [ -9.627323978999931, 30.8206353580001 ], [ -9.627383229999911, 30.820533786000102 ], [ -9.63301013999995, 30.808372401 ], [ -9.63845553599992, 30.800567332000099 ], [ -9.64789422299992, 30.801656412000099 ], [ -9.654065672999931, 30.807283321000099 ], [ -9.66223376799991, 30.803108517000101 ], [ -9.67965903599992, 30.791854698000101 ], [ -9.687827130999951, 30.786227788000101 ], [ -9.697084304999921, 30.788950487000101 ], [ -9.71383583699992, 30.791295129 ], [ -9.716324705999909, 30.791673185 ], [ -9.719591943999941, 30.800567332000099 ], [ -9.738832344999929, 30.843948991 ], [ -9.73534840099995, 30.8655616140001 ], [ -9.73411300199996, 30.873354132000099 ], [ -9.762332952999939, 30.8827740770001 ], [ -9.767148406999921, 30.884426439 ], [ -9.76914505199994, 30.892231507000101 ], [ -9.768419, 30.896406311000099 ], [ -9.76587781499995, 30.914557633000101 ], [ -9.76784969299996, 30.919975528000101 ], [ -9.76978772299992, 30.926720599000099 ], [ -9.771867750999951, 30.928352637 ], [ -9.79637203499993, 30.9352501400001 ], [ -9.81561243599992, 30.9379728380001 ], [ -9.817983492999931, 30.938226880000101 ], [ -9.81851537199992, 30.938833813000102 ], [ -9.81885605599996, 30.939340309 ], [ -9.81926487599992, 30.940333814 ], [ -9.819242163999951, 30.940694200000099 ], [ -9.81916267099996, 30.941843531000099 ], [ -9.81928758899994, 30.943703860000099 ], [ -9.819378437999941, 30.9447362780001 ], [ -9.81941250599994, 30.945077169000101 ], [ -9.81932165699993, 30.947492586000099 ], [ -9.819230807999929, 30.948719750000102 ], [ -9.819378437999941, 30.949255412000099 ], [ -9.819658801999941, 30.950851445000101 ], [ -9.819957599999951, 30.952147934 ], [ -9.820127941999941, 30.953394516000099 ], [ -9.82019607899991, 30.953764592000098 ], [ -9.82051405099992, 30.954173622 ], [ -9.82090352199992, 30.954672127 ], [ -9.821789820999919, 30.9547839160001 ], [ -9.82281284299995, 30.9545685430001 ], [ -9.823458960999909, 30.956076154000101 ], [ -9.82367433399992, 30.957960668000101 ], [ -9.82442813999995, 30.9587683170001 ], [ -9.82410508099991, 30.959791338000102 ], [ -9.824697355999939, 30.961191262000099 ], [ -9.82488231399992, 30.962382385000101 ], [ -9.826072886999951, 30.9634328910001 ], [ -9.82509241499992, 30.9638530930001 ], [ -9.82495234799995, 30.9653238020001 ], [ -9.82558265099993, 30.965954106000101 ], [ -9.82502238099994, 30.966514377000099 ], [ -9.825235788999921, 30.969375434000099 ], [ -9.824643512999961, 30.971475321000099 ], [ -9.82355693999995, 30.973220409000099 ], [ -9.82410508099991, 30.974221325000102 ], [ -9.823782020999939, 30.9752443470001 ], [ -9.824499328999931, 30.976442756 ], [ -9.82415892399996, 30.976805801000101 ], [ -9.823889706999919, 30.976751957000101 ], [ -9.823782020999939, 30.977774979000099 ], [ -9.82308205899994, 30.978421098000101 ], [ -9.82292888499995, 30.979012574000102 ], [ -9.823028215999949, 30.979982552000099 ], [ -9.82205903799991, 30.980197925000098 ], [ -9.82200519399993, 30.981059417 ], [ -9.82217935499995, 30.981867927000099 ], [ -9.821735977999939, 30.982567027000101 ], [ -9.82141291899995, 30.9830516160001 ], [ -9.82092832899991, 30.984020794000099 ], [ -9.819205345999929, 30.984882286000101 ], [ -9.819205345999929, 30.986120681 ], [ -9.818720756999941, 30.986174524 ], [ -9.818128480999921, 30.988005194 ], [ -9.81742851899992, 30.988597470000101 ], [ -9.81532863299992, 30.989835864 ], [ -9.81461858899991, 30.991160995000101 ], [ -9.81264817999994, 30.995536135000101 ], [ -9.811580093999909, 30.9979957400001 ], [ -9.80957098199991, 31.002622357000099 ], [ -9.80944851299995, 31.002995090000098 ], [ -9.809298189999939, 31.002973615000101 ], [ -9.80838285499993, 31.004588912000099 ], [ -9.808275167999909, 31.007227230000101 ], [ -9.808167481999931, 31.0100270790001 ], [ -9.80845983899991, 31.011520019 ], [ -9.811211574999961, 31.0146906730001 ], [ -9.812098037999929, 31.014819127000099 ], [ -9.81302303499996, 31.016225809 ], [ -9.81320725199993, 31.0172697020001 ], [ -9.813145845999941, 31.018067972 ], [ -9.81285184399991, 31.019234272000102 ], [ -9.81349796299992, 31.019611175000101 ], [ -9.81418772299992, 31.020420599000101 ], [ -9.81480379299995, 31.0213531640001 ], [ -9.815509955999911, 31.022274246000102 ], [ -9.815490162999939, 31.022895612000099 ], [ -9.81522094699994, 31.023595575000101 ], [ -9.81629781099991, 31.0245109100001 ], [ -9.81708772399992, 31.026020599 ], [ -9.817105458999951, 31.0281184070001 ], [ -9.816728556999919, 31.0302721360001 ], [ -9.81608243799991, 31.031402845000098 ], [ -9.81608243799991, 31.033610417 ], [ -9.815705535999941, 31.0344180650001 ], [ -9.816028594999921, 31.035979519000101 ], [ -9.816738064999919, 31.036796634 ], [ -9.817075793999949, 31.036735228000101 ], [ -9.81742851899992, 31.03748713 ], [ -9.81796695099996, 31.0383486220001 ], [ -9.81705161599996, 31.038671681 ], [ -9.816891578999959, 31.039344960000101 ], [ -9.81719860599992, 31.039989716 ], [ -9.817431560999919, 31.040476172000101 ], [ -9.81762844399992, 31.041217825 ], [ -9.81737467499994, 31.041256157000099 ], [ -9.817038531999909, 31.043061279000099 ], [ -9.81742851899992, 31.0447559680001 ], [ -9.816922280999959, 31.044779342000101 ], [ -9.816645956999929, 31.045424099000101 ], [ -9.816216117999939, 31.04600745 ], [ -9.816645956999929, 31.046345180000099 ], [ -9.816728556999919, 31.0470173840001 ], [ -9.81721314599992, 31.048578837 ], [ -9.81796695099996, 31.049978761 ], [ -9.81845154099994, 31.0507864100001 ], [ -9.818720756999941, 31.051863275000098 ], [ -9.81866691399995, 31.052240177 ], [ -9.81788772399995, 31.052220599000101 ], [ -9.817590047999939, 31.052940139 ], [ -9.818020793999951, 31.053586258000099 ], [ -9.818397697999959, 31.054393907000101 ], [ -9.820389896999931, 31.056332264 ], [ -9.823297431999951, 31.057409128000099 ], [ -9.82393065699995, 31.0574720810001 ], [ -9.82442813999995, 31.057570658000099 ], [ -9.824266610999929, 31.057947560000098 ], [ -9.82475119999992, 31.058216777 ], [ -9.825235788999921, 31.058324463000101 ], [ -9.824966571999941, 31.058916739 ], [ -9.825242718999959, 31.059455243000102 ], [ -9.82564185399991, 31.0598543780001 ], [ -9.82530412399996, 31.060069297 ], [ -9.82561115099992, 31.0604070270001 ], [ -9.825212015999909, 31.060591243000101 ], [ -9.825488340999931, 31.060898271 ], [ -9.824587722999921, 31.062120599000099 ], [ -9.823487723999961, 31.063820599000099 ], [ -9.823356378999961, 31.064157695000102 ], [ -9.82214691199994, 31.064487550000099 ], [ -9.81906118699993, 31.071022026 ], [ -9.81706454199991, 31.082275845000101 ], [ -9.818335133999939, 31.0882657810001 ], [ -9.81908757299993, 31.091060555000102 ], [ -9.82282666999993, 31.096599958000098 ], [ -9.82450658399995, 31.097159929 ], [ -9.825077150999959, 31.0969624250001 ], [ -9.82511990799992, 31.0970046730001 ], [ -9.826507241999931, 31.096973261000102 ], [ -9.82812877499993, 31.0983555920001 ], [ -9.829817424999931, 31.099368783 ], [ -9.831291154999921, 31.0995529990001 ], [ -9.833071912999911, 31.1003205660001 ], [ -9.835644372999919, 31.1005900410001 ], [ -9.83718607799995, 31.100873215 ], [ -9.838229969999929, 31.100658296000098 ], [ -9.83924315999991, 31.1009960270001 ], [ -9.839827305999959, 31.100429875000099 ], [ -9.84004143099992, 31.100719702 ], [ -9.83964229599991, 31.1010267300001 ], [ -9.84004143099992, 31.101149540000101 ], [ -9.84052726799996, 31.101668270000101 ], [ -9.841542572999909, 31.103189415000099 ], [ -9.84165797599991, 31.103714313000101 ], [ -9.842142564999961, 31.104468118000099 ], [ -9.84074264099991, 31.105114237000102 ], [ -9.84198103599994, 31.105760356000101 ], [ -9.841604131999929, 31.1082909880001 ], [ -9.84079648399995, 31.108990950000099 ], [ -9.84122722999996, 31.109798598000101 ], [ -9.84063495399994, 31.1103908740001 ], [ -9.84085032699994, 31.111198523 ], [ -9.84122722999996, 31.112652290000099 ], [ -9.84085032699994, 31.113782998000101 ], [ -9.84009652199995, 31.115882885000101 ], [ -9.83923503099993, 31.117659712000101 ], [ -9.83778126299995, 31.118036614000101 ], [ -9.837242829999919, 31.119382695000098 ], [ -9.837787722999909, 31.120420599000099 ], [ -9.837512046999899, 31.121159522000099 ], [ -9.83698772299994, 31.1213205990001 ], [ -9.836587722999919, 31.121720599000099 ], [ -9.83549742799994, 31.123623933000101 ], [ -9.834887723999939, 31.125120599000098 ], [ -9.835087723999949, 31.126720599000102 ], [ -9.835650941999919, 31.127707395000101 ], [ -9.83638133899996, 31.129505223000098 ], [ -9.83740435999994, 31.131012834 ], [ -9.838481224999949, 31.1327896610001 ], [ -9.839504246999921, 31.135158764 ], [ -9.84018772399992, 31.137520599000101 ], [ -9.839827305999959, 31.140220028 ], [ -9.83955808999991, 31.1430737200001 ], [ -9.83872121399992, 31.14625184 ], [ -9.83789224099991, 31.147203624 ], [ -9.838199267999929, 31.148032598 ], [ -9.83669483499995, 31.150734437 ], [ -9.835804454999961, 31.151962546 ], [ -9.834484237999961, 31.153098547000099 ], [ -9.83358772399993, 31.154020599 ], [ -9.83368772299991, 31.154520599000101 ], [ -9.83377807599993, 31.154664386 ], [ -9.834453534999909, 31.155186332000099 ], [ -9.834422832999911, 31.155554765000101 ], [ -9.83356315699996, 31.155124926 ], [ -9.833096901999911, 31.1553499780001 ], [ -9.83191234999993, 31.1571806480001 ], [ -9.831158544999941, 31.158149827 ], [ -9.831751695999911, 31.1605900110001 ], [ -9.830830614999909, 31.161633904 ], [ -9.83056626899992, 31.1632110900001 ], [ -9.83094317199993, 31.164287956000098 ], [ -9.83107623699993, 31.1646120680001 ], [ -9.831905209999951, 31.164765582000101 ], [ -9.832766278999941, 31.164995480000101 ], [ -9.831701682999951, 31.165393738 ], [ -9.83128544099992, 31.165563659 ], [ -9.830984127999949, 31.165686663000098 ], [ -9.830835484999909, 31.166064782 ], [ -9.83137391799994, 31.166657058000101 ], [ -9.830512425999929, 31.167195491000101 ], [ -9.829404699999939, 31.168101811 ], [ -9.827961242999949, 31.167680200000099 ], [ -9.82517384699992, 31.170932161000099 ], [ -9.822563493999951, 31.175500279000101 ], [ -9.81886549399991, 31.18267875 ], [ -9.817342787999911, 31.1859416920001 ], [ -9.817342787999911, 31.188769574 ], [ -9.816255140999941, 31.190292280000101 ], [ -9.815385022999919, 31.194860398000099 ], [ -9.81690772899992, 31.197905810000101 ], [ -9.818469015999939, 31.197757116 ], [ -9.818882286999949, 31.1981015090001 ], [ -9.821143702999899, 31.198047666 ], [ -9.821789820999919, 31.198801471000099 ], [ -9.822291063999961, 31.199866874000101 ], [ -9.82227440999992, 31.2023012810001 ], [ -9.82292052899993, 31.203055087000099 ], [ -9.822880288999951, 31.203588033000099 ], [ -9.82290689899992, 31.203915180000099 ], [ -9.822755798999941, 31.204218580000099 ], [ -9.82223385199995, 31.204157175 ], [ -9.821926824999929, 31.205262473000101 ], [ -9.82229525799994, 31.205630905000099 ], [ -9.822220566999929, 31.205962621000101 ], [ -9.821628291999961, 31.2064472110001 ], [ -9.82200519399993, 31.207201016000099 ], [ -9.82247947399992, 31.207595879000099 ], [ -9.82266368999996, 31.208823988000098 ], [ -9.82248978299992, 31.208977843000099 ], [ -9.82410508099991, 31.211670005000101 ], [ -9.823431257999911, 31.2118328550001 ], [ -9.823458960999909, 31.2123161230001 ], [ -9.82313590199993, 31.2122622800001 ], [ -9.822543626999961, 31.213285302000099 ], [ -9.821789820999919, 31.214039108000101 ], [ -9.82205903799991, 31.2144698530001 ], [ -9.82189750799995, 31.215331345 ], [ -9.82054520199995, 31.215578588000099 ], [ -9.82002325599996, 31.215271560000101 ], [ -9.81977653499996, 31.215660360000101 ], [ -9.81910217399991, 31.2157321010001 ], [ -9.818825849999939, 31.215854912000101 ], [ -9.81925568799994, 31.216837399 ], [ -9.820049983999921, 31.217305281000101 ], [ -9.82103644599994, 31.2184953460001 ], [ -9.82090122099993, 31.2188356270001 ], [ -9.82088293299995, 31.219170806000101 ], [ -9.82045309399996, 31.21944713 ], [ -9.820514498999961, 31.2197541580001 ], [ -9.81980833699993, 31.2197848600001 ], [ -9.81993114799991, 31.220214699000099 ], [ -9.819624120999951, 31.220122590000098 ], [ -9.819746930999941, 31.220675239000101 ], [ -9.81925568799994, 31.220675239000101 ], [ -9.819286390999929, 31.2209822670001 ], [ -9.81909765899991, 31.221361788000099 ], [ -9.817966173999929, 31.223162160000101 ], [ -9.818181092999909, 31.2237455120001 ], [ -9.817880001999921, 31.2241645910001 ], [ -9.81793547099994, 31.2244209710001 ], [ -9.817597740999931, 31.2244209710001 ], [ -9.81704509199994, 31.225434161000098 ], [ -9.816891578999959, 31.226478054 ], [ -9.817597740999931, 31.228903569000099 ], [ -9.81845741799992, 31.229855354000101 ], [ -9.81864163299991, 31.2309606520001 ], [ -9.819439903999919, 31.2310834630001 ], [ -9.819317093999929, 31.231851031000101 ], [ -9.81990044499992, 31.232649301 ], [ -9.82063961099993, 31.2335079630001 ], [ -9.819270899999941, 31.238640630000098 ], [ -9.81775157799996, 31.2410145700001 ], [ -9.81785926399994, 31.242091434000098 ], [ -9.81791310799991, 31.243383672 ], [ -9.81705161599996, 31.244568223 ], [ -9.81640549699995, 31.244891283000101 ], [ -9.815436318999961, 31.2470450120001 ], [ -9.81478772299994, 31.246920599000099 ], [ -9.814682512999919, 31.247583444 ], [ -9.814501065999931, 31.248526971 ], [ -9.81320972899994, 31.2488076960001 ], [ -9.81320972899994, 31.251635579 ], [ -9.81308214699993, 31.252528655 ], [ -9.813013373999921, 31.252644709 ], [ -9.81215188099992, 31.2536677300001 ], [ -9.81172113499991, 31.254959968 ], [ -9.81123654599992, 31.255390714 ], [ -9.81085233099992, 31.256773890000101 ], [ -9.80994678799993, 31.257291344000102 ], [ -9.808641610999929, 31.259031579000101 ], [ -9.807118904999919, 31.261641932000099 ], [ -9.80537866999993, 31.2657749910001 ], [ -9.80537866999993, 31.268167815000101 ], [ -9.80015796299995, 31.277739110000098 ], [ -9.797330080999931, 31.289268169000099 ], [ -9.798549357999949, 31.290182627 ], [ -9.79861995999994, 31.290756565 ], [ -9.799191029999919, 31.292184242000101 ], [ -9.79949694899994, 31.29241519 ], [ -9.79926998199994, 31.292944783000099 ], [ -9.800026540999911, 31.293474374000098 ], [ -9.79949694899994, 31.293587859000102 ], [ -9.79944487699993, 31.295019337 ], [ -9.799014131999909, 31.295665456000101 ], [ -9.798853872999929, 31.298165046000101 ], [ -9.79858907799991, 31.298959434 ], [ -9.798551248999949, 31.300623866000102 ], [ -9.797416409999929, 31.304331009000101 ], [ -9.79696247399994, 31.3059576130001 ], [ -9.797038129999921, 31.306638516000099 ], [ -9.797117672999949, 31.30792024 ], [ -9.797038129999921, 31.308529917 ], [ -9.796697676999941, 31.3094377880001 ], [ -9.797151612999929, 31.310799596 ], [ -9.797038129999921, 31.31166964 ], [ -9.79718944099994, 31.313220588 ], [ -9.79686373399994, 31.314387707 ], [ -9.79610259299994, 31.323901962 ], [ -9.79601053499994, 31.326203412 ], [ -9.795999661999931, 31.3264752410001 ], [ -9.795908370999941, 31.3287575290001 ], [ -9.79796053199993, 31.3313227310001 ], [ -9.79823904299991, 31.33167087 ], [ -9.79819244599992, 31.33271912 ], [ -9.798190535999939, 31.332762083 ], [ -9.79785059799991, 31.341770450000102 ], [ -9.79882171099996, 31.352646921000101 ], [ -9.80003120199996, 31.355200291000099 ], [ -9.800215680999941, 31.356420158 ], [ -9.800225759999931, 31.356435141000102 ], [ -9.80119920899995, 31.3585385260001 ], [ -9.802081658999951, 31.360387034 ], [ -9.80271263299994, 31.364397452 ], [ -9.80279549699992, 31.3663832760001 ], [ -9.80436594099996, 31.369666932000101 ], [ -9.80596639099991, 31.371504607000102 ], [ -9.80893450699995, 31.377233618 ], [ -9.81193262799991, 31.379517900000099 ], [ -9.815330640999949, 31.383722554000101 ], [ -9.81824398099991, 31.3852763350001 ], [ -9.820046488999941, 31.384578591 ], [ -9.8202131509999, 31.384657536000098 ], [ -9.821512841999949, 31.385358574000101 ], [ -9.82382034999995, 31.3858881660001 ], [ -9.82624134199995, 31.385396402000101 ], [ -9.829835000999941, 31.3861907900001 ], [ -9.83274775699994, 31.3859259940001 ], [ -9.83539571599994, 31.386644726 ], [ -9.837816707999931, 31.387514770000099 ], [ -9.84050331399993, 31.388060498000101 ], [ -9.84167516399992, 31.38883875 ], [ -9.84254520699994, 31.3898601060001 ], [ -9.84284783099992, 31.391070601000099 ], [ -9.84116472199992, 31.393997947000098 ], [ -9.839546688999921, 31.3976147270001 ], [ -9.839178515999951, 31.4003762880001 ], [ -9.83683317999993, 31.402759451000101 ], [ -9.83528223199994, 31.405483068000098 ], [ -9.834787766999909, 31.410463817 ], [ -9.83355044699994, 31.414270955000099 ], [ -9.824984387999899, 31.421980408000099 ], [ -9.822319390999951, 31.423408085000101 ], [ -9.81908332399991, 31.425787546 ], [ -9.81546654299996, 31.429023613000101 ], [ -9.814990651999951, 31.430641647000101 ], [ -9.80865132399992, 31.435783291000099 ], [ -9.80626815999995, 31.438204283000101 ], [ -9.80517114899993, 31.440133511000099 ], [ -9.803998480999949, 31.4424788460001 ], [ -9.802236740999939, 31.443585914 ], [ -9.80101006899991, 31.444445902 ], [ -9.79881604499991, 31.446148161000099 ], [ -9.797858531999911, 31.448535193000101 ], [ -9.79620591399993, 31.450044445000099 ], [ -9.796130256999961, 31.451481909000101 ], [ -9.792007005999951, 31.455075569000101 ], [ -9.79022908999991, 31.457193936000099 ], [ -9.787957539999921, 31.460375147 ], [ -9.78773244299992, 31.461922436000101 ], [ -9.788602486999929, 31.4635112120001 ], [ -9.787316334999961, 31.465402611000101 ], [ -9.78542493499992, 31.4669157310001 ], [ -9.786068010999941, 31.467369667000099 ], [ -9.78353353499995, 31.469677175000101 ], [ -9.782442645999939, 31.4718909330001 ], [ -9.780999059999941, 31.4736491140001 ], [ -9.780129015999931, 31.475540514 ], [ -9.778061415999961, 31.4798489 ], [ -9.776381477999911, 31.486286696 ], [ -9.776232732999921, 31.48787244 ], [ -9.774568300999929, 31.4895747 ], [ -9.77226079299993, 31.49089868 ], [ -9.770293736999919, 31.492147003000099 ], [ -9.767671594999911, 31.4941961950001 ], [ -9.766427165999909, 31.496525627 ], [ -9.765789063999931, 31.498106156000102 ], [ -9.765403104999899, 31.501061106000101 ], [ -9.765425836999951, 31.502563053000099 ], [ -9.766918014999931, 31.5051547290001 ], [ -9.767408861999909, 31.5063229470001 ], [ -9.767929159999939, 31.507500980000099 ], [ -9.768282570999929, 31.507854391000102 ], [ -9.76915627899996, 31.508698649000099 ], [ -9.77161051799993, 31.509827598000101 ], [ -9.77234678999992, 31.509886501 ], [ -9.772720465999949, 31.509524519000099 ], [ -9.773691711999961, 31.508070364 ], [ -9.77411384199991, 31.5077071370001 ], [ -9.774535969999929, 31.507275191000101 ], [ -9.77465377399994, 31.507275191000101 ], [ -9.77425127799995, 31.507667869 ], [ -9.774351721999951, 31.507768625 ], [ -9.774555603999939, 31.507589334 ], [ -9.774634139999931, 31.5075991500001 ], [ -9.77439853299995, 31.507795489 ], [ -9.77459487099992, 31.508011462000098 ], [ -9.77430036299995, 31.508482676000099 ], [ -9.774225728999911, 31.508491551000098 ], [ -9.77419237699991, 31.508541578000099 ], [ -9.773878233999939, 31.508433591000099 ], [ -9.773752581999929, 31.508628291 ], [ -9.773966586999959, 31.508885171000099 ], [ -9.773593542999951, 31.509493823000099 ], [ -9.77405493899994, 31.509788331 ], [ -9.77429054599992, 31.509376019000101 ], [ -9.77417274299995, 31.509189497000101 ], [ -9.774309961999959, 31.5091209980001 ], [ -9.77439853299995, 31.509209131 ], [ -9.77460468899994, 31.508914622000098 ], [ -9.774899196999909, 31.509022609000102 ], [ -9.77522315699991, 31.508463042000098 ], [ -9.77513480499994, 31.508413957000101 ], [ -9.775242790999931, 31.5082667030001 ], [ -9.77522711499995, 31.5076605080001 ], [ -9.77529187499994, 31.507638418000099 ], [ -9.77530169299996, 31.507589334 ], [ -9.77515443799996, 31.507618784 ], [ -9.77510535299996, 31.507451896000099 ], [ -9.77507590199991, 31.507373361000099 ], [ -9.775036634999941, 31.507235923000099 ], [ -9.77530169299996, 31.507196655000101 ], [ -9.775282057999959, 31.507108302000098 ], [ -9.77516425499994, 31.507088669 ], [ -9.775227027999961, 31.5070212850001 ], [ -9.775340959999941, 31.506941414 ], [ -9.77530169299996, 31.506656723 ], [ -9.775282057999959, 31.506293495000101 ], [ -9.775203522999959, 31.505802648 ], [ -9.775409678999949, 31.505812465000101 ], [ -9.775507848999951, 31.506764709 ], [ -9.77557656699992, 31.50850231 ], [ -9.775183888999949, 31.509150229000099 ], [ -9.775183888999949, 31.509336751 ], [ -9.77516425499994, 31.509474188000102 ], [ -9.77507590199991, 31.5096214430001 ], [ -9.774938464999931, 31.509680344000099 ], [ -9.77476878299996, 31.509782943000101 ], [ -9.774369081999909, 31.510416616 ], [ -9.77378006399994, 31.510190826 ], [ -9.77357390799995, 31.510485334000101 ], [ -9.773878233999939, 31.510475518000099 ], [ -9.773966586999959, 31.510269362000098 ], [ -9.7740156719999, 31.510288995000099 ], [ -9.77389786899994, 31.510514785000101 ], [ -9.77349537299995, 31.510612955000099 ], [ -9.77280229599995, 31.5117845760001 ], [ -9.773014128999931, 31.512070563000101 ], [ -9.77282952199994, 31.512356315000101 ], [ -9.773066003999929, 31.5126786800001 ], [ -9.772883972999921, 31.5130369570001 ], [ -9.773129003999941, 31.513635923 ], [ -9.773020100999929, 31.5145615960001 ], [ -9.77293842499995, 31.515215012000098 ], [ -9.77266616799994, 31.515705074 ], [ -9.771878283999911, 31.5158710030001 ], [ -9.771849396999929, 31.5161951370001 ], [ -9.771631591999951, 31.516331265000101 ], [ -9.771359334999939, 31.5169574560001 ], [ -9.77097817499993, 31.516685199000101 ], [ -9.770542563999919, 31.517420293 ], [ -9.77043366099991, 31.5173658410001 ], [ -9.770814820999931, 31.516494619000099 ], [ -9.769846905999939, 31.5157692350001 ], [ -9.76934463499992, 31.515977331 ], [ -9.76882734599991, 31.516821327000098 ], [ -9.767466061999929, 31.517202487000102 ], [ -9.76577806999995, 31.518182611 ], [ -9.76542413599992, 31.518781577000102 ], [ -9.76556026399993, 31.519516671000101 ], [ -9.766023099999931, 31.520033958000099 ], [ -9.76583252099994, 31.520524021000099 ], [ -9.76556026399993, 31.520687374000101 ], [ -9.76556026399993, 31.520224538 ], [ -9.765179103999911, 31.519925055 ], [ -9.76474349299991, 31.519543896000101 ], [ -9.76419719499995, 31.5198652750001 ], [ -9.76338220899993, 31.519598347000102 ], [ -9.762641363999929, 31.519727995 ], [ -9.762502065999911, 31.519484223000099 ], [ -9.75958872499996, 31.521814895 ], [ -9.75725805299993, 31.524534013 ], [ -9.754538934999911, 31.5264762400001 ], [ -9.75143137199996, 31.5299722490001 ], [ -9.75007181299992, 31.531137585000099 ], [ -9.748906476999929, 31.5319144760001 ], [ -9.748160398999911, 31.5327020020001 ], [ -9.74541046799993, 31.5356047070001 ], [ -9.740166454999949, 31.539683384000099 ], [ -9.73317443799993, 31.5464811780001 ], [ -9.72482286199994, 31.555803868000101 ], [ -9.712198385999949, 31.57173013 ], [ -9.712324231999959, 31.572862741000101 ], [ -9.706181044999941, 31.580692784000099 ], [ -9.70613927499994, 31.580684221000102 ], [ -9.70307731699995, 31.584613283000099 ], [ -9.70201551599996, 31.585865664 ], [ -9.700381973999921, 31.587281400000101 ], [ -9.695426899999919, 31.593134922 ], [ -9.692894910999939, 31.596783164 ], [ -9.69215981799994, 31.5982261250001 ], [ -9.69112524199994, 31.598852316 ], [ -9.690090664999961, 31.600540309000099 ], [ -9.690180789999941, 31.601202463 ], [ -9.68995453699995, 31.601765465000099 ], [ -9.68913776699992, 31.602119398000099 ], [ -9.68686964999995, 31.604948102 ], [ -9.685680103999911, 31.608816917000102 ], [ -9.684945010999909, 31.611621162000102 ], [ -9.684754430999931, 31.612927995000099 ], [ -9.683567536999931, 31.6145242300001 ], [ -9.68295753599995, 31.616276755000101 ], [ -9.68195018599994, 31.617692490000099 ], [ -9.68168061499995, 31.618392421000099 ], [ -9.681256057999921, 31.619524573 ], [ -9.68059563499992, 31.620420862000099 ], [ -9.679363077999939, 31.6221072220001 ], [ -9.678689051999919, 31.623623779000098 ], [ -9.67767801299993, 31.62547735 ], [ -9.676582721999919, 31.629352998000101 ], [ -9.67592550299992, 31.633534968 ], [ -9.675783984999949, 31.635233198 ], [ -9.67582444299995, 31.637694065000101 ], [ -9.67658592599992, 31.638912695 ], [ -9.67708824099992, 31.6400531550001 ], [ -9.677762266999929, 31.641822473 ], [ -9.67742525399996, 31.6437602970001 ], [ -9.677762266999929, 31.646203640000099 ], [ -9.67708824099992, 31.6488154890001 ], [ -9.676666974999931, 31.650837566000099 ], [ -9.675992948999919, 31.653196656 ], [ -9.676666974999931, 31.6555557460001 ], [ -9.676582721999919, 31.657072304000099 ], [ -9.67641421599996, 31.658251848000099 ], [ -9.67700398799991, 31.660189672000101 ], [ -9.67726305299993, 31.661672113000101 ], [ -9.67691, 31.662544359 ], [ -9.676868464999931, 31.6634996760001 ], [ -9.676515412999951, 31.664891117000099 ], [ -9.67658592599992, 31.665706985 ], [ -9.676582721999919, 31.666845676 ], [ -9.67464489799994, 31.673670186 ], [ -9.67574018999994, 31.677293074000101 ], [ -9.67512356199995, 31.679764553 ], [ -9.674557484999919, 31.6841516460001 ], [ -9.67400251199996, 31.689147874000099 ], [ -9.67518627499993, 31.689542461000102 ], [ -9.676919734999959, 31.690520828 ], [ -9.67700398799991, 31.693216931000102 ], [ -9.67700398799991, 31.695744527 ], [ -9.676621098999931, 31.697000995000099 ], [ -9.67675122899993, 31.6976823510001 ], [ -9.675150416999941, 31.698693389000098 ], [ -9.67452170699994, 31.700268599000101 ], [ -9.67312833999995, 31.700799719000099 ], [ -9.66955467299994, 31.702583408000098 ], [ -9.657976049999951, 31.711178728 ], [ -9.65417136799994, 31.715291272000101 ], [ -9.650839317999949, 31.717287748 ], [ -9.64799906099995, 31.718776662 ], [ -9.64564040799991, 31.7221731210001 ], [ -9.64346732099995, 31.724613016 ], [ -9.642055256999919, 31.727598021000102 ], [ -9.641604789999921, 31.727651321000099 ], [ -9.64150095099995, 31.728087444 ], [ -9.641023292999931, 31.7281289790001 ], [ -9.641085595999931, 31.728752013000101 ], [ -9.64047412299993, 31.7287676400001 ], [ -9.640130278999949, 31.729021993000099 ], [ -9.64008874299992, 31.729416582000098 ], [ -9.639590316999939, 31.730143453 ], [ -9.63956954799994, 31.730558809000101 ], [ -9.638661697999909, 31.730717400000099 ], [ -9.63805350099994, 31.7318879460001 ], [ -9.637617377999961, 31.732822496 ], [ -9.63678666699991, 31.733777813000099 ], [ -9.635403856999909, 31.735617438000101 ], [ -9.63053939699995, 31.739802491 ], [ -9.62823034499991, 31.743185613 ], [ -9.62766183999992, 31.743906546000101 ], [ -9.62653532499991, 31.745193567000101 ], [ -9.62517748399995, 31.745740049000101 ], [ -9.62384759299994, 31.7467288920001 ], [ -9.62385991599996, 31.746811046000101 ], [ -9.62274727399995, 31.748877379000099 ], [ -9.621475683999959, 31.750943713000101 ], [ -9.62110538899992, 31.750735422 ], [ -9.618610252999931, 31.753307331000101 ], [ -9.615685523999961, 31.7564207520001 ], [ -9.61464771799996, 31.7571755200001 ], [ -9.608468048999949, 31.762081518000102 ], [ -9.606816991999951, 31.764723208000099 ], [ -9.60592070399991, 31.765666669 ], [ -9.606112669999961, 31.766383213 ], [ -9.60517811999995, 31.768667668 ], [ -9.602872896999941, 31.77088982 ], [ -9.60125301099993, 31.772343563 ], [ -9.59941082399996, 31.775054105 ], [ -9.595353941999919, 31.778450564000099 ], [ -9.59162727099994, 31.783026349000099 ], [ -9.58837033699996, 31.7863012860001 ], [ -9.58570233699993, 31.7879814070001 ], [ -9.58355313199991, 31.789624915 ], [ -9.58330040899995, 31.7926386970001 ], [ -9.581403927999929, 31.795313985000099 ], [ -9.582395063999909, 31.797165418000102 ], [ -9.58040330699993, 31.799700382000101 ], [ -9.57515230899992, 31.802597484 ], [ -9.57307001699991, 31.80495138 ], [ -9.571168793999959, 31.806852603 ], [ -9.563020694999921, 31.813642686 ], [ -9.556502214999909, 31.817988339000099 ], [ -9.555777939999929, 31.820161165000101 ], [ -9.551975492999929, 31.825050025000099 ], [ -9.542559910999961, 31.833198124 ], [ -9.53694677699991, 31.839173397000099 ], [ -9.529976480999951, 31.845156817000099 ], [ -9.525711810999949, 31.8504774990001 ], [ -9.525183803999941, 31.8523864470001 ], [ -9.525265035999951, 31.8533612290001 ], [ -9.525996121999921, 31.8558387990001 ], [ -9.524265496999931, 31.8547804600001 ], [ -9.52429421699992, 31.854822561 ], [ -9.52591489099996, 31.8558794140001 ], [ -9.52546811599996, 31.856691733 ], [ -9.52502133999991, 31.85750405 ], [ -9.52502133999991, 31.8578695940001 ], [ -9.52469641299996, 31.8578695940001 ], [ -9.523518551999929, 31.859047455000098 ], [ -9.52288030599993, 31.859488563000099 ], [ -9.522828081999929, 31.859859773 ], [ -9.522421922999911, 31.8598191570001 ], [ -9.521244061999941, 31.8608345540001 ], [ -9.52108159799991, 31.8617281050001 ], [ -9.52038247699994, 31.861943754 ], [ -9.519132034999931, 31.862784118 ], [ -9.51742616699994, 31.863474588000098 ], [ -9.51742616699994, 31.864083827000101 ], [ -9.51754801499993, 31.864611834000101 ], [ -9.517060623999949, 31.864855528000099 ], [ -9.51679621999995, 31.8650741820001 ], [ -9.516857543999951, 31.8653023040001 ], [ -9.516248305999911, 31.865545999000101 ], [ -9.51576091499993, 31.865911542 ], [ -9.51519229199994, 31.86672386 ], [ -9.515476603999961, 31.867292483000099 ], [ -9.51515850799996, 31.867437310000099 ], [ -9.514826748999949, 31.867170635 ], [ -9.51458305399996, 31.867495563 ], [ -9.51425812699995, 31.867454947000098 ], [ -9.514176894999929, 31.867901722000099 ], [ -9.513770735999911, 31.8677392580001 ], [ -9.51319451899991, 31.868331502 ], [ -9.51247102699995, 31.868023569000101 ], [ -9.51009880299995, 31.868824635000099 ], [ -9.50985433099993, 31.870040606000099 ], [ -9.506622337999939, 31.872531934000101 ], [ -9.49978506199994, 31.878188427000101 ], [ -9.494884341999921, 31.883173301000099 ], [ -9.493056625999939, 31.8854884070001 ], [ -9.493422169999921, 31.886138261 ], [ -9.493178473999929, 31.887031811 ], [ -9.491188294999921, 31.889184454000102 ], [ -9.48566453299992, 31.893936514000099 ], [ -9.482902650999961, 31.896657779000101 ], [ -9.48014076899995, 31.899175965 ], [ -9.47518562999994, 31.903481251000098 ], [ -9.47013236199996, 31.907617431000102 ], [ -9.469770223999941, 31.9097902570001 ], [ -9.464700295999929, 31.915765531000101 ], [ -9.46053571199991, 31.920835459 ], [ -9.45924424299994, 31.922062355 ], [ -9.437387758999931, 31.902575850000101 ], [ -9.432027612999949, 31.904362566000099 ], [ -9.42550535399994, 31.906896725000099 ], [ -9.421871992999909, 31.905534214000099 ], [ -9.418714577999941, 31.905905675 ], [ -9.418483932999949, 31.898525031000101 ], [ -9.416520998999941, 31.8913276050001 ], [ -9.41698772399991, 31.888620599 ], [ -9.416945446999931, 31.887352315 ], [ -9.413893003999929, 31.887182735000099 ], [ -9.40849191099994, 31.886102517 ], [ -9.39418772399995, 31.903120599000101 ], [ -9.39156264299992, 31.904105004000101 ], [ -9.39147846799994, 31.9036560690001 ], [ -9.384186991999901, 31.887182735000099 ], [ -9.38144516499994, 31.884288584 ], [ -9.378245789999941, 31.881781642000099 ], [ -9.37278772399992, 31.877220599000101 ], [ -9.358686835999951, 31.868802732000098 ], [ -9.357245884999941, 31.868089699000102 ], [ -9.35342446999994, 31.866362057000099 ], [ -9.348687723999941, 31.864220599000099 ], [ -9.337197482999949, 31.862337707000101 ], [ -9.323424694999909, 31.8825918060001 ], [ -9.308841743999951, 31.889883282000099 ], [ -9.295879120999929, 31.888533008000099 ], [ -9.263202507999949, 31.889073118000098 ], [ -9.252940430999949, 31.8955544290001 ], [ -9.235812520999961, 31.899071699 ], [ -9.22620501999995, 31.9009555220001 ], [ -9.21458772399995, 31.921920599000099 ], [ -9.21418772399994, 31.923220599 ], [ -9.210387723999929, 31.926420599 ], [ -9.205787722999951, 31.928920599 ], [ -9.200009718999921, 31.931741753 ], [ -9.19055780599996, 31.9398433920001 ], [ -9.173814417999949, 31.9290412060001 ], [ -9.15975237499992, 31.920355827 ], [ -9.15208772399995, 31.915320599 ], [ -9.14981065199993, 31.9134645560001 ], [ -9.145728733999929, 31.910137381000101 ], [ -9.13492654799995, 31.9023057960001 ], [ -9.13078772299991, 31.899420599000099 ] ] ] ] } },
{ "type": "Feature", "properties": { "OBJECTID": 54, "Code_Province": "08.201.", "Population": 418451, "Menages": 75264, "Etrangers": 212, "Marocains": 418239, "Nom_Provinces": "ERRACHIDIA", "Code_Region": "08.", "Superficie_Ha": 3689341.2901369301, "Shape__Area": 2.5423505114459202, "Shape__Length": 11.510283977257201, "zone_dattes": "TRUE", "zone_commune_datt_argan_txt": "FALSE" }, "geometry": { "type": "MultiPolygon", "coordinates": [ [ [ [ -3.75389563899995, 32.2028923230001 ], [ -3.67825911799991, 32.197368307000097 ], [ -3.67614859499991, 32.197476539 ], [ -3.63151744799995, 32.200342777000103 ], [ -3.60049797599993, 32.205441868 ], [ -3.58350100499996, 32.198643080000103 ], [ -3.61749494699995, 32.172297775000096 ], [ -3.63534176599995, 32.1540260310001 ], [ -3.64723964599995, 32.137029060000103 ], [ -3.63756258399991, 32.12505172 ], [ -3.63619161499992, 32.123431483 ], [ -3.61664509799994, 32.109833907000102 ], [ -3.56607910999992, 32.127255802 ], [ -3.54228334999993, 32.142978 ], [ -3.51083895399995, 32.147227243000103 ], [ -3.48534349799991, 32.144252773000098 ], [ -3.42712887199991, 32.127255802 ], [ -3.37571303499993, 32.109408982 ], [ -3.33364553199993, 32.106009588000099 ], [ -3.30984977299994, 32.125981029000101 ], [ -3.29242787699991, 32.134054590000098 ], [ -3.27118166399993, 32.146377394000098 ], [ -3.19478772399992, 32.176820599000102 ], [ -3.21869231099993, 32.1469312340001 ], [ -3.26221745999993, 32.092211142000103 ], [ -3.27100994999995, 32.022700707000098 ], [ -3.27223831699996, 32.000286160000101 ], [ -3.27056378799995, 31.9737727770001 ], [ -3.25214625899991, 31.924951709000101 ], [ -3.24194780699992, 31.901040493 ], [ -3.19345961799991, 31.813602774000099 ], [ -3.19225759199992, 31.813821324000099 ], [ -3.18471584599996, 31.814795107000101 ], [ -3.18233118099994, 31.831487762000101 ], [ -3.11198356199992, 31.841026422000098 ], [ -3.13051654499992, 31.822663467 ], [ -3.15530497699996, 31.798102451 ], [ -3.19067750799991, 31.776640466000099 ], [ -3.22130725999995, 31.754228453000099 ], [ -3.25585835299995, 31.7289471650001 ], [ -3.25148646699995, 31.714241730000101 ], [ -3.33241456799993, 31.697849104000099 ], [ -3.56323154399996, 31.653963325000099 ], [ -3.66044687699991, 31.6350757750001 ], [ -3.66461324899996, 31.633409226000101 ], [ -3.66480611199995, 31.546073537 ], [ -3.66461324899996, 31.514251004000101 ], [ -3.66484533899995, 31.485935926000099 ], [ -3.66516876499992, 31.446478029 ], [ -3.66489100699994, 31.401758976000099 ], [ -3.66239118399994, 31.398425879000101 ], [ -3.64850327899995, 31.396759330000101 ], [ -3.64739224699991, 31.393426233000099 ], [ -3.64961431099994, 31.3903708940001 ], [ -3.65350292499994, 31.385371248000101 ], [ -3.65766929599994, 31.381760393 ], [ -3.66016911899993, 31.3787050540001 ], [ -3.66377997399991, 31.378427296 ], [ -3.66905737799993, 31.386204523000099 ], [ -3.67294599099995, 31.384815732 ], [ -3.67322374899993, 31.377871780000099 ], [ -3.67572357199992, 31.374260925 ], [ -3.68127873399993, 31.370372311 ], [ -3.68822268699995, 31.369261279000099 ], [ -3.69322233199995, 31.364261633000101 ], [ -3.69822197799993, 31.364261633000101 ], [ -3.70266610699991, 31.365928182000101 ], [ -3.71155436599991, 31.362317326 ], [ -3.71155436599991, 31.358984229 ], [ -3.71238764099991, 31.354817858 ], [ -3.71349867299995, 31.35009597 ], [ -3.71460970499993, 31.347318389000101 ], [ -3.71905383499995, 31.345096325 ], [ -3.72155365799995, 31.342596502 ], [ -3.72599778699993, 31.340929953000099 ], [ -3.73155294899993, 31.3420409860001 ], [ -3.73544156299994, 31.343985292000099 ], [ -3.73794138499994, 31.348151664000099 ], [ -3.73933017599995, 31.355095616000099 ], [ -3.74071896599992, 31.358428713000102 ], [ -3.74417693799995, 31.360806069 ], [ -3.74516309599994, 31.361484052 ], [ -3.74988498299996, 31.360928536000099 ], [ -3.75129411299991, 31.357393000000101 ], [ -3.75238480599995, 31.353984584 ], [ -3.75766220999992, 31.347040631000102 ], [ -3.75738445199994, 31.342596502 ], [ -3.75432911299993, 31.339541163 ], [ -3.75599566199992, 31.33704134 ], [ -3.76127306499995, 31.335930308000101 ], [ -3.76405064599993, 31.334541517 ], [ -3.76405064599993, 31.331486178 ], [ -3.76155082299994, 31.326764290000099 ], [ -3.76071754899993, 31.323431193000101 ], [ -3.76099530699991, 31.314265176 ], [ -3.76266185599991, 31.3109320790001 ], [ -3.7668282269999, 31.308987772000101 ], [ -3.77182787299995, 31.30787674 ], [ -3.77460545399992, 31.305654675000099 ], [ -3.77766079299994, 31.303432611000101 ], [ -3.77904958299996, 31.2995439970001 ], [ -3.78266043899992, 31.2967664160001 ], [ -3.78543801899991, 31.293433319000101 ], [ -3.78543801899991, 31.288989190000098 ], [ -3.78266043899992, 31.286767125 ], [ -3.77432769599994, 31.291766771000098 ], [ -3.77321666299991, 31.286767125 ], [ -3.77293890499993, 31.280934205000101 ], [ -3.76960580799994, 31.2784343820001 ], [ -3.76377288799995, 31.27871214 ], [ -3.75627341999996, 31.282045237 ], [ -3.75460687099991, 31.279267656000101 ], [ -3.75516238699993, 31.276490075000101 ], [ -3.75682893599992, 31.271768188000099 ], [ -3.75849548399992, 31.263713203000101 ], [ -3.76155082299994, 31.2614911380001 ], [ -3.76543943699994, 31.2601023480001 ], [ -3.76821701799992, 31.259269074000098 ], [ -3.77349442099995, 31.256213735000099 ], [ -3.77627200199993, 31.252325121000101 ], [ -3.77766079299994, 31.251769605 ], [ -3.78293819699991, 31.248992024000099 ], [ -3.77960509999991, 31.245103411000098 ], [ -3.77960509999991, 31.242325830000102 ], [ -3.78404922899994, 31.2414925560001 ], [ -3.78682680999992, 31.238159458 ], [ -3.79043766499996, 31.23649291 ], [ -3.78349371299993, 31.226215860000099 ], [ -3.78238267999996, 31.222049489000099 ], [ -3.77960509999991, 31.220660698000099 ], [ -3.77543872799993, 31.2231605210001 ], [ -3.77266114699995, 31.2231605210001 ], [ -3.77182787299995, 31.218438634000101 ], [ -3.77349442099995, 31.216216569 ], [ -3.77349442099995, 31.211216923000102 ], [ -3.76960580799994, 31.2076060680001 ], [ -3.76710598499994, 31.1978845350001 ], [ -3.76599495299996, 31.192329373000099 ], [ -3.7668282269999, 31.1876074850001 ], [ -3.76655046899992, 31.1848299040001 ], [ -3.75932875899991, 31.180108017000101 ], [ -3.75932875899991, 31.176219403000101 ], [ -3.76405064599993, 31.167608903000101 ], [ -3.76793925999993, 31.160387192000101 ], [ -3.77377217999992, 31.1551097880001 ], [ -3.77682751899994, 31.148999110000101 ], [ -3.77751935199995, 31.1440144970001 ], [ -3.7748832119999, 31.135666722000099 ], [ -3.77627200199993, 31.127611737000102 ], [ -3.77793855099992, 31.123723124 ], [ -3.77766079299994, 31.117890204 ], [ -3.77682751899994, 31.107613154 ], [ -3.77766079299994, 31.104280057 ], [ -3.7748832119999, 31.1012247180001 ], [ -3.77210563099993, 31.104557815000099 ], [ -3.77377217999992, 31.116501413 ], [ -3.77210563099993, 31.1198345100001 ], [ -3.76905029199992, 31.122056575 ], [ -3.76543943699994, 31.123167607000099 ], [ -3.76099530699991, 31.125945188000099 ], [ -3.75571790299995, 31.1270562210001 ], [ -3.75266256399993, 31.124278640000099 ], [ -3.74599636999994, 31.126222947000102 ], [ -3.74409173899994, 31.12560791 ], [ -3.74099672399995, 31.124834156000102 ], [ -3.73821914299992, 31.121501059000099 ], [ -3.73710811099994, 31.118723478 ], [ -3.73349725599991, 31.1153903810001 ], [ -3.73044191699995, 31.117334687 ], [ -3.72988640099993, 31.119556752000101 ], [ -3.72877536799996, 31.125111914000101 ], [ -3.72572002899994, 31.127889495000101 ], [ -3.72433123899992, 31.13011156 ], [ -3.72322020599995, 31.13594448 ], [ -3.7254422709999, 31.138722061000099 ], [ -3.72960864299995, 31.140388609000102 ], [ -3.73349725599991, 31.14316619 ], [ -3.73377501399994, 31.146499287 ], [ -3.72960864299995, 31.1467770450001 ], [ -3.72322020599995, 31.146499287 ], [ -3.72099814199993, 31.147332562000098 ], [ -3.71822056099995, 31.1509434170001 ], [ -3.71405418899991, 31.151776691000101 ], [ -3.71044333399993, 31.154276514000099 ], [ -3.70794351099994, 31.151221175 ], [ -3.70738799499992, 31.142332916 ], [ -3.70599920499995, 31.1481658360001 ], [ -3.70488817199993, 31.152609965000099 ], [ -3.70544368799994, 31.154554272 ], [ -3.70822126899992, 31.158442885000099 ], [ -3.71210988299992, 31.162609257 ], [ -3.71405418899991, 31.165942354 ], [ -3.71127660799993, 31.1692754510001 ], [ -3.70405489799992, 31.172886306000098 ], [ -3.70183283299991, 31.176219403000101 ], [ -3.69933300999992, 31.173997339 ], [ -3.70016628499991, 31.1709420000001 ], [ -3.69766646199992, 31.1623314990001 ], [ -3.69461112299996, 31.167053386000099 ], [ -3.68711165399992, 31.165664596000099 ], [ -3.68016770199995, 31.165386838000099 ], [ -3.67461253999994, 31.154554272 ], [ -3.67183495899991, 31.151498933000099 ], [ -3.67100168499991, 31.147888078000101 ], [ -3.67183495899991, 31.144277223000099 ], [ -3.67322374899993, 31.136777754 ], [ -3.67322374899993, 31.132611383 ], [ -3.67016840999992, 31.124556398 ], [ -3.67016840999992, 31.120667785000101 ], [ -3.67627908899993, 31.109001945 ], [ -3.67489029799992, 31.103724541000101 ], [ -3.67377926599994, 31.097891621000102 ], [ -3.67888595899996, 31.0915082540001 ], [ -3.67888772399994, 31.091420599000099 ], [ -3.67879515799996, 31.085990087000098 ], [ -3.67627908899993, 31.084003716 ], [ -3.67127944299994, 31.085114749000098 ], [ -3.66822410399993, 31.083725958000102 ], [ -3.66016911899993, 31.082059410000099 ], [ -3.65322516699996, 31.082614926000101 ], [ -3.64767000499995, 31.081781651000099 ], [ -3.64350363299991, 31.082614926000101 ], [ -3.64294811699994, 31.0859480230001 ], [ -3.64739224699991, 31.085392507000101 ], [ -3.65100310199995, 31.087614571000099 ], [ -3.65516947299994, 31.0859480230001 ], [ -3.65794705399992, 31.086225781000099 ], [ -3.66350221599992, 31.087336813 ], [ -3.66627979699996, 31.090392152 ], [ -3.66516876499992, 31.0942807660001 ], [ -3.66155790999994, 31.091780943000099 ], [ -3.66239118399994, 31.095114040000102 ], [ -3.66489100699994, 31.099002653000099 ], [ -3.66489100699994, 31.102335750000101 ], [ -3.66100239299993, 31.102335750000101 ], [ -3.65766929599994, 31.099002653000099 ], [ -3.65739153799995, 31.095391798 ], [ -3.65350292499994, 31.095391798 ], [ -3.65378068299992, 31.0987248950001 ], [ -3.65128085999993, 31.0984471370001 ], [ -3.64822552099992, 31.094558524 ], [ -3.64655897199992, 31.094003008000101 ], [ -3.64155932699992, 31.093725249 ], [ -3.63683743899992, 31.100113686 ], [ -3.63989277799993, 31.104002299000101 ], [ -3.64405914999992, 31.110668493 ], [ -3.64378139199994, 31.1184457200001 ], [ -3.64461466599994, 31.122056575 ], [ -3.64461466599994, 31.1298338020001 ], [ -3.64600345599996, 31.133444657 ], [ -3.65100310199995, 31.135111206000101 ], [ -3.64822552099992, 31.137333270000099 ], [ -3.64461466599994, 31.139277577000101 ], [ -3.64072605199993, 31.139277577000101 ], [ -3.63905950399993, 31.142055158000101 ], [ -3.64044829399995, 31.1451104970001 ], [ -3.64072605199993, 31.152054449 ], [ -3.64294811699994, 31.1567763370001 ], [ -3.64211484299994, 31.167053386000099 ], [ -3.63878174599995, 31.170108725 ], [ -3.63850398799991, 31.163164773000101 ], [ -3.63794847199994, 31.155387546 ], [ -3.63711519699996, 31.150387901 ], [ -3.63461537399991, 31.141499642 ], [ -3.63461537399991, 31.138444303000099 ], [ -3.63767071299992, 31.134833447000101 ], [ -3.63794847199994, 31.1298338020001 ], [ -3.63878174599995, 31.122889849 ], [ -3.63905950399993, 31.114834865 ], [ -3.63711519699996, 31.111779526000099 ], [ -3.63461537399991, 31.109835219 ], [ -3.62961572899991, 31.1070576380001 ], [ -3.62572711499996, 31.11400159 ], [ -3.62267177599995, 31.116501413 ], [ -3.61989419499991, 31.120112268000099 ], [ -3.61683885599996, 31.119278994000101 ], [ -3.61517230799996, 31.1167791710001 ], [ -3.61517230799996, 31.1142793480001 ], [ -3.61683885599996, 31.107890912000101 ], [ -3.61739437299991, 31.0998359280001 ], [ -3.61433903399995, 31.099002653000099 ], [ -3.61072817799993, 31.10094696 ], [ -3.60850611399991, 31.0987248950001 ], [ -3.60600629099991, 31.0956695560001 ], [ -3.60795059699995, 31.090947669000101 ], [ -3.60795059699995, 31.088447846000101 ], [ -3.60628404899995, 31.083170442 ], [ -3.60572853299993, 31.077059764000101 ], [ -3.60322870999994, 31.074004425000101 ], [ -3.59739578999995, 31.0745599410001 ], [ -3.59378493499992, 31.075948731 ], [ -3.59184062799994, 31.0745599410001 ], [ -3.59267390199994, 31.070949086 ], [ -3.59267390199994, 31.0659494400001 ], [ -3.59184062799994, 31.062616343000101 ], [ -3.59211838599992, 31.0590054880001 ], [ -3.58795201499993, 31.058172213 ], [ -3.58572994999992, 31.054283600000101 ], [ -3.58461891699994, 31.050950503000099 ], [ -3.58073030399992, 31.050117229000101 ], [ -3.57684169099991, 31.048172922 ], [ -3.57350859399992, 31.043728793000099 ], [ -3.57100877099992, 31.048172922 ], [ -3.57156428699994, 31.0517837770001 ], [ -3.56712015799991, 31.052894810000101 ], [ -3.56545360899992, 31.051506019 ], [ -3.56323154399996, 31.048172922 ], [ -3.55878741499993, 31.050117229000101 ], [ -3.5582318989999, 31.053172568 ], [ -3.56017620499995, 31.0573389390001 ], [ -3.56100947899995, 31.060672036000099 ], [ -3.5582318989999, 31.060672036000099 ], [ -3.55628759199993, 31.064005133000101 ], [ -3.55267673699996, 31.060949794000098 ], [ -3.55239897899992, 31.0645606500001 ], [ -3.54878812299995, 31.062060827 ], [ -3.55045467199994, 31.0545613580001 ], [ -3.54962139799994, 31.050672745 ], [ -3.55212121999995, 31.0476174060001 ], [ -3.55212121999995, 31.043728793000099 ], [ -3.55545431799993, 31.0406734540001 ], [ -3.55073242999993, 31.039840179000102 ], [ -3.54823260699993, 31.032896227 ], [ -3.54684381699991, 31.034007259000099 ], [ -3.54517726799992, 31.038173631000099 ], [ -3.54212192899996, 31.038729147000101 ], [ -3.54184417099992, 31.031229678 ], [ -3.54184417099992, 31.0192860800001 ], [ -3.53767779999993, 31.017064016000099 ], [ -3.53656676699995, 31.0137309180001 ], [ -3.53823331599994, 31.006231450000101 ], [ -3.53656676699995, 31.002620595000099 ], [ -3.54156641299994, 30.9965099170001 ], [ -3.53906658999995, 30.988454932000099 ], [ -3.54267744499992, 30.9812332210001 ], [ -3.53795555799991, 30.974289269000099 ], [ -3.54545502599995, 30.97123393 ], [ -3.54545502599995, 30.967345317000099 ], [ -3.54823260699993, 30.9640122200001 ], [ -3.54573278399994, 30.9640122200001 ], [ -3.54101089699992, 30.9626234290001 ], [ -3.54045538099996, 30.955679477 ], [ -3.54462175199995, 30.953735170000101 ], [ -3.54989915599992, 30.953179654000099 ], [ -3.55351001099996, 30.951790863 ], [ -3.55684310799995, 30.948735524000099 ], [ -3.55517655999995, 30.944846911000099 ], [ -3.55239897899992, 30.941791572000099 ], [ -3.55239897899992, 30.939291749000098 ], [ -3.55600983399995, 30.940680540000098 ], [ -3.55850965699995, 30.940402782 ], [ -3.55712086599993, 30.932347797 ], [ -3.55989844699991, 30.929570216000101 ], [ -3.56406481899995, 30.929292458000099 ], [ -3.56906446399995, 30.932070039000099 ], [ -3.5712865289999, 30.934847620000099 ], [ -3.57545289999996, 30.934014345 ], [ -3.57684169099991, 30.9301257320001 ], [ -3.57573065799994, 30.922070747000099 ], [ -3.57767496499991, 30.920126441 ], [ -3.58378564299994, 30.920959715 ], [ -3.58628546599993, 30.919293166 ], [ -3.58600770799995, 30.915404553000101 ], [ -3.58295236899994, 30.912071456 ], [ -3.58267461099996, 30.908182843000102 ], [ -3.58684098199996, 30.9045719870001 ], [ -3.59322941799991, 30.895128212000099 ], [ -3.59795130599991, 30.893183906 ], [ -3.60100664499993, 30.8962392450001 ], [ -3.60433974199992, 30.894850454 ], [ -3.60461749999996, 30.890961841 ], [ -3.60545077499995, 30.884295647 ], [ -3.60600629099991, 30.8792960010001 ], [ -3.60989490399993, 30.8792960010001 ], [ -3.61378351699994, 30.8776294520001 ], [ -3.61322800099992, 30.872907565 ], [ -3.61461679199993, 30.870407742000101 ], [ -3.61572782399992, 30.865963612000101 ], [ -3.61933867899995, 30.864297064000102 ], [ -3.62406056699996, 30.86485258 ], [ -3.62406056699996, 30.868741193000101 ], [ -3.62711590599991, 30.869574468000099 ], [ -3.62850469599994, 30.871241016000099 ], [ -3.63072676099995, 30.8734630810001 ], [ -3.63544864899995, 30.875685146000102 ], [ -3.63322658399994, 30.868185677 ], [ -3.63600416499992, 30.865963612000101 ], [ -3.63767071299992, 30.8634637900001 ], [ -3.63850398799991, 30.858741902000101 ], [ -3.64211484299994, 30.8565198370001 ], [ -3.65933584499993, 30.85179795 ], [ -3.65461395699992, 30.8481870940001 ], [ -3.65461395699992, 30.845965030000102 ], [ -3.65183637599995, 30.842631932000099 ], [ -3.65100310199995, 30.8395765930001 ], [ -3.65128085999993, 30.8351324640001 ], [ -3.65100310199995, 30.826244205000101 ], [ -3.65183637599995, 30.822911108000099 ], [ -3.65128085999993, 30.814856123000101 ], [ -3.65044758599993, 30.810134235000099 ], [ -3.65072534399991, 30.8068011380001 ], [ -3.64989206999991, 30.797357363000099 ], [ -3.64822552099992, 30.79346875 ], [ -3.64489242399992, 30.774025683 ], [ -3.64405914999992, 30.768192763000101 ], [ -3.64267035899991, 30.7673594890001 ], [ -3.63544864899995, 30.764859666000099 ], [ -3.63544864899995, 30.7629153590001 ], [ -3.63294882599996, 30.752916068 ], [ -3.62961572899991, 30.7445833250001 ], [ -3.63211555199996, 30.7418057440001 ], [ -3.63128227699991, 30.736528341000099 ], [ -3.63183779299993, 30.7290288720001 ], [ -3.63294882599996, 30.725418017 ], [ -3.63655968099994, 30.722918194 ], [ -3.63628192299996, 30.715974242000101 ], [ -3.63933726199991, 30.710974596000099 ], [ -3.64017053599991, 30.7062527080001 ], [ -3.64322587499993, 30.704030644000099 ], [ -3.64628121399994, 30.702919611000102 ], [ -3.64600345599996, 30.700975304000099 ], [ -3.64711448899993, 30.699586514000099 ], [ -3.64461466599994, 30.6909760130001 ], [ -3.64628121399994, 30.688753948000102 ], [ -3.64794776299993, 30.6837543030001 ], [ -3.65128085999993, 30.677643625000101 ], [ -3.65544723099993, 30.673199495000102 ], [ -3.65711377999992, 30.672088463000101 ], [ -3.66322445799995, 30.670421914000102 ], [ -3.67100168499991, 30.664311236000099 ], [ -3.68155649199991, 30.667922091 ], [ -3.68600062199994, 30.664866752000101 ], [ -3.68683389599994, 30.664866752000101 ], [ -3.69211129999991, 30.661811413000098 ], [ -3.69488888099994, 30.660700381000101 ], [ -3.69905525199994, 30.659311590000101 ], [ -3.70155507499993, 30.657645042000102 ], [ -3.7043326559999, 30.6568117680001 ], [ -3.70794351099994, 30.655700735 ], [ -3.71599849599994, 30.649590057000101 ], [ -3.72016486699994, 30.649034541 ], [ -3.72072038399994, 30.64764575 ], [ -3.72072038399994, 30.646256960000098 ], [ -3.72155365799995, 30.644868169000102 ], [ -3.74099672399995, 30.639313008 ], [ -3.74294103099993, 30.6398685240001 ], [ -3.74405206299991, 30.638757491 ], [ -3.74488533799996, 30.637368701000099 ], [ -3.74544085399992, 30.635979910000099 ], [ -3.74849619299994, 30.634035604000101 ], [ -3.75071825799995, 30.634035604000101 ], [ -3.75294032199991, 30.632091297 ], [ -3.75960651699995, 30.629035958000099 ], [ -3.76127306499995, 30.6287582 ], [ -3.76293961399995, 30.626813893000101 ], [ -3.76543943699994, 30.627369410000099 ], [ -3.76766150099991, 30.626536135 ], [ -3.77293890499993, 30.616259086000099 ], [ -3.77571648599991, 30.612648231 ], [ -3.77821630899996, 30.610148408 ], [ -3.78127164799992, 30.610981682 ], [ -3.78238267999996, 30.609592892000101 ], [ -3.78488250299995, 30.610148408 ], [ -3.78627129399996, 30.6087596170001 ], [ -3.78904887499993, 30.608204101000101 ], [ -3.79210421399995, 30.607093069000101 ], [ -3.79432627799991, 30.605704278000101 ], [ -3.79543731099994, 30.6043154880001 ], [ -3.79877040799994, 30.602926697 ], [ -3.80460332799993, 30.5995936 ], [ -3.80821418299996, 30.596816019000102 ], [ -3.81432486099993, 30.593205164 ], [ -3.81710244199991, 30.5904275830001 ], [ -3.81932450699992, 30.5901498250001 ], [ -3.82321311999993, 30.591260857000101 ], [ -3.82487966899993, 30.592649648000101 ], [ -3.82599070099991, 30.592649648000101 ], [ -3.83349016999995, 30.596260503000099 ], [ -3.8373787829999, 30.595704987000101 ], [ -3.84737807399995, 30.595427229000101 ], [ -3.84932238099992, 30.596538261 ], [ -3.85209996199995, 30.597649293000099 ], [ -3.85654409199992, 30.600982391000102 ], [ -3.85959943099994, 30.602093423 ], [ -3.86626562499992, 30.605704278000101 ], [ -3.87182078699993, 30.606259794 ], [ -3.88654196599992, 30.610981682 ], [ -3.89154161099992, 30.609315133000099 ], [ -3.90265193499994, 30.602648939000101 ], [ -3.90737382299994, 30.601260149 ], [ -3.90987364599994, 30.602371181000098 ], [ -3.91376225899995, 30.602093423 ], [ -3.91626208199995, 30.599315842000099 ], [ -3.91903966299992, 30.599315842000099 ], [ -3.92653913099991, 30.603759972 ], [ -3.93628533199995, 30.60265402 ], [ -3.96570302299995, 30.599315842000099 ], [ -3.99458986399992, 30.592927406000101 ], [ -3.99931175199992, 30.593205164 ], [ -4.03236496499994, 30.591260857000101 ], [ -4.10180448899996, 30.5876500020001 ], [ -4.14485699299991, 30.5859834540001 ], [ -4.25846005399995, 30.549041627000101 ], [ -4.26437373399995, 30.547203591000098 ], [ -4.25398772299991, 30.533720599 ], [ -4.30128772299991, 30.525620599 ], [ -4.36418772299993, 30.488020599 ], [ -4.38868772299992, 30.472520599000099 ], [ -4.78475154899991, 30.237463725000101 ], [ -4.76845724499992, 30.213220981000099 ], [ -4.93549540799995, 30.141361259000099 ], [ -5.03876401599996, 30.066646183 ], [ -5.12347282699994, 30.002876628000099 ], [ -5.13061120999993, 30.0020438170001 ], [ -5.13092679799996, 30.010985472000101 ], [ -5.13870137799995, 30.140885366000099 ], [ -5.13822548599995, 30.18276388 ], [ -5.13489423999994, 30.208462059000102 ], [ -5.12870764199994, 30.217504011000099 ], [ -5.12442461199993, 30.228925424000099 ], [ -5.11347909099993, 30.247485219000101 ], [ -5.09920232499991, 30.279369997000099 ], [ -5.07731128399996, 30.311730667000099 ], [ -5.03638455499993, 30.3631270240001 ], [ -5.07778717599996, 30.398818939000101 ], [ -5.11681033699995, 30.4268965790001 ], [ -5.13248772399993, 30.423520599000099 ], [ -5.14536386899994, 30.419282304 ], [ -5.16677901799994, 30.425468903000102 ], [ -5.19713502399992, 30.4491713990001 ], [ -5.21662872599995, 30.464254117000099 ], [ -5.18105578399991, 30.4811482900001 ], [ -5.14441208399995, 30.513508960000099 ], [ -5.12014158199992, 30.5358758930001 ], [ -5.09491929499995, 30.553008013000099 ], [ -5.07540771499993, 30.570140132000098 ], [ -5.05922737999992, 30.58917582 ], [ -5.03876401599996, 30.609639185 ], [ -5.01354172899994, 30.629626657000099 ], [ -4.99831317899992, 30.644379315 ], [ -4.98784354999992, 30.655324836000101 ], [ -4.972615, 30.666270356 ], [ -4.94596503599996, 30.681498907 ], [ -4.92026685799993, 30.7029140560001 ], [ -4.86173211699992, 30.734798833000099 ], [ -4.83317858499993, 30.754310414000098 ], [ -4.79320363999994, 30.802375526 ], [ -4.75751172499992, 30.8318808420001 ], [ -4.70135644499993, 30.86804865 ], [ -4.70088055299993, 30.909451271000101 ], [ -4.70421179799996, 30.953709246000098 ], [ -4.70468768999996, 30.977503856000101 ], [ -4.70554027199995, 30.9867117370001 ], [ -4.71135018099994, 31.044128764 ], [ -4.70944661199991, 31.0617367760001 ], [ -4.67923835499994, 31.092727464000099 ], [ -4.67280291299994, 31.09933226 ], [ -4.64139402799992, 31.138831312 ], [ -4.59475659199995, 31.172619659000102 ], [ -4.57952804099994, 31.190227670000102 ], [ -4.56858252099994, 31.197366053000099 ], [ -4.56270219699991, 31.204892867000101 ], [ -4.55668521599995, 31.212594603000099 ], [ -4.55573343099991, 31.231630291 ], [ -4.55640995099992, 31.237944475000099 ], [ -4.55716110799994, 31.247810626 ], [ -4.55525753899991, 31.259707931 ], [ -4.55197270299993, 31.269823592000101 ], [ -4.54478791099996, 31.2877855710001 ], [ -4.53622185099994, 31.3011105530001 ], [ -4.53146292899993, 31.310628397000102 ], [ -4.53193882099993, 31.3225257020001 ], [ -4.57381733499994, 31.324429271 ], [ -4.57568259299995, 31.324337537000101 ], [ -4.60284675899993, 31.3230015940001 ], [ -4.60531054999996, 31.320109318 ], [ -4.61308772399991, 31.312320599000099 ], [ -4.61855120199993, 31.308248936 ], [ -4.65662257799994, 31.315863211000099 ], [ -4.65859658399995, 31.3168842490001 ], [ -4.66488772399992, 31.3165205990001 ], [ -4.67423058999992, 31.310152505000101 ], [ -4.68184595799994, 31.3114331290001 ], [ -4.70563947499994, 31.316814995000101 ], [ -4.7199162409999, 31.3230015940001 ], [ -4.73704835999996, 31.324429271 ], [ -4.74894566499995, 31.328236408000102 ], [ -4.765126, 31.330615869 ], [ -4.78796882599994, 31.330615869 ], [ -4.80730817499994, 31.331882839000102 ], [ -4.81610595199993, 31.328950247000101 ], [ -4.83097758299993, 31.328355381000101 ], [ -4.84465948399992, 31.325083622000101 ], [ -4.88511032099996, 31.3194324030001 ], [ -4.90831006599995, 31.3182426720001 ], [ -4.92556115799994, 31.314970913000099 ], [ -4.93699529799994, 31.312827012000099 ], [ -4.94459684599991, 31.311401722000099 ], [ -4.96868888899991, 31.305155637 ], [ -4.98950917299993, 31.296827523 ], [ -5.00467823699995, 31.2890942750001 ], [ -5.03977528699994, 31.274222643000101 ], [ -5.07100571199993, 31.2614330410001 ], [ -5.11472830799994, 31.249238303000102 ], [ -5.12930250699992, 31.247156275000101 ], [ -5.13644088999996, 31.246561409 ], [ -5.15467359199994, 31.249996556 ], [ -5.15708772399995, 31.249320599 ], [ -5.16068772299991, 31.251120599 ], [ -5.18284037999996, 31.256971551 ], [ -5.18305314499992, 31.2573172960001 ], [ -5.21016266499993, 31.2617304730001 ], [ -5.22795592499994, 31.2617304730001 ], [ -5.22983473399995, 31.2617304730001 ], [ -5.23637825199995, 31.2635150690001 ], [ -5.23013216699991, 31.279278998000098 ], [ -5.22775270599993, 31.305453069000102 ], [ -5.21364184099991, 31.326404563 ], [ -5.20752728699995, 31.335493764 ], [ -5.18313781199993, 31.383082984000101 ], [ -5.18052721899994, 31.403766916000102 ], [ -5.17540456399996, 31.444354105000102 ], [ -5.19562998199996, 31.432159368 ], [ -5.19467534199993, 31.435841552000099 ], [ -5.18968772399995, 31.4476205990001 ], [ -5.18878903199993, 31.453574517 ], [ -5.19214500499993, 31.455937549000101 ], [ -5.20425552899991, 31.465174389000101 ], [ -5.21228620899996, 31.473799935 ], [ -5.27504449299994, 31.473502503000098 ], [ -5.29218772399992, 31.477620599000101 ], [ -5.29306250199994, 31.477722793000101 ], [ -5.31093201899995, 31.4824469180001 ], [ -5.31358274399992, 31.488852836 ], [ -5.31563881499994, 31.493999960000099 ], [ -5.33018708999992, 31.511115579 ], [ -5.35586051799993, 31.521384950000101 ], [ -5.37982238399991, 31.5312264310001 ], [ -5.39351487899995, 31.539784240000099 ], [ -5.41662096399995, 31.554332516 ], [ -5.44594613299995, 31.562390567000101 ], [ -5.45170798199996, 31.5641739960001 ], [ -5.45427532399992, 31.5877079720001 ], [ -5.45983789999991, 31.6069630420001 ], [ -5.46185219999995, 31.616171270000098 ], [ -5.46938772299995, 31.616520599000101 ], [ -5.50478772299994, 31.623720599000102 ], [ -5.52194150199995, 31.6282894080001 ], [ -5.52114185199991, 31.629636187000099 ], [ -5.51476435299992, 31.640377238 ], [ -5.49398839599991, 31.6637974080001 ], [ -5.47887860899993, 31.683817875 ], [ -5.46188009899993, 31.6966611940001 ], [ -5.43166052499993, 31.709504513000098 ], [ -5.41474926499995, 31.719973663000101 ], [ -5.39651011199993, 31.729339715 ], [ -5.3669856699999, 31.746883224 ], [ -5.35586051799993, 31.759292047000098 ], [ -5.34687481799994, 31.761003609000099 ], [ -5.3182061569999, 31.772984542000099 ], [ -5.30708100499993, 31.780258680000099 ], [ -5.28825382499991, 31.787960708000099 ], [ -5.27456132999992, 31.798230079000099 ], [ -5.26728719199991, 31.802081093000101 ], [ -5.24760423099991, 31.818768821 ], [ -5.23690696899996, 31.828610302000101 ], [ -5.2300607219999, 31.8328892070001 ], [ -5.21807978899994, 31.8388796730001 ], [ -5.20823830799992, 31.848293263000102 ], [ -5.19754104699996, 31.867548334 ], [ -5.19326214199992, 31.870115677000101 ], [ -5.19026690899994, 31.8713993480001 ], [ -5.18769956599993, 31.8713993480001 ], [ -5.18384855199991, 31.870115677000101 ], [ -5.17657441399996, 31.8641252100001 ], [ -5.17229550999991, 31.8611299770001 ], [ -5.16887238599992, 31.859846306000101 ], [ -5.15774723399994, 31.857706853000099 ], [ -5.14662208199991, 31.851716387000099 ], [ -5.13421325799993, 31.850860606000101 ], [ -5.12908772299994, 31.852720599000101 ], [ -5.11835221699994, 31.854347191 ], [ -5.10426092599994, 31.860702087 ], [ -5.09998202099996, 31.8666925530001 ], [ -5.09998202099996, 31.870115677000101 ], [ -5.10340514499995, 31.8773898150001 ], [ -5.11110717399993, 31.885947624 ], [ -5.11495818799994, 31.891510200000099 ], [ -5.11495818799994, 31.894077543 ], [ -5.11099119999994, 31.895679934 ], [ -5.10212147399994, 31.898784338 ], [ -5.09827045999992, 31.903063242000101 ], [ -5.08201062199993, 31.921462532000099 ], [ -5.06789023699992, 31.9321597940001 ], [ -5.05505352299991, 31.948419631 ], [ -5.05419774199993, 31.953982207000099 ], [ -5.05541099799995, 31.962908286000101 ], [ -5.05590930399995, 31.969386264 ], [ -5.05933242799995, 31.974520950000102 ], [ -5.06874601799996, 31.9813671970001 ], [ -5.07473648399991, 31.9856461020001 ], [ -5.09056843099995, 31.989497116000098 ], [ -5.11923709199993, 31.99377602 ], [ -5.11478772399994, 32.000120599000098 ], [ -5.11270029299993, 32.004375745000097 ], [ -5.08457796499994, 32.011319529 ], [ -5.08158772299993, 32.014620599000096 ], [ -5.07118772399991, 32.023520599000101 ], [ -5.06227227899996, 32.026617543 ], [ -5.05845310799992, 32.021999658000098 ], [ -5.05937917199992, 32.02157872 ], [ -5.06644602599994, 32.018366514 ], [ -5.07105760699994, 32.013447494 ], [ -5.06703445599993, 32.010463748000099 ], [ -5.02487243999991, 32.027054506000098 ], [ -5.02510119099992, 32.0318582720001 ], [ -5.03023587599995, 32.037420848000103 ], [ -5.03665423299992, 32.047690219000103 ], [ -5.03667688699994, 32.054475078000102 ], [ -5.03237532799994, 32.057103809000097 ], [ -5.01055291499995, 32.066089509000101 ], [ -5.00156721499991, 32.069084742000101 ], [ -4.99878772399995, 32.071620599000099 ], [ -4.99308772399991, 32.0757205990001 ], [ -4.97938772399993, 32.089520599000103 ], [ -4.96519652599994, 32.104599650000097 ], [ -4.95235981199994, 32.119575816000101 ], [ -4.94422989299994, 32.133268311000101 ], [ -4.92711427499995, 32.159369629000103 ], [ -4.92638772299995, 32.167020599000097 ], [ -4.91738772299993, 32.170020599000097 ], [ -4.90358029899994, 32.177768919000101 ], [ -4.88475311899992, 32.191889305000103 ], [ -4.8727721859999, 32.200875004000103 ], [ -4.86505421899994, 32.197444797000102 ], [ -4.85736812899995, 32.194028757000098 ], [ -4.83511782499994, 32.177768919000101 ], [ -4.82656001599992, 32.1683553290001 ], [ -4.81999802899992, 32.150436057 ], [ -4.81372330199991, 32.133268311000101 ], [ -4.80345393099992, 32.112729569000102 ], [ -4.78982875699995, 32.100815957000101 ], [ -4.78163151799993, 32.0926187170001 ], [ -4.76066488499992, 32.078926222000099 ], [ -4.73798668999996, 32.059671152000099 ], [ -4.69856521999992, 32.054894553000103 ], [ -4.67251944999992, 32.0523970140001 ], [ -4.64556234999992, 32.060954823000102 ], [ -4.63400930799992, 32.062238494 ], [ -4.60790798999994, 32.069084742000101 ], [ -4.56683638699991, 32.071746790000098 ], [ -4.56169581999995, 32.072079975000101 ], [ -4.53473872099994, 32.071652085 ], [ -4.52532513099993, 32.073791537000098 ], [ -4.51248841699993, 32.078498332 ], [ -4.49965170299993, 32.084488798000102 ], [ -4.49152178399993, 32.089195594 ], [ -4.46542046599996, 32.0998928550001 ], [ -4.45620546299994, 32.104306321000102 ], [ -4.44318772399993, 32.112620599000103 ], [ -4.42947766699996, 32.117008474 ], [ -4.40893892499991, 32.128561516 ], [ -4.40123689599994, 32.1384029970001 ], [ -4.38583283999992, 32.153379163000103 ], [ -4.37984237299992, 32.158513848 ], [ -4.36871722099994, 32.164932205000099 ], [ -4.36315464499995, 32.166643767 ], [ -4.35358772299992, 32.169620599 ], [ -4.32935129899994, 32.16921111 ], [ -4.30795677599991, 32.174773686 ], [ -4.30058772399991, 32.178420599 ], [ -4.26816296299995, 32.188038290000101 ], [ -4.23393172599992, 32.197451881000099 ], [ -4.19156764099995, 32.2173397480001 ], [ -4.18391900399996, 32.203742171 ], [ -4.17797006399991, 32.1909944430001 ], [ -4.16097309299994, 32.1680485320001 ], [ -4.14539613899996, 32.143078431 ], [ -4.13972687999996, 32.133629666 ], [ -4.127829, 32.121731786000097 ], [ -4.11284350999995, 32.117088395000103 ], [ -4.09765937699996, 32.112383452000103 ], [ -4.08321195099995, 32.109408982 ], [ -4.05686664599994, 32.108984058000097 ], [ -4.04709338799995, 32.114083149000102 ], [ -4.03137118999996, 32.1251311810001 ], [ -4.03530671599992, 32.130277638000102 ], [ -4.03448765599995, 32.1373205290001 ], [ -4.02074808299994, 32.142978 ], [ -3.98930368699996, 32.157425425 ], [ -3.96678269999995, 32.167623608 ], [ -3.93406353099994, 32.177396866 ], [ -3.89667019499996, 32.176971942000101 ], [ -3.87287443599996, 32.175697169 ], [ -3.85162822199993, 32.172722699000097 ], [ -3.84185496399994, 32.170598078000097 ], [ -3.83548109999992, 32.169323305 ], [ -3.81211026399995, 32.1782467150001 ], [ -3.80582474599993, 32.1825787020001 ], [ -3.7963880659999, 32.1888698220001 ], [ -3.79511329399992, 32.196943383000097 ], [ -3.79426344499996, 32.212240657000102 ], [ -3.79171389899994, 32.224988385000103 ], [ -3.78844081699992, 32.259764878000098 ], [ -3.78831450499996, 32.261106948000098 ], [ -3.78138772399995, 32.262520599000098 ], [ -3.77344215599993, 32.263656494000102 ], [ -3.75474548699992, 32.261531872 ], [ -3.75383645799991, 32.261283387 ], [ -3.74682300199993, 32.243067884000098 ], [ -3.75269887299993, 32.218414249 ], [ -3.75369770199995, 32.204475819 ], [ -3.75389563899995, 32.2028923230001 ] ] ] ] } },
{ "type": "Feature", "properties": { "OBJECTID": 55, "Code_Province": "08.363.", "Population": 289337, "Menages": 59718, "Etrangers": 70, "Marocains": 289267, "Nom_Provinces": "MIDELT", "Code_Region": "08.", "Superficie_Ha": 1790721.97551876, "Shape__Area": 1.2195275242691399, "Shape__Length": 6.6096843568762598, "zone_dattes": "TRUE", "zone_commune_datt_argan_txt": "FALSE" }, "geometry": { "type": "MultiPolygon", "coordinates": [ [ [ [ -5.01686514399995, 33.074352602000097 ], [ -5.01808772299995, 33.074920599000102 ], [ -5.01804248199994, 33.074953902000097 ], [ -5.01686514399995, 33.074352602000097 ] ] ], [ [ [ -5.01686514399995, 33.074352602000097 ], [ -4.99645632699992, 33.083311601 ], [ -4.98789026799994, 33.0822408430001 ], [ -4.98454313899992, 33.081597164000101 ], [ -4.97861036999995, 33.0804562470001 ], [ -4.94648764599992, 33.081527005000098 ], [ -4.91525891299994, 33.080400522 ], [ -4.89326867199992, 33.079491834000102 ], [ -4.86382719399995, 33.074403183000101 ], [ -4.84601691699993, 33.075857084000098 ], [ -4.84211760399995, 33.079631508 ], [ -4.83474919099996, 33.08712481 ], [ -4.82770501199991, 33.097607200000098 ], [ -4.82153744899995, 33.073060299000097 ], [ -4.81833031599996, 33.067016088000102 ], [ -4.80936159599991, 33.0496654250001 ], [ -4.80846221499991, 33.047896643000101 ], [ -4.79871746599991, 33.0393854060001 ], [ -4.77441726799992, 33.017798935000101 ], [ -4.76652278699993, 33.000406408000103 ], [ -4.75712546599993, 32.967020553000097 ], [ -4.7550511199999, 32.959823844000098 ], [ -4.75782472499992, 32.955121553000097 ], [ -4.76747003799994, 32.937259861000101 ], [ -4.76811843099995, 32.936059134000097 ], [ -4.77124938999992, 32.930485211000097 ], [ -4.77293705299991, 32.927629165 ], [ -4.77009997399995, 32.912456961000103 ], [ -4.76389528499993, 32.910248084 ], [ -4.72993342599994, 32.898108794000102 ], [ -4.71348174599995, 32.892350706000101 ], [ -4.69423894999994, 32.888403465000103 ], [ -4.6582087559999, 32.880958765000102 ], [ -4.65644777899996, 32.880552386000097 ], [ -4.62306527399994, 32.879645526 ], [ -4.55823832599992, 32.896451076000098 ], [ -4.54788070899991, 32.896106775000099 ], [ -4.52322164499992, 32.895640585000102 ], [ -4.50185609499994, 32.889543851 ], [ -4.47755384499993, 32.8826046040001 ], [ -4.48677409799996, 32.869173616000097 ], [ -4.48816478499992, 32.867473887000102 ], [ -4.47966629899991, 32.858975402000098 ], [ -4.46436902499994, 32.842403355 ], [ -4.44258772399991, 32.830520599000103 ], [ -4.41677750599996, 32.81605805 ], [ -4.40572947499993, 32.810958959000097 ], [ -4.35643825999995, 32.775690244000103 ], [ -4.32711848499991, 32.752744333000102 ], [ -4.28632575399996, 32.715775921 ], [ -4.24510809999992, 32.662235463000101 ], [ -4.23193544699995, 32.639289552 ], [ -4.21706309799992, 32.613794096 ], [ -4.17438190299992, 32.601121189000096 ], [ -4.10360831599991, 32.623567354 ], [ -4.09885414899992, 32.621086734000102 ], [ -4.07497154499993, 32.608625314000101 ], [ -4.07421214299995, 32.608229075000096 ], [ -4.07208772399991, 32.607120599 ], [ -4.05938752299994, 32.601989546000098 ], [ -4.05729157099995, 32.601046367 ], [ -4.01862346199994, 32.607845156000103 ], [ -4.00247633899994, 32.578950305 ], [ -3.96125868499996, 32.553454849 ], [ -3.95812297499992, 32.551916576000103 ], [ -3.95262759399992, 32.549220729000098 ], [ -3.92089087899995, 32.534333256000103 ], [ -3.92115724999991, 32.533975521000102 ], [ -3.93988772399996, 32.508820599 ], [ -3.93768772399994, 32.497120599000098 ], [ -3.93236383399994, 32.476968479 ], [ -3.92386534899992, 32.463795827000098 ], [ -3.91664163599995, 32.450198250000099 ], [ -3.88987140699993, 32.428527112 ], [ -3.85502761599992, 32.402606731 ], [ -3.84100511499992, 32.379235896000097 ], [ -3.8244330679999, 32.350341046 ], [ -3.82060874999991, 32.343117333000102 ], [ -3.81083549199991, 32.315922180000101 ], [ -3.80828594599995, 32.2827780860001 ], [ -3.81763427999994, 32.263656494000102 ], [ -3.81345083399992, 32.256510341000102 ], [ -3.79486190499995, 32.259936872000097 ], [ -3.78831450499996, 32.261106948000098 ], [ -3.78844081699992, 32.259764878000098 ], [ -3.79171389899994, 32.224988385000103 ], [ -3.79426344499996, 32.212240657000102 ], [ -3.79511329399992, 32.196943383000097 ], [ -3.7963880659999, 32.1888698220001 ], [ -3.80582474599993, 32.1825787020001 ], [ -3.81211026399995, 32.1782467150001 ], [ -3.83548109999992, 32.169323305 ], [ -3.84185496399994, 32.170598078000097 ], [ -3.85162822199993, 32.172722699000097 ], [ -3.87287443599996, 32.175697169 ], [ -3.89667019499996, 32.176971942000101 ], [ -3.93406353099994, 32.177396866 ], [ -3.96678269999995, 32.167623608 ], [ -3.98930368699996, 32.157425425 ], [ -4.02074808299994, 32.142978 ], [ -4.03448765599995, 32.1373205290001 ], [ -4.03530671599992, 32.130277638000102 ], [ -4.03137118999996, 32.1251311810001 ], [ -4.04709338799995, 32.114083149000102 ], [ -4.05686664599994, 32.108984058000097 ], [ -4.08321195099995, 32.109408982 ], [ -4.09765937699996, 32.112383452000103 ], [ -4.11284350999995, 32.117088395000103 ], [ -4.127829, 32.121731786000097 ], [ -4.13972687999996, 32.133629666 ], [ -4.14539613899996, 32.143078431 ], [ -4.16097309299994, 32.1680485320001 ], [ -4.17797006399991, 32.1909944430001 ], [ -4.18391900399996, 32.203742171 ], [ -4.19156764099995, 32.2173397480001 ], [ -4.23393172599992, 32.197451881000099 ], [ -4.26816296299995, 32.188038290000101 ], [ -4.30058772399991, 32.178420599 ], [ -4.30795677599991, 32.174773686 ], [ -4.32935129899994, 32.16921111 ], [ -4.35358772299992, 32.169620599 ], [ -4.36315464499995, 32.166643767 ], [ -4.36871722099994, 32.164932205000099 ], [ -4.37984237299992, 32.158513848 ], [ -4.38583283999992, 32.153379163000103 ], [ -4.40123689599994, 32.1384029970001 ], [ -4.40893892499991, 32.128561516 ], [ -4.42947766699996, 32.117008474 ], [ -4.44318772399993, 32.112620599000103 ], [ -4.45620546299994, 32.104306321000102 ], [ -4.46542046599996, 32.0998928550001 ], [ -4.49152178399993, 32.089195594 ], [ -4.49965170299993, 32.084488798000102 ], [ -4.51248841699993, 32.078498332 ], [ -4.52532513099993, 32.073791537000098 ], [ -4.53473872099994, 32.071652085 ], [ -4.56169581999995, 32.072079975000101 ], [ -4.56683638699991, 32.071746790000098 ], [ -4.60790798999994, 32.069084742000101 ], [ -4.63400930799992, 32.062238494 ], [ -4.64556234999992, 32.060954823000102 ], [ -4.67251944999992, 32.0523970140001 ], [ -4.69856521999992, 32.054894553000103 ], [ -4.73798668999996, 32.059671152000099 ], [ -4.76066488499992, 32.078926222000099 ], [ -4.78163151799993, 32.0926187170001 ], [ -4.78982875699995, 32.100815957000101 ], [ -4.80345393099992, 32.112729569000102 ], [ -4.81372330199991, 32.133268311000101 ], [ -4.81999802899992, 32.150436057 ], [ -4.82656001599992, 32.1683553290001 ], [ -4.83511782499994, 32.177768919000101 ], [ -4.85736812899995, 32.194028757000098 ], [ -4.86505421899994, 32.197444797000102 ], [ -4.8727721859999, 32.200875004000103 ], [ -4.88475311899992, 32.191889305000103 ], [ -4.90358029899994, 32.177768919000101 ], [ -4.91738772299993, 32.170020599000097 ], [ -4.92638772299995, 32.167020599000097 ], [ -4.93695575499993, 32.164932205000099 ], [ -4.95193192199991, 32.161936972 ], [ -4.98359581599993, 32.1520954920001 ], [ -4.99558772399996, 32.146120599000099 ], [ -5.00258772299992, 32.142120599000101 ], [ -5.01055291499995, 32.137547216000101 ], [ -5.02210595699995, 32.134979873000098 ], [ -5.03151954799995, 32.150811820000101 ], [ -5.03323110899993, 32.153807053 ], [ -5.03323110899993, 32.1580859580001 ], [ -5.03023587599995, 32.170494781000102 ], [ -5.04136102799993, 32.167071658000097 ], [ -5.06189976999991, 32.1623648630001 ], [ -5.07815960799991, 32.1580859580001 ], [ -5.10297725499993, 32.146960806 ], [ -5.12693912099991, 32.133268311000101 ], [ -5.13763638199993, 32.125138392000103 ], [ -5.14234317699993, 32.114013240000098 ], [ -5.15517989099993, 32.108450664000102 ], [ -5.17186761899995, 32.099464965 ], [ -5.19369003299994, 32.090479265000099 ], [ -5.21166143199991, 32.087056141000097 ], [ -5.23476751699991, 32.086200360000099 ], [ -5.25530625899995, 32.072935756 ], [ -5.27584500199993, 32.061810604000101 ], [ -5.28565958999991, 32.057666666 ], [ -5.29424429099993, 32.053680685000103 ], [ -5.30322999099991, 32.039560300000097 ], [ -5.30536944299996, 32.033569833000101 ], [ -5.31429982699995, 32.002020599 ], [ -5.31906193799995, 31.9886413350001 ], [ -5.32034560999995, 31.975376731 ], [ -5.32334084299992, 31.9676747020001 ], [ -5.32676396699992, 31.966818921000101 ], [ -5.33275443299993, 31.9663910310001 ], [ -5.34387958499991, 31.9663910310001 ], [ -5.34858637999991, 31.968958374000099 ], [ -5.35359507499993, 31.9745078710001 ], [ -5.35286528499995, 31.971953607 ], [ -5.35286528499995, 31.9676747020001 ], [ -5.36441832699995, 31.9454243980001 ], [ -5.37383191699996, 31.930448232000099 ], [ -5.38025027399993, 31.913332614000101 ], [ -5.39693800199995, 31.891082309000101 ], [ -5.40506792099995, 31.881240829 ], [ -5.41297466599991, 31.8755931540001 ], [ -5.41405362099994, 31.874822472000101 ], [ -5.42218353999993, 31.885947624 ], [ -5.43673181499992, 31.8966448850001 ], [ -5.46069368099995, 31.8996401190001 ], [ -5.47310250499993, 31.8979285570001 ], [ -5.47994875199993, 31.8949333240001 ], [ -5.48979023299995, 31.893221762000099 ], [ -5.49364124699991, 31.891082309000101 ], [ -5.50476639899995, 31.877817705 ], [ -5.50733374199996, 31.888087076000101 ], [ -5.50958772399991, 31.891920599000098 ], [ -5.53172349799991, 31.917611518000101 ], [ -5.56424317299991, 31.934727137 ], [ -5.59804651999991, 31.962540017 ], [ -5.62500361899993, 32.010463748000099 ], [ -5.63612877099996, 32.024584134000101 ], [ -5.6476818129999, 32.017737886000099 ], [ -5.66736477499995, 31.998054925000101 ], [ -5.67938772399992, 31.983720599 ], [ -5.71785584899993, 31.955265879000098 ], [ -5.77177004699996, 31.909053709 ], [ -5.81798119199993, 31.873933239000099 ], [ -5.82525635499991, 31.8684041150001 ], [ -5.82498772399992, 31.886020599000101 ], [ -5.82482846499994, 31.8936496520001 ], [ -5.82056093999995, 31.898323608000101 ], [ -5.80308772299992, 31.922320599 ], [ -5.79958292699996, 31.927025108000102 ], [ -5.79915503699993, 31.9291645610001 ], [ -5.80428972299995, 31.940289713000102 ], [ -5.82554092299995, 31.9634387760001 ], [ -5.86224027199995, 31.975671892 ], [ -5.88766596399995, 31.9835874380001 ], [ -5.88478758399992, 32.0116516450001 ], [ -5.88248772399993, 32.029920599 ], [ -5.87711190299996, 32.055786809 ], [ -5.87495311799995, 32.065621275000098 ], [ -5.86703757199996, 32.087209127000101 ], [ -5.86823689699992, 32.099202378000101 ], [ -5.86265356299992, 32.109671128000102 ], [ -5.85864229599991, 32.117192254000102 ], [ -5.84712877499993, 32.1272665850001 ], [ -5.84353079999994, 32.132543616000099 ], [ -5.82458146299996, 32.129665235000097 ], [ -5.80227401599996, 32.1272665850001 ], [ -5.74686519699992, 32.144776732000103 ], [ -5.71808139399991, 32.177638239000103 ], [ -5.71766348499994, 32.177482473000097 ], [ -5.68875929799992, 32.198735552000102 ], [ -5.67806203599991, 32.2141396090001 ], [ -5.65703061799991, 32.215474937000103 ], [ -5.65668772399994, 32.216120599000099 ], [ -5.63328772399996, 32.216020599 ], [ -5.58649347699992, 32.221841637000097 ], [ -5.58065321599991, 32.226882428000103 ], [ -5.56258772399991, 32.239720599000101 ], [ -5.56263426499993, 32.239961517 ], [ -5.55810339399994, 32.2397894590001 ], [ -5.53758410599994, 32.238443932000102 ], [ -5.51000080199992, 32.226334189000099 ], [ -5.45887077499992, 32.213888064000102 ], [ -5.44743379499994, 32.217588263 ], [ -5.44697361799996, 32.220042542 ], [ -5.44743379499994, 32.223306753000102 ], [ -5.44911570399995, 32.230707152 ], [ -5.45208772399991, 32.239520599000102 ], [ -5.45452293799991, 32.241279365000103 ], [ -5.45550695699995, 32.242816895000097 ], [ -5.46728031899994, 32.249208148 ], [ -5.48275387999996, 32.259299601000102 ], [ -5.49990934899995, 32.273427635000097 ], [ -5.50058211299995, 32.278809743000103 ], [ -5.50360954899992, 32.288564814 ], [ -5.50698783799993, 32.2934914860001 ], [ -5.50858772399994, 32.300720599 ], [ -5.50899165699991, 32.302356466 ], [ -5.49351809599995, 32.318839172000096 ], [ -5.49330774699996, 32.318956721000099 ], [ -5.49318772299995, 32.319120599000101 ], [ -5.48308829899992, 32.329580716000102 ], [ -5.47871729899992, 32.339022078000099 ], [ -5.47724057899995, 32.341521143000101 ], [ -5.47434433599994, 32.346422477000097 ], [ -5.53388390699996, 32.362232419000101 ], [ -5.52648350799995, 32.3676145270001 ], [ -5.52513798099994, 32.391497632 ], [ -5.53657496099993, 32.420426463000098 ], [ -5.52816541699991, 32.436572788 ], [ -5.52883977099992, 32.438511554000101 ], [ -5.53605380599993, 32.4537803730001 ], [ -5.52008772299996, 32.453820599 ], [ -5.51702589199993, 32.4538471380001 ], [ -5.47432341599995, 32.454217263000103 ], [ -5.46484510399995, 32.454348906000099 ], [ -5.44196166899991, 32.457902234000102 ], [ -5.41026597999991, 32.465577423000099 ], [ -5.40662836899992, 32.468095769000101 ], [ -5.40287505599991, 32.470694216000098 ], [ -5.39605266599994, 32.482775533000101 ], [ -5.39392066899995, 32.498694444000101 ], [ -5.40337632999996, 32.513015627000101 ], [ -5.40489918499992, 32.515490267000096 ], [ -5.39795115899994, 32.524817754000097 ], [ -5.38890920699993, 32.521010616000098 ], [ -5.37272887199993, 32.518535977000099 ], [ -5.35645335899994, 32.515395088 ], [ -5.35502568199996, 32.515490267000096 ], [ -5.35397871899994, 32.526150252 ], [ -5.35377330299991, 32.52776277 ], [ -5.3520751499999, 32.5410932670001 ], [ -5.34807765599993, 32.555179676000101 ], [ -5.34427051799991, 32.562318059000098 ], [ -5.33913088199995, 32.573739472000099 ], [ -5.33932123899996, 32.586683740000097 ], [ -5.34074891599994, 32.593536588000099 ], [ -5.34247064499993, 32.596182421 ], [ -5.34645962199994, 32.602578539 ], [ -5.34441783099993, 32.603896148 ], [ -5.32713839899992, 32.6150469150001 ], [ -5.32228429899993, 32.617521555000103 ], [ -5.32266302199991, 32.620399856000098 ], [ -5.32399750999991, 32.630085109 ], [ -5.32248772299994, 32.633420599000097 ], [ -5.31748772399993, 32.651020599 ], [ -5.31548772399992, 32.6562205990001 ], [ -5.31418772399991, 32.666820599000097 ], [ -5.31336637099992, 32.673971193000099 ], [ -5.31419413099991, 32.677674329000098 ], [ -5.31752537699992, 32.692902879000101 ], [ -5.32152287099995, 32.698803942 ], [ -5.32114215699994, 32.711843389000101 ], [ -5.31667868599993, 32.7168169710001 ], [ -5.31467002299991, 32.719457664000103 ], [ -5.31390859599992, 32.730212828 ], [ -5.31355385499995, 32.747053151 ], [ -5.31792681799993, 32.764208621000101 ], [ -5.31725405499992, 32.778000273000103 ], [ -5.31119918299993, 32.787418962000103 ], [ -5.30245325699991, 32.793473834000103 ], [ -5.29895508399994, 32.794715686000103 ], [ -5.30077134799996, 32.796837651000097 ], [ -5.30245325699991, 32.797846797 ], [ -5.30480792899993, 32.798183178 ], [ -5.31153556499993, 32.803565286 ], [ -5.31220832799994, 32.806929104000098 ], [ -5.31132422999991, 32.808048962 ], [ -5.30615345599995, 32.813320357000102 ], [ -5.30278963899991, 32.816684175 ], [ -5.29942582099994, 32.818702466 ], [ -5.29639838499992, 32.822066283000098 ], [ -5.29174946699993, 32.831775763000103 ], [ -5.28832522299996, 32.839558135000097 ], [ -5.28548848499992, 32.840634139000102 ], [ -5.27554271599996, 32.845949388000101 ], [ -5.26410573699991, 32.853013405000098 ], [ -5.26074191899994, 32.854695314000097 ], [ -5.24930493899995, 32.856377223 ], [ -5.25258500599995, 32.863210696000102 ], [ -5.25334151999994, 32.864786767000098 ], [ -5.25435066599994, 32.869496111 ], [ -5.24596722899992, 32.874316587000102 ], [ -5.23484052399994, 32.880260327000101 ], [ -5.18942898599994, 32.915580412000097 ], [ -5.16890969899993, 32.905152578000099 ], [ -5.16107843199995, 32.906047580000099 ], [ -5.15713633699994, 32.906498105000097 ], [ -5.14267192199992, 32.908852777 ], [ -5.13325323299995, 32.917262321000102 ], [ -5.13041007599992, 32.931655803000098 ], [ -5.12753474299995, 32.9455183890001 ], [ -5.10308352699991, 32.955298875 ], [ -5.09255103999993, 32.959982804 ], [ -5.05756733699991, 32.981174855000098 ], [ -5.06489600299994, 33.002716690000099 ], [ -5.07203175299992, 33.02423172 ], [ -5.0678457699999, 33.026779709 ], [ -5.06564049899993, 33.028268301000097 ], [ -5.05924924599992, 33.036005082000102 ], [ -5.05622180999995, 33.0407144260001 ], [ -5.04579397499992, 33.045087389000102 ], [ -5.04411206699996, 33.0460965340001 ], [ -5.03772081299991, 33.056187987 ], [ -5.03233870499992, 33.060897332000103 ], [ -5.03065679599996, 33.063252004 ], [ -5.02796574199993, 33.066615822000102 ], [ -5.02527468799991, 33.06829773 ], [ -5.01686514399995, 33.074352602000097 ] ] ] ] } },
{ "type": "Feature", "properties": { "OBJECTID": 56, "Code_Province": "08.401.", "Population": 297502, "Menages": 54959, "Etrangers": 281, "Marocains": 297221, "Nom_Provinces": "OUARZAZATE", "Code_Region": "08.", "Superficie_Ha": 1636146.0470505401, "Shape__Area": 1.1327264847735401, "Shape__Length": 6.2054687126683898, "zone_dattes": "TRUE", "zone_commune_datt_argan_txt": "FALSE" }, "geometry": { "type": "MultiPolygon", "coordinates": [ [ [ [ -6.47491619499993, 31.5491309770001 ], [ -6.45551171899996, 31.546484912 ], [ -6.44992558199993, 31.548248955000101 ], [ -6.44778953499991, 31.551206558 ], [ -6.44568772399992, 31.550620599000101 ], [ -6.43557900699994, 31.538179636000098 ], [ -6.41725477399996, 31.517173808000098 ], [ -6.42391792899991, 31.493306552 ], [ -6.42639487499991, 31.482469914 ], [ -6.41710632799993, 31.466989003 ], [ -6.40224465399996, 31.4484119100001 ], [ -6.38924068899991, 31.4372656550001 ], [ -6.37190206899993, 31.4245713080001 ], [ -6.35208650299995, 31.401969178000101 ], [ -6.32703900699994, 31.369387069000101 ], [ -6.31214575299992, 31.3499533170001 ], [ -6.29109171399995, 31.330137751000098 ], [ -6.27550710599991, 31.312874801000099 ], [ -6.27096652999995, 31.307845240000098 ], [ -6.27952615099991, 31.299937100000101 ], [ -6.28489934999993, 31.2957701290001 ], [ -6.29202056899993, 31.277193036000099 ], [ -6.29047247699992, 31.263569834000101 ], [ -6.28582820399992, 31.246231214000101 ], [ -6.2889243859999, 31.2341561040001 ], [ -6.28366087699993, 31.216507865 ], [ -6.27375309399991, 31.212482829000098 ], [ -6.27247404899992, 31.205323718 ], [ -6.27294404399993, 31.20224448 ], [ -6.27282423899993, 31.199788482000098 ], [ -6.27193533499991, 31.195556557000099 ], [ -6.2685965949999, 31.083708759 ], [ -6.25590938199991, 31.019271073000098 ], [ -6.25624325599995, 30.988554663000102 ], [ -6.25524163399996, 30.970525466000101 ], [ -6.25323838999992, 30.957838253 ], [ -6.29832192099991, 30.948391696 ], [ -6.31051960899992, 30.946213538000102 ], [ -6.39982411199992, 30.9157193170001 ], [ -6.41909975599992, 30.91008823 ], [ -6.45166428699991, 30.900036575000101 ], [ -6.50001940799996, 30.887838887 ], [ -6.58801701599992, 30.8538596130001 ], [ -6.59976952499994, 30.842482319000101 ], [ -6.62678823899995, 30.816395285000102 ], [ -6.62944736999992, 30.831210445000099 ], [ -6.63288708299995, 30.850374559 ], [ -6.63894549099996, 30.8559770570001 ], [ -6.65684682699992, 30.870413618 ], [ -6.68298473099992, 30.887838887 ], [ -6.71696400499991, 30.888710151000101 ], [ -6.74135938099994, 30.887838887 ], [ -6.74041002899992, 30.888542111000099 ], [ -6.74369189199996, 30.886465740000101 ], [ -6.78435246599992, 30.852415013 ], [ -6.81680080599994, 30.814959213000101 ], [ -6.88370046999995, 30.7710938650001 ], [ -6.90553299499993, 30.750062533000101 ], [ -6.92115626899994, 30.732235976000101 ], [ -6.96782579499995, 30.701189725000098 ], [ -6.97804101299994, 30.685766748 ], [ -6.97623832799991, 30.668941683000099 ], [ -6.95861206899991, 30.64811065 ], [ -6.94539237499992, 30.634890956 ], [ -6.93397536699996, 30.621671262000099 ], [ -6.93858222999995, 30.610654851 ], [ -6.95781087599994, 30.589823818000099 ], [ -6.97279665599996, 30.5753175820001 ], [ -6.97884220699996, 30.5685921880001 ], [ -6.94158670599995, 30.550164735000099 ], [ -6.92489504199995, 30.54210342 ], [ -6.90633418799996, 30.5331393720001 ], [ -6.90348453899992, 30.525714234000102 ], [ -6.89211300199992, 30.496084169000099 ], [ -6.89171240499991, 30.480060297000101 ], [ -6.88269897799995, 30.465638813000101 ], [ -6.87568853399995, 30.451217329000102 ], [ -6.86278551199996, 30.456933857000099 ], [ -6.86085969799996, 30.457168388000099 ], [ -6.85505779899995, 30.4383982310001 ], [ -6.86106675099995, 30.400742133000101 ], [ -6.85585899299991, 30.371899164000101 ], [ -6.85605929099995, 30.361683946000099 ], [ -6.87563498699996, 30.3392640440001 ], [ -6.88206842699992, 30.331972811000099 ], [ -6.89905806399992, 30.3472199220001 ], [ -6.92519596799991, 30.355061292000102 ], [ -7.02230695899993, 30.3350442600001 ], [ -7.04583238199996, 30.343695029000099 ], [ -7.06721190899992, 30.348962448000101 ], [ -7.11730955599995, 30.361160137000098 ], [ -7.15956583299993, 30.376842879 ], [ -7.17132788999993, 30.369437139000102 ], [ -7.17960489299992, 30.3502693440001 ], [ -7.19354510799991, 30.3389429190001 ], [ -7.23013817199995, 30.297122274000099 ], [ -7.24278206099996, 30.279611705 ], [ -7.25627607499996, 30.260093577000099 ], [ -7.27805766199992, 30.230470620000101 ], [ -7.29504729899992, 30.214787878 ], [ -7.29461166699991, 30.193441924000101 ], [ -7.29853235199994, 30.1638189670001 ], [ -7.29243350799993, 30.147700593000099 ], [ -7.29461166699991, 30.136374169000099 ], [ -7.28938408599993, 30.122277191000101 ], [ -7.28938408599993, 30.1206914270001 ], [ -7.29591856199994, 30.113721319 ], [ -7.30201740599995, 30.1041374210001 ], [ -7.32162083399993, 30.1154638460001 ], [ -7.33076909999994, 30.126354639000098 ], [ -7.35255068599992, 30.157720123 ], [ -7.36126331999992, 30.175581023000099 ], [ -7.36954032299991, 30.189085607 ], [ -7.42181612899992, 30.1864718160001 ], [ -7.42747934199991, 30.190392502000101 ], [ -7.44403334699996, 30.199540768000102 ], [ -7.47201141399995, 30.213118359000099 ], [ -7.47908772399995, 30.2067205990001 ], [ -7.48354874999995, 30.203392532000102 ], [ -7.48411146599994, 30.2021545580001 ], [ -7.48977467799995, 30.198233873 ], [ -7.51112063199992, 30.2060752440001 ], [ -7.52976989299992, 30.219667078 ], [ -7.53028772299996, 30.219920599000101 ], [ -7.53769416699993, 30.2256786710001 ], [ -7.56118772399992, 30.214720599000099 ], [ -7.56494584999996, 30.213695656000102 ], [ -7.56993091499993, 30.2113028250001 ], [ -7.59040560499994, 30.207382139000099 ], [ -7.60559714299995, 30.214287384 ], [ -7.61228772399994, 30.213820599000101 ], [ -7.62569177499995, 30.211738456 ], [ -7.62830556499995, 30.227421198000101 ], [ -7.60309889299992, 30.2326225750001 ], [ -7.59948772399991, 30.233920599 ], [ -7.58816690099991, 30.240953231 ], [ -7.58779181499994, 30.241361413 ], [ -7.58256423399996, 30.2474602570001 ], [ -7.58387112999992, 30.25573726 ], [ -7.57733665399991, 30.266192421000099 ], [ -7.57820791699993, 30.273162529 ], [ -7.58082170799991, 30.283182059000101 ], [ -7.58648491999992, 30.291459061000101 ], [ -7.60913776899991, 30.318032596000101 ], [ -7.62775745799991, 30.401868232000101 ], [ -7.62874119699995, 30.406030204 ], [ -7.63745383099996, 30.396010674000099 ], [ -7.65313657299993, 30.388169303 ], [ -7.66608772399991, 30.384320599 ], [ -7.67914428999995, 30.379490841000099 ], [ -7.69153392199991, 30.410967203 ], [ -7.69253848699992, 30.4246962550001 ], [ -7.68651109899992, 30.449140664000101 ], [ -7.67747001599992, 30.4568423270001 ], [ -7.66518772299992, 30.457620599000101 ], [ -7.66273639899993, 30.4598560210001 ], [ -7.63527829599991, 30.473585073 ], [ -7.62632941399994, 30.477026951000099 ], [ -7.62221895399995, 30.478607897000099 ], [ -7.61116874199996, 30.482626156 ], [ -7.57199071699995, 30.5254875850001 ], [ -7.55428772399995, 30.527320599000099 ], [ -7.5428583389999, 30.5285012790001 ], [ -7.51673965499992, 30.543569751000099 ], [ -7.52209733399991, 30.546583445000099 ], [ -7.52745501299995, 30.5552896730001 ], [ -7.53884007999994, 30.569353579000101 ], [ -7.55558282599992, 30.598485957 ], [ -7.56938106799993, 30.643729273000101 ], [ -7.56644266199993, 30.645492317 ], [ -7.55688889799995, 30.6512245750001 ], [ -7.55831657399994, 30.6822765420001 ], [ -7.56402728099994, 30.700479418 ], [ -7.57080874399992, 30.730460627000099 ], [ -7.59488505099995, 30.7316736010001 ], [ -7.59978772299991, 30.731920599 ], [ -7.64897403899994, 30.736171333000101 ], [ -7.68791491299993, 30.739372378 ], [ -7.70528772399996, 30.741220599000101 ], [ -7.70856755899996, 30.741268832000099 ], [ -7.69644428599991, 30.754731129 ], [ -7.68645054899991, 30.7540172910001 ], [ -7.68252443899991, 30.760084916 ], [ -7.68323827699993, 30.767937138 ], [ -7.67645681299996, 30.765438704000101 ], [ -7.67038918799994, 30.774361682000102 ], [ -7.66753383399992, 30.7904230440001 ], [ -7.67931216599993, 30.817548900000101 ], [ -7.66860459199995, 30.838250210000101 ], [ -7.64357019299996, 30.8542035040001 ], [ -7.63005732399995, 30.863234551000101 ], [ -7.66503539999991, 30.860736117 ], [ -7.70822261799992, 30.851456219000099 ], [ -7.71853454299992, 30.855125800000099 ], [ -7.72606857499994, 30.858237683000102 ], [ -7.73356387699994, 30.861449955000101 ], [ -7.73511293399991, 30.882620391 ], [ -7.73570539199994, 30.888575811000099 ], [ -7.73177928199993, 30.906778687 ], [ -7.73035160499995, 30.938544492000101 ], [ -7.72785317099994, 30.951393581 ], [ -7.72428397899995, 30.959245803 ], [ -7.72133795499991, 30.9841531010001 ], [ -7.72168772399993, 30.995520599000098 ], [ -7.72128772399992, 31.003720599000101 ], [ -7.72038229399993, 31.006695583000099 ], [ -7.72071478799995, 31.020992816 ], [ -7.71609675199994, 31.032188648 ], [ -7.71393332399992, 31.037768016000101 ], [ -7.72963776699993, 31.056327812000099 ], [ -7.72678241299991, 31.066678467000099 ], [ -7.73784690699995, 31.078099880000099 ], [ -7.75140983499995, 31.099515029000099 ], [ -7.75212367299991, 31.105939574 ], [ -7.74918983199995, 31.1172094900001 ], [ -7.74427145199991, 31.1284254800001 ], [ -7.73038772299992, 31.134720599 ], [ -7.71224042699992, 31.131766463000101 ], [ -7.70026395699995, 31.143992443000101 ], [ -7.69853414299996, 31.153173764000101 ], [ -7.69652131099991, 31.162456167000101 ], [ -7.67780807699995, 31.174432637000098 ], [ -7.67447003499996, 31.175186388 ], [ -7.66183944999994, 31.178175284000101 ], [ -7.65011248999991, 31.1913993030001 ], [ -7.62344553699995, 31.199472148 ], [ -7.60894337499991, 31.205122341 ], [ -7.59846396399996, 31.209114498000101 ], [ -7.59247572899994, 31.220092928 ], [ -7.58798455299996, 31.227328712000102 ], [ -7.58673700399993, 31.230073320000098 ], [ -7.58608772399992, 31.238320599000101 ], [ -7.58374288599992, 31.245043907000099 ], [ -7.51107838099995, 31.2499739470001 ], [ -7.49832263499991, 31.251453046000101 ], [ -7.49181471599991, 31.257291255 ], [ -7.47823133999992, 31.270874631000101 ], [ -7.46885540199992, 31.271879196 ], [ -7.45780518999993, 31.274558035 ], [ -7.44708983299995, 31.277571730000101 ], [ -7.43570476499991, 31.285608248000099 ], [ -7.43570476499991, 31.291635636000098 ], [ -7.43079055799996, 31.291163116000099 ], [ -7.41829230999991, 31.289961362 ], [ -7.39351304599995, 31.286277957 ], [ -7.38581138299992, 31.287282522000101 ], [ -7.38162029299991, 31.288288384000101 ], [ -7.36906863699994, 31.2913007810001 ], [ -7.35935784399993, 31.294649330000102 ], [ -7.35533958499991, 31.295653895 ], [ -7.35165618099995, 31.295653895 ], [ -7.32108718699993, 31.3109383920001 ], [ -7.31448728499993, 31.314070916 ], [ -7.29553227999992, 31.324280312 ], [ -7.27731838999995, 31.335166775000101 ], [ -7.25287398099993, 31.348895827 ], [ -7.23855049599996, 31.368524306 ], [ -7.23378724999992, 31.37568422 ], [ -7.23881007399996, 31.392426966000102 ], [ -7.21972334399993, 31.412518261000098 ], [ -7.21369595499993, 31.4158668110001 ], [ -7.20481023399992, 31.419940292 ], [ -7.18568772399993, 31.428920599 ], [ -7.18481444199995, 31.429449861000101 ], [ -7.18489212499992, 31.428983765000101 ], [ -7.17448198299991, 31.4173838930001 ], [ -7.16436927399991, 31.42154795 ], [ -7.16050264999996, 31.426306872000101 ], [ -7.15574372799994, 31.428388900000101 ], [ -7.14473872099995, 31.400430233000101 ], [ -7.1393849339999, 31.380502247 ], [ -7.12748762899992, 31.3665229140001 ], [ -7.12183640899991, 31.368604942 ], [ -7.11648262099993, 31.368307510000101 ], [ -7.10042125999991, 31.3650357510001 ], [ -7.06145758599996, 31.370092106000101 ], [ -7.05683715499992, 31.3736184780001 ], [ -7.05283203999994, 31.376933056 ], [ -7.04599108899993, 31.386153467 ], [ -7.04004243699995, 31.390020092 ], [ -7.03736554299991, 31.389127794 ], [ -7.03609323799992, 31.3881099500001 ], [ -7.02308877699994, 31.3635485880001 ], [ -7.00940687599996, 31.3391591130001 ], [ -7.00164349999994, 31.344961920000099 ], [ -6.99661727299991, 31.348676957000102 ], [ -6.97855055499991, 31.350676107000101 ], [ -6.97237640299994, 31.350970114000098 ], [ -6.93678180699993, 31.3469032450001 ], [ -6.92327719799994, 31.345383977 ], [ -6.90416672899994, 31.345089969000099 ], [ -6.8612416759999, 31.343913941 ], [ -6.80832037699991, 31.343325926 ], [ -6.79126795899992, 31.344795962 ], [ -6.75716312199995, 31.346265998 ], [ -6.74776228899992, 31.348188896000099 ], [ -6.74422680399994, 31.3489120630001 ], [ -6.73305452999995, 31.3489120630001 ], [ -6.71894218399996, 31.3577322800001 ], [ -6.71335604699993, 31.373608669000099 ], [ -6.71012196699991, 31.3927191380001 ], [ -6.70365380899994, 31.41888578 ], [ -6.70071373599995, 31.4691610140001 ], [ -6.69024508299992, 31.467187415000101 ], [ -6.66484485599995, 31.462398848000099 ], [ -6.63279806999992, 31.462104841 ], [ -6.56223633799993, 31.508851988000099 ], [ -6.52754348699995, 31.525904407 ], [ -6.5104910679999, 31.5326665730001 ], [ -6.49461467899994, 31.5364886660001 ], [ -6.48403041899991, 31.544426861000101 ], [ -6.48079633999992, 31.555011121000099 ], [ -6.47491619499993, 31.5491309770001 ] ] ] ] } },
{ "type": "Feature", "properties": { "OBJECTID": 57, "Code_Province": "08.577.", "Population": 322412, "Menages": 49990, "Etrangers": 111, "Marocains": 322301, "Nom_Provinces": "TINGHIR", "Code_Region": "08.", "Superficie_Ha": 1844818.08080604, "Shape__Area": 1.27167285693695, "Shape__Length": 8.2278508610739607, "zone_dattes": "TRUE", "zone_commune_datt_argan_txt": "FALSE" }, "geometry": { "type": "MultiPolygon", "coordinates": [ [ [ [ -5.03151954799995, 32.150811820000101 ], [ -5.02210595699995, 32.134979873000098 ], [ -5.01055291499995, 32.137547216000101 ], [ -5.00258772299992, 32.142120599000101 ], [ -4.99558772399996, 32.146120599000099 ], [ -4.98359581599993, 32.1520954920001 ], [ -4.95193192199991, 32.161936972 ], [ -4.93695575499993, 32.164932205000099 ], [ -4.92638772299995, 32.167020599000097 ], [ -4.92711427499995, 32.159369629000103 ], [ -4.94422989299994, 32.133268311000101 ], [ -4.95235981199994, 32.119575816000101 ], [ -4.96519652599994, 32.104599650000097 ], [ -4.97938772399993, 32.089520599000103 ], [ -4.99308772399991, 32.0757205990001 ], [ -4.99878772399995, 32.071620599000099 ], [ -5.00156721499991, 32.069084742000101 ], [ -5.01055291499995, 32.066089509000101 ], [ -5.03237532799994, 32.057103809000097 ], [ -5.03667688699994, 32.054475078000102 ], [ -5.03665423299992, 32.047690219000103 ], [ -5.03023587599995, 32.037420848000103 ], [ -5.02510119099992, 32.0318582720001 ], [ -5.02487243999991, 32.027054506000098 ], [ -5.06703445599993, 32.010463748000099 ], [ -5.07105760699994, 32.013447494 ], [ -5.06644602599994, 32.018366514 ], [ -5.05937917199992, 32.02157872 ], [ -5.05845310799992, 32.021999658000098 ], [ -5.06227227899996, 32.026617543 ], [ -5.07118772399991, 32.023520599000101 ], [ -5.08158772299993, 32.014620599000096 ], [ -5.08457796499994, 32.011319529 ], [ -5.11270029299993, 32.004375745000097 ], [ -5.11478772399994, 32.000120599000098 ], [ -5.11923709199993, 31.99377602 ], [ -5.09056843099995, 31.989497116000098 ], [ -5.07473648399991, 31.9856461020001 ], [ -5.06874601799996, 31.9813671970001 ], [ -5.05933242799995, 31.974520950000102 ], [ -5.05590930399995, 31.969386264 ], [ -5.05541099799995, 31.962908286000101 ], [ -5.05419774199993, 31.953982207000099 ], [ -5.05505352299991, 31.948419631 ], [ -5.06789023699992, 31.9321597940001 ], [ -5.08201062199993, 31.921462532000099 ], [ -5.09827045999992, 31.903063242000101 ], [ -5.10212147399994, 31.898784338 ], [ -5.11099119999994, 31.895679934 ], [ -5.11495818799994, 31.894077543 ], [ -5.11495818799994, 31.891510200000099 ], [ -5.11110717399993, 31.885947624 ], [ -5.10340514499995, 31.8773898150001 ], [ -5.09998202099996, 31.870115677000101 ], [ -5.09998202099996, 31.8666925530001 ], [ -5.10426092599994, 31.860702087 ], [ -5.11835221699994, 31.854347191 ], [ -5.12908772299994, 31.852720599000101 ], [ -5.13421325799993, 31.850860606000101 ], [ -5.14662208199991, 31.851716387000099 ], [ -5.15774723399994, 31.857706853000099 ], [ -5.16887238599992, 31.859846306000101 ], [ -5.17229550999991, 31.8611299770001 ], [ -5.17657441399996, 31.8641252100001 ], [ -5.18384855199991, 31.870115677000101 ], [ -5.18769956599993, 31.8713993480001 ], [ -5.19026690899994, 31.8713993480001 ], [ -5.19326214199992, 31.870115677000101 ], [ -5.19754104699996, 31.867548334 ], [ -5.20823830799992, 31.848293263000102 ], [ -5.21807978899994, 31.8388796730001 ], [ -5.2300607219999, 31.8328892070001 ], [ -5.23690696899996, 31.828610302000101 ], [ -5.24760423099991, 31.818768821 ], [ -5.26728719199991, 31.802081093000101 ], [ -5.27456132999992, 31.798230079000099 ], [ -5.28825382499991, 31.787960708000099 ], [ -5.30708100499993, 31.780258680000099 ], [ -5.3182061569999, 31.772984542000099 ], [ -5.34687481799994, 31.761003609000099 ], [ -5.35586051799993, 31.759292047000098 ], [ -5.3669856699999, 31.746883224 ], [ -5.39651011199993, 31.729339715 ], [ -5.41474926499995, 31.719973663000101 ], [ -5.43166052499993, 31.709504513000098 ], [ -5.46188009899993, 31.6966611940001 ], [ -5.47887860899993, 31.683817875 ], [ -5.49398839599991, 31.6637974080001 ], [ -5.51476435299992, 31.640377238 ], [ -5.52114185199991, 31.629636187000099 ], [ -5.52194150199995, 31.6282894080001 ], [ -5.50478772299994, 31.623720599000102 ], [ -5.46938772299995, 31.616520599000101 ], [ -5.46185219999995, 31.616171270000098 ], [ -5.45983789999991, 31.6069630420001 ], [ -5.45427532399992, 31.5877079720001 ], [ -5.45170798199996, 31.5641739960001 ], [ -5.44594613299995, 31.562390567000101 ], [ -5.41662096399995, 31.554332516 ], [ -5.39351487899995, 31.539784240000099 ], [ -5.37982238399991, 31.5312264310001 ], [ -5.35586051799993, 31.521384950000101 ], [ -5.33018708999992, 31.511115579 ], [ -5.31563881499994, 31.493999960000099 ], [ -5.31358274399992, 31.488852836 ], [ -5.31093201899995, 31.4824469180001 ], [ -5.29306250199994, 31.477722793000101 ], [ -5.29218772399992, 31.477620599000101 ], [ -5.27504449299994, 31.473502503000098 ], [ -5.21228620899996, 31.473799935 ], [ -5.20425552899991, 31.465174389000101 ], [ -5.19214500499993, 31.455937549000101 ], [ -5.18878903199993, 31.453574517 ], [ -5.18968772399995, 31.4476205990001 ], [ -5.19467534199993, 31.435841552000099 ], [ -5.19562998199996, 31.432159368 ], [ -5.17540456399996, 31.444354105000102 ], [ -5.18052721899994, 31.403766916000102 ], [ -5.18313781199993, 31.383082984000101 ], [ -5.20752728699995, 31.335493764 ], [ -5.21364184099991, 31.326404563 ], [ -5.22775270599993, 31.305453069000102 ], [ -5.23013216699991, 31.279278998000098 ], [ -5.23637825199995, 31.2635150690001 ], [ -5.22983473399995, 31.2617304730001 ], [ -5.22795592499994, 31.2617304730001 ], [ -5.21016266499993, 31.2617304730001 ], [ -5.18305314499992, 31.2573172960001 ], [ -5.18284037999996, 31.256971551 ], [ -5.16068772299991, 31.251120599 ], [ -5.15708772399995, 31.249320599 ], [ -5.15467359199994, 31.249996556 ], [ -5.13644088999996, 31.246561409 ], [ -5.12930250699992, 31.247156275000101 ], [ -5.11472830799994, 31.249238303000102 ], [ -5.07100571199993, 31.2614330410001 ], [ -5.03977528699994, 31.274222643000101 ], [ -5.00467823699995, 31.2890942750001 ], [ -4.98950917299993, 31.296827523 ], [ -4.96868888899991, 31.305155637 ], [ -4.94459684599991, 31.311401722000099 ], [ -4.93699529799994, 31.312827012000099 ], [ -4.92556115799994, 31.314970913000099 ], [ -4.90831006599995, 31.3182426720001 ], [ -4.88511032099996, 31.3194324030001 ], [ -4.84465948399992, 31.325083622000101 ], [ -4.83097758299993, 31.328355381000101 ], [ -4.81610595199993, 31.328950247000101 ], [ -4.80730817499994, 31.331882839000102 ], [ -4.78796882599994, 31.330615869 ], [ -4.765126, 31.330615869 ], [ -4.74894566499995, 31.328236408000102 ], [ -4.73704835999996, 31.324429271 ], [ -4.7199162409999, 31.3230015940001 ], [ -4.70563947499994, 31.316814995000101 ], [ -4.68184595799994, 31.3114331290001 ], [ -4.67423058999992, 31.310152505000101 ], [ -4.66488772399992, 31.3165205990001 ], [ -4.65859658399995, 31.3168842490001 ], [ -4.65662257799994, 31.315863211000099 ], [ -4.61855120199993, 31.308248936 ], [ -4.61308772399991, 31.312320599000099 ], [ -4.60531054999996, 31.320109318 ], [ -4.60284675899993, 31.3230015940001 ], [ -4.57568259299995, 31.324337537000101 ], [ -4.57381733499994, 31.324429271 ], [ -4.53193882099993, 31.3225257020001 ], [ -4.53146292899993, 31.310628397000102 ], [ -4.53622185099994, 31.3011105530001 ], [ -4.54478791099996, 31.2877855710001 ], [ -4.55197270299993, 31.269823592000101 ], [ -4.55525753899991, 31.259707931 ], [ -4.55716110799994, 31.247810626 ], [ -4.55640995099992, 31.237944475000099 ], [ -4.55573343099991, 31.231630291 ], [ -4.55668521599995, 31.212594603000099 ], [ -4.56270219699991, 31.204892867000101 ], [ -4.56858252099994, 31.197366053000099 ], [ -4.57952804099994, 31.190227670000102 ], [ -4.59475659199995, 31.172619659000102 ], [ -4.64139402799992, 31.138831312 ], [ -4.67280291299994, 31.09933226 ], [ -4.67923835499994, 31.092727464000099 ], [ -4.70944661199991, 31.0617367760001 ], [ -4.71135018099994, 31.044128764 ], [ -4.70554027199995, 30.9867117370001 ], [ -4.70468768999996, 30.977503856000101 ], [ -4.70421179799996, 30.953709246000098 ], [ -4.70088055299993, 30.909451271000101 ], [ -4.70135644499993, 30.86804865 ], [ -4.75751172499992, 30.8318808420001 ], [ -4.79320363999994, 30.802375526 ], [ -4.83317858499993, 30.754310414000098 ], [ -4.86173211699992, 30.734798833000099 ], [ -4.92026685799993, 30.7029140560001 ], [ -4.94596503599996, 30.681498907 ], [ -4.972615, 30.666270356 ], [ -4.98784354999992, 30.655324836000101 ], [ -4.99831317899992, 30.644379315 ], [ -5.01354172899994, 30.629626657000099 ], [ -5.03876401599996, 30.609639185 ], [ -5.05922737999992, 30.58917582 ], [ -5.07540771499993, 30.570140132000098 ], [ -5.09491929499995, 30.553008013000099 ], [ -5.12014158199992, 30.5358758930001 ], [ -5.14441208399995, 30.513508960000099 ], [ -5.18105578399991, 30.4811482900001 ], [ -5.21662872599995, 30.464254117000099 ], [ -5.22001393899995, 30.466926653000101 ], [ -5.23697311699993, 30.480315479000101 ], [ -5.24339766199995, 30.544917845 ], [ -5.22387735899991, 30.575160568000101 ], [ -5.2143682379999, 30.588699928 ], [ -5.19247719699996, 30.612494538000099 ], [ -5.18771827499995, 30.632957902 ], [ -5.18867005899994, 30.651041806000102 ], [ -5.21069647199994, 30.659963062000099 ], [ -5.24375458099991, 30.672694901000099 ], [ -5.29193866699995, 30.688042425 ], [ -5.30053851399992, 30.692730532 ], [ -5.33191361199994, 30.712669846 ], [ -5.33048593499996, 30.7376541870001 ], [ -5.31335381599996, 30.747647923 ], [ -5.27587730499994, 30.759426255000101 ], [ -5.30086164499994, 30.7801275660001 ], [ -5.33084285399991, 30.8026134720001 ], [ -5.35511335599995, 30.7844105950001 ], [ -5.35841058499994, 30.7904188790001 ], [ -5.37117471799991, 30.8136779660001 ], [ -5.35011648799991, 30.887917149000099 ], [ -5.37367315199992, 30.8950555320001 ], [ -5.36867628399994, 30.9071907830001 ], [ -5.33940262099992, 30.911601883000099 ], [ -5.33741016699991, 30.9119021160001 ], [ -5.32013527999993, 30.915043005000101 ], [ -5.32120603699991, 30.94645189 ], [ -5.30300315999995, 30.9753623410001 ], [ -5.28752339199991, 30.987072312000102 ], [ -5.30764310899991, 30.99285138 ], [ -5.34940264999994, 31.0246171840001 ], [ -5.35343671799995, 31.021577826000101 ], [ -5.36476314299995, 31.021142194 ], [ -5.41224700099991, 31.0228847210001 ], [ -5.45145385599994, 31.020706562 ], [ -5.51113540099993, 31.0167858770001 ], [ -5.55774799499994, 31.0250628790001 ], [ -5.56863878899992, 31.024191616000099 ], [ -5.62047896299992, 31.012865191000099 ], [ -5.65315134199994, 31.0167858770001 ], [ -5.68582372099991, 31.0259341430001 ], [ -5.72698961099991, 31.041988839000101 ], [ -5.75421790199994, 31.055121468 ], [ -5.77145817499991, 31.066347310000101 ], [ -5.78881962399993, 31.078366775000099 ], [ -5.81586341999991, 31.102739579000101 ], [ -5.84123784599995, 31.128447878000099 ], [ -5.85150628299993, 31.148904937000101 ], [ -5.85678772399996, 31.149920599 ], [ -5.87162038199994, 31.151485186000102 ], [ -5.90033354799993, 31.141802839 ], [ -5.90416816999993, 31.138269669000099 ], [ -5.92069986299992, 31.1234397680001 ], [ -5.94564458199994, 31.113755348 ], [ -5.95513709599993, 31.105684418000099 ], [ -5.96176636799993, 31.093057232 ], [ -5.96343573799993, 31.091053988000098 ], [ -5.96865285399991, 31.084931655000101 ], [ -5.96923202299996, 31.0834703670001 ], [ -5.98858776799995, 31.0938926910001 ], [ -6.00514177299993, 31.0969421130001 ], [ -6.01341877599992, 31.0908432690001 ], [ -6.02254534999991, 31.084589817000101 ], [ -6.02587017999991, 31.0823732630001 ], [ -6.04826931299993, 31.069932947 ], [ -6.08050606099994, 31.043795043 ], [ -6.11579222999995, 31.027241038000099 ], [ -6.15151403099992, 31.005023820000101 ], [ -6.23167026799996, 30.962767543 ], [ -6.24136489999995, 30.9601740210001 ], [ -6.25323838999992, 30.957838253 ], [ -6.25524163399996, 30.970525466000101 ], [ -6.25624325599995, 30.988554663000102 ], [ -6.25590938199991, 31.019271073000098 ], [ -6.2685965949999, 31.083708759 ], [ -6.27193533499991, 31.195556557000099 ], [ -6.27282423899993, 31.199788482000098 ], [ -6.27294404399993, 31.20224448 ], [ -6.27247404899992, 31.205323718 ], [ -6.27375309399991, 31.212482829000098 ], [ -6.28366087699993, 31.216507865 ], [ -6.2889243859999, 31.2341561040001 ], [ -6.28582820399992, 31.246231214000101 ], [ -6.29047247699992, 31.263569834000101 ], [ -6.29202056899993, 31.277193036000099 ], [ -6.28489934999993, 31.2957701290001 ], [ -6.27952615099991, 31.299937100000101 ], [ -6.27096652999995, 31.307845240000098 ], [ -6.27550710599991, 31.312874801000099 ], [ -6.29109171399995, 31.330137751000098 ], [ -6.31214575299992, 31.3499533170001 ], [ -6.32703900699994, 31.369387069000101 ], [ -6.35208650299995, 31.401969178000101 ], [ -6.37190206899993, 31.4245713080001 ], [ -6.38924068899991, 31.4372656550001 ], [ -6.40224465399996, 31.4484119100001 ], [ -6.41710632799993, 31.466989003 ], [ -6.42639487499991, 31.482469914 ], [ -6.42391792899991, 31.493306552 ], [ -6.41725477399996, 31.517173808000098 ], [ -6.43557900699994, 31.538179636000098 ], [ -6.44568772399992, 31.550620599000101 ], [ -6.44778953499991, 31.551206558 ], [ -6.42764596099994, 31.5758534510001 ], [ -6.40625234099991, 31.587467131 ], [ -6.39708364699993, 31.5911346080001 ], [ -6.39339617399992, 31.592197100000099 ], [ -6.34573895799991, 31.607027012000099 ], [ -6.31578788999991, 31.619863184000099 ], [ -6.26749943399994, 31.634533095000101 ], [ -6.20637480499994, 31.658982946 ], [ -6.17650215699996, 31.6699018690001 ], [ -6.14381319399996, 31.683273423000099 ], [ -6.14365173699991, 31.683339468 ], [ -6.13829443499992, 31.685530894000099 ], [ -6.13787029099995, 31.685714956000101 ], [ -6.11848089599994, 31.69228287 ], [ -6.10081781299993, 31.696392149000101 ], [ -6.05974032899991, 31.70623363 ], [ -6.01609550099994, 31.721209796 ], [ -6.01083811299992, 31.724601659000101 ], [ -6.00283089699991, 31.729767605000099 ], [ -5.97929692199994, 31.740892757 ], [ -5.96560442699996, 31.751590019 ], [ -5.95191193199991, 31.769133528000101 ], [ -5.94634935599993, 31.783253913000099 ], [ -5.92752217599991, 31.8136341360001 ], [ -5.92217800299994, 31.819646330000101 ], [ -5.92067592799992, 31.821336164000101 ], [ -5.89671406199994, 31.8311776450001 ], [ -5.85392501599995, 31.839735454 ], [ -5.81712643599991, 31.857706853000099 ], [ -5.82143563499994, 31.863055107 ], [ -5.82525635499991, 31.8684041150001 ], [ -5.81798119199993, 31.873933239000099 ], [ -5.77177004699996, 31.909053709 ], [ -5.71785584899993, 31.955265879000098 ], [ -5.67938772399992, 31.983720599 ], [ -5.66736477499995, 31.998054925000101 ], [ -5.6476818129999, 32.017737886000099 ], [ -5.63612877099996, 32.024584134000101 ], [ -5.62500361899993, 32.010463748000099 ], [ -5.59804651999991, 31.962540017 ], [ -5.56424317299991, 31.934727137 ], [ -5.53172349799991, 31.917611518000101 ], [ -5.50958772399991, 31.891920599000098 ], [ -5.50733374199996, 31.888087076000101 ], [ -5.50476639899995, 31.877817705 ], [ -5.49364124699991, 31.891082309000101 ], [ -5.48979023299995, 31.893221762000099 ], [ -5.47994875199993, 31.8949333240001 ], [ -5.47310250499993, 31.8979285570001 ], [ -5.46069368099995, 31.8996401190001 ], [ -5.43673181499992, 31.8966448850001 ], [ -5.42218353999993, 31.885947624 ], [ -5.41405362099994, 31.874822472000101 ], [ -5.41297466599991, 31.8755931540001 ], [ -5.40506792099995, 31.881240829 ], [ -5.39693800199995, 31.891082309000101 ], [ -5.38025027399993, 31.913332614000101 ], [ -5.37383191699996, 31.930448232000099 ], [ -5.36441832699995, 31.9454243980001 ], [ -5.35286528499995, 31.9676747020001 ], [ -5.35286528499995, 31.971953607 ], [ -5.35359507499993, 31.9745078710001 ], [ -5.34858637999991, 31.968958374000099 ], [ -5.34387958499991, 31.9663910310001 ], [ -5.33275443299993, 31.9663910310001 ], [ -5.32676396699992, 31.966818921000101 ], [ -5.32334084299992, 31.9676747020001 ], [ -5.32034560999995, 31.975376731 ], [ -5.31906193799995, 31.9886413350001 ], [ -5.31429982699995, 32.002020599 ], [ -5.30536944299996, 32.033569833000101 ], [ -5.30322999099991, 32.039560300000097 ], [ -5.29424429099993, 32.053680685000103 ], [ -5.28565958999991, 32.057666666 ], [ -5.27584500199993, 32.061810604000101 ], [ -5.25530625899995, 32.072935756 ], [ -5.23476751699991, 32.086200360000099 ], [ -5.21166143199991, 32.087056141000097 ], [ -5.19369003299994, 32.090479265000099 ], [ -5.17186761899995, 32.099464965 ], [ -5.15517989099993, 32.108450664000102 ], [ -5.14234317699993, 32.114013240000098 ], [ -5.13763638199993, 32.125138392000103 ], [ -5.12693912099991, 32.133268311000101 ], [ -5.10297725499993, 32.146960806 ], [ -5.07815960799991, 32.1580859580001 ], [ -5.06189976999991, 32.1623648630001 ], [ -5.04136102799993, 32.167071658000097 ], [ -5.03023587599995, 32.170494781000102 ], [ -5.03323110899993, 32.1580859580001 ], [ -5.03323110899993, 32.153807053 ], [ -5.03151954799995, 32.150811820000101 ] ] ] ] } },
{ "type": "Feature", "properties": { "OBJECTID": 58, "Code_Province": "08.587.", "Population": 307306, "Menages": 38067, "Etrangers": 122, "Marocains": 307184, "Nom_Provinces": "ZAGORA", "Code_Region": "08.", "Superficie_Ha": 2828758.0478726299, "Shape__Area": 1.97002753310016, "Shape__Length": 7.0667851516950799, "zone_dattes": "TRUE", "zone_commune_datt_argan_txt": "FALSE" }, "geometry": { "type": "MultiPolygon", "coordinates": [ [ [ [ -5.81586341999991, 31.102739579000101 ], [ -5.78881962399993, 31.078366775000099 ], [ -5.77145817499991, 31.066347310000101 ], [ -5.75421790199994, 31.055121468 ], [ -5.72698961099991, 31.041988839000101 ], [ -5.68582372099991, 31.0259341430001 ], [ -5.65315134199994, 31.0167858770001 ], [ -5.62047896299992, 31.012865191000099 ], [ -5.56863878899992, 31.024191616000099 ], [ -5.55774799499994, 31.0250628790001 ], [ -5.51113540099993, 31.0167858770001 ], [ -5.45145385599994, 31.020706562 ], [ -5.41224700099991, 31.0228847210001 ], [ -5.36476314299995, 31.021142194 ], [ -5.35343671799995, 31.021577826000101 ], [ -5.34940264999994, 31.0246171840001 ], [ -5.30764310899991, 30.99285138 ], [ -5.28752339199991, 30.987072312000102 ], [ -5.30300315999995, 30.9753623410001 ], [ -5.32120603699991, 30.94645189 ], [ -5.32013527999993, 30.915043005000101 ], [ -5.33741016699991, 30.9119021160001 ], [ -5.33940262099992, 30.911601883000099 ], [ -5.36867628399994, 30.9071907830001 ], [ -5.37367315199992, 30.8950555320001 ], [ -5.35011648799991, 30.887917149000099 ], [ -5.37117471799991, 30.8136779660001 ], [ -5.35841058499994, 30.7904188790001 ], [ -5.35511335599995, 30.7844105950001 ], [ -5.33084285399991, 30.8026134720001 ], [ -5.30086164499994, 30.7801275660001 ], [ -5.27587730499994, 30.759426255000101 ], [ -5.31335381599996, 30.747647923 ], [ -5.33048593499996, 30.7376541870001 ], [ -5.33191361199994, 30.712669846 ], [ -5.30053851399992, 30.692730532 ], [ -5.29193866699995, 30.688042425 ], [ -5.24375458099991, 30.672694901000099 ], [ -5.21069647199994, 30.659963062000099 ], [ -5.18867005899994, 30.651041806000102 ], [ -5.18771827499995, 30.632957902 ], [ -5.19247719699996, 30.612494538000099 ], [ -5.2143682379999, 30.588699928 ], [ -5.22387735899991, 30.575160568000101 ], [ -5.24339766199995, 30.544917845 ], [ -5.23697311699993, 30.480315479000101 ], [ -5.22001393899995, 30.466926653000101 ], [ -5.21662872599995, 30.464254117000099 ], [ -5.19713502399992, 30.4491713990001 ], [ -5.16677901799994, 30.425468903000102 ], [ -5.14536386899994, 30.419282304 ], [ -5.13248772399993, 30.423520599000099 ], [ -5.11681033699995, 30.4268965790001 ], [ -5.07778717599996, 30.398818939000101 ], [ -5.03638455499993, 30.3631270240001 ], [ -5.07731128399996, 30.311730667000099 ], [ -5.09920232499991, 30.279369997000099 ], [ -5.11347909099993, 30.247485219000101 ], [ -5.12442461199993, 30.228925424000099 ], [ -5.12870764199994, 30.217504011000099 ], [ -5.13489423999994, 30.208462059000102 ], [ -5.13822548599995, 30.18276388 ], [ -5.13870137799995, 30.140885366000099 ], [ -5.13092679799996, 30.010985472000101 ], [ -5.13061120999993, 30.0020438170001 ], [ -5.13917726999995, 30.000973059 ], [ -5.14631565299993, 29.994905434000099 ], [ -5.15523863199991, 29.989194727 ], [ -5.17558302299994, 29.977416395 ], [ -5.19842584899993, 29.962068872000099 ], [ -5.21912715999991, 29.947435187000099 ], [ -5.22504299499991, 29.943825524000101 ], [ -5.24018538999991, 29.9345860970001 ], [ -5.24696685399994, 29.924592361000101 ], [ -5.25232064099993, 29.916383221 ], [ -5.25945902399991, 29.91245711 ], [ -5.27587730499994, 29.905675646000098 ], [ -5.28515720299992, 29.898894182 ], [ -5.30074004399995, 29.877758060000101 ], [ -5.30300315999995, 29.8749805990001 ], [ -5.31335381599996, 29.8610607520001 ], [ -5.32299063299996, 29.847497824000101 ], [ -5.32763058199992, 29.837147169 ], [ -5.32941517699993, 29.8282241900001 ], [ -5.32548906699992, 29.814304343000099 ], [ -5.32049219899994, 29.797529143000101 ], [ -5.32334755199992, 29.789676922000101 ], [ -5.32642755199993, 29.782641211000101 ], [ -5.33165513199992, 29.773492945 ], [ -5.34298155699992, 29.756503308 ], [ -5.36389187999992, 29.731672300000099 ], [ -5.39699988999996, 29.693772340000098 ], [ -5.45493890899991, 29.621021843000101 ], [ -5.50068023999995, 29.563954087000099 ], [ -5.49980897699993, 29.56221156 ], [ -5.52594687999994, 29.531281708000101 ], [ -5.53901583099991, 29.512549544000102 ], [ -5.54772846599991, 29.5129851760001 ], [ -5.55426294199992, 29.510371386000099 ], [ -5.54729283399996, 29.499480593 ], [ -5.55295604699995, 29.488589800000099 ], [ -5.55382730999992, 29.482055324 ], [ -5.55731236399992, 29.47857027 ], [ -5.56602499799993, 29.476392111000099 ], [ -5.57125257899992, 29.480748429000101 ], [ -5.57212384199994, 29.487282904 ], [ -5.57778705499993, 29.490767958 ], [ -5.58253723699994, 29.489384977 ], [ -5.58867784799992, 29.489896695000098 ], [ -5.5995686409999, 29.489025431000101 ], [ -5.60697437999994, 29.4894610630001 ], [ -5.62047896299992, 29.492946117000098 ], [ -5.62919159799992, 29.501658751 ], [ -5.64792376199995, 29.5038369100001 ], [ -5.66317087199991, 29.512549544000102 ], [ -5.66926971599992, 29.52169781 ], [ -5.67493292799992, 29.525182864 ], [ -5.67667545499995, 29.530410445000101 ], [ -5.68974440699992, 29.5386874470001 ], [ -5.69497198799991, 29.536073657000099 ], [ -5.69802140999991, 29.532152972000102 ], [ -5.70804093899994, 29.522569074 ], [ -5.7150110469999, 29.519519652 ], [ -5.72720873499992, 29.51908402 ], [ -5.74202021299993, 29.5160345980001 ], [ -5.74855468899995, 29.5182127570001 ], [ -5.75160411099995, 29.523875969000098 ], [ -5.75029721599992, 29.529974813000099 ], [ -5.74768342599992, 29.5378161840001 ], [ -5.74245584499994, 29.553498926000099 ], [ -5.72720873499992, 29.570924195000099 ], [ -5.72372368099991, 29.576587407000101 ], [ -5.72241678599994, 29.581379356000099 ], [ -5.72372368099991, 29.5861713050001 ], [ -5.73243631599991, 29.594448308 ], [ -5.73722826499994, 29.596190835000101 ], [ -5.74332710899995, 29.598368993000101 ], [ -5.74855468899995, 29.602289679000101 ], [ -5.75683169199993, 29.6035965740001 ], [ -5.77207880199995, 29.6079528910001 ], [ -5.78601901699994, 29.609695418000101 ], [ -5.79560291499996, 29.613616103000101 ], [ -5.80257302299992, 29.614922999 ], [ -5.82043392299994, 29.610566681000101 ], [ -5.84134424599995, 29.608388523000102 ], [ -5.86312583199992, 29.607517259000101 ], [ -5.86966030799994, 29.604903469000099 ], [ -5.87880857399995, 29.5953195710001 ], [ -5.88926373499993, 29.596626466000099 ], [ -5.90233268699996, 29.5953195710001 ], [ -5.91525773299992, 29.596744378 ], [ -5.92527265199993, 29.596143483 ], [ -5.93508727399995, 29.5943407970001 ], [ -5.94309920899991, 29.5921375150001 ], [ -5.95812158899991, 29.5899342320001 ], [ -5.96813650899992, 29.587130055 ], [ -5.97494665399995, 29.584926773000099 ], [ -5.98476127499993, 29.582923789000098 ], [ -5.99555787499992, 29.578765566000101 ], [ -6.0121118799999, 29.576151775000099 ], [ -6.01690382899994, 29.573102353000099 ], [ -6.02300267299995, 29.572231090000098 ], [ -6.03084404399993, 29.5748448800001 ], [ -6.03781415199995, 29.573102353000099 ], [ -6.04783368199992, 29.5665678780001 ], [ -6.05001183999991, 29.565696614 ], [ -6.06003136999993, 29.563082824 ], [ -6.06874400399994, 29.562647192 ], [ -6.0844267459999, 29.565696614 ], [ -6.09052558999991, 29.565696614 ], [ -6.10272327799992, 29.570488563000101 ], [ -6.11187154499993, 29.569181668000098 ], [ -6.12276233799991, 29.570052931000099 ], [ -6.13713818399992, 29.576587407000101 ], [ -6.14977150399994, 29.5778943020001 ], [ -6.16022666599991, 29.582250620000099 ], [ -6.16763240499995, 29.582250620000099 ], [ -6.17503814399993, 29.579636829 ], [ -6.18418640999994, 29.577458671 ], [ -6.1998691519999, 29.577458671 ], [ -6.21468063099991, 29.576151775000099 ], [ -6.22077947499992, 29.5778943020001 ], [ -6.22121510599993, 29.572231090000098 ], [ -6.23515532199991, 29.570488563000101 ], [ -6.23820474399991, 29.5687460360001 ], [ -6.24735300999993, 29.564825351000099 ], [ -6.26172885699992, 29.568310404 ], [ -6.27566907199991, 29.567439141000101 ], [ -6.29004491799992, 29.571359827 ], [ -6.30442076499992, 29.566132246000102 ], [ -6.31487592599996, 29.5696173000001 ], [ -6.34580577899993, 29.566132246000102 ], [ -6.35495404499994, 29.5687460360001 ], [ -6.37020115499996, 29.5687460360001 ], [ -6.38152757999995, 29.565260982 ], [ -6.38806205599991, 29.560033402 ], [ -6.39111147799991, 29.551756399000102 ], [ -6.39895284899995, 29.560904665000098 ], [ -6.41986317099992, 29.564389719000101 ], [ -6.44774360099995, 29.565696614 ], [ -6.42073443499993, 29.627991950000101 ], [ -6.4050516929999, 29.646724114000101 ], [ -6.40635858799993, 29.661535593000099 ], [ -6.42117006599995, 29.681574652000101 ], [ -6.42465511999995, 29.700306816000101 ], [ -6.41245743199994, 29.723830929000101 ], [ -6.38980458199995, 29.745612515000101 ], [ -6.39721032199992, 29.765215942000101 ], [ -6.40447760099994, 29.790437676000099 ], [ -6.40418042899995, 29.790482582 ], [ -6.40374479799993, 29.802680270000099 ], [ -6.40635858799993, 29.826640015000098 ], [ -6.40635858799993, 29.848421601 ], [ -6.41376432699991, 29.869767555000099 ], [ -6.41594248599995, 29.888499719 ], [ -6.42073443499993, 29.9024399340001 ], [ -6.42029880299992, 29.920736467 ], [ -6.42117006599995, 29.9333697870001 ], [ -6.42247696199991, 29.9455674750001 ], [ -6.43031833299994, 29.958636426000101 ], [ -6.42944706899993, 29.964735271000102 ], [ -6.43118959599991, 29.970834115000098 ], [ -6.43124673999995, 29.970857439 ], [ -6.43058772399991, 29.971520599000101 ], [ -6.43048772299994, 29.971620599000101 ], [ -6.42955910799992, 29.9718883080001 ], [ -6.43118959599991, 29.9734479050001 ], [ -6.40298772299991, 29.996920599000099 ], [ -6.39879718499992, 30.000800728000101 ], [ -6.35669657199992, 30.011783496000099 ], [ -6.35408278099993, 30.031386924000099 ], [ -6.36584483799993, 30.039228295 ], [ -6.36832810999994, 30.039228295 ], [ -6.36869296399993, 30.04020124 ], [ -6.38806205599991, 30.040535190000099 ], [ -6.39633905799991, 30.0466340340001 ], [ -6.47910908499995, 30.025723711000101 ], [ -6.48412325699991, 30.036006410000098 ], [ -6.50786077899994, 30.076256991 ], [ -6.48825735099996, 30.127225902000099 ], [ -6.50132630299993, 30.147700593000099 ], [ -6.51570214999992, 30.1598982820001 ], [ -6.56318600699995, 30.204332717000099 ], [ -6.58782624099996, 30.227501891000099 ], [ -6.58788772399992, 30.2295205990001 ], [ -6.58635779699995, 30.2330068250001 ], [ -6.55970095399994, 30.256172892000102 ], [ -6.53948772299992, 30.271620599000101 ], [ -6.51134583299995, 30.290152166 ], [ -6.51134583299995, 30.291459061000101 ], [ -6.51172628999995, 30.308872808 ], [ -6.51221709599992, 30.316725701000099 ], [ -6.54837452899994, 30.341556709000098 ], [ -6.57756185399995, 30.377278510000099 ], [ -6.61224855599994, 30.412762607 ], [ -6.61868772399992, 30.414720599000098 ], [ -6.6382877229999, 30.4157205990001 ], [ -6.64214123899995, 30.424506538000099 ], [ -6.64377787599994, 30.428247422000101 ], [ -6.63942155899991, 30.439573846000101 ], [ -6.64234090399992, 30.441202409000098 ], [ -6.65756358199991, 30.461833144000099 ], [ -6.67178476799995, 30.460831652000099 ], [ -6.68921072899991, 30.4474116590001 ], [ -6.73327637499995, 30.436795844000098 ], [ -6.81039125699994, 30.4231755530001 ], [ -6.83242408099994, 30.4606313530001 ], [ -6.85342179499992, 30.458074196 ], [ -6.86085969799996, 30.457168388000099 ], [ -6.86278551199996, 30.456933857000099 ], [ -6.87568853399995, 30.451217329000102 ], [ -6.88269897799995, 30.465638813000101 ], [ -6.89171240499991, 30.480060297000101 ], [ -6.89211300199992, 30.496084169000099 ], [ -6.90348453899992, 30.525714234000102 ], [ -6.90633418799996, 30.5331393720001 ], [ -6.92489504199995, 30.54210342 ], [ -6.94158670599995, 30.550164735000099 ], [ -6.97884220699996, 30.5685921880001 ], [ -6.97279665599996, 30.5753175820001 ], [ -6.95781087599994, 30.589823818000099 ], [ -6.93858222999995, 30.610654851 ], [ -6.93397536699996, 30.621671262000099 ], [ -6.94539237499992, 30.634890956 ], [ -6.95861206899991, 30.64811065 ], [ -6.97623832799991, 30.668941683000099 ], [ -6.97804101299994, 30.685766748 ], [ -6.96782579499995, 30.701189725000098 ], [ -6.92115626899994, 30.732235976000101 ], [ -6.90553299499993, 30.750062533000101 ], [ -6.88370046999995, 30.7710938650001 ], [ -6.81680080599994, 30.814959213000101 ], [ -6.78435246599992, 30.852415013 ], [ -6.74369189199996, 30.886465740000101 ], [ -6.74041002899992, 30.888542111000099 ], [ -6.74135938099994, 30.887838887 ], [ -6.71696400499991, 30.888710151000101 ], [ -6.68298473099992, 30.887838887 ], [ -6.65684682699992, 30.870413618 ], [ -6.63894549099996, 30.8559770570001 ], [ -6.63288708299995, 30.850374559 ], [ -6.62944736999992, 30.831210445000099 ], [ -6.62678823899995, 30.816395285000102 ], [ -6.59976952499994, 30.842482319000101 ], [ -6.58801701599992, 30.8538596130001 ], [ -6.50001940799996, 30.887838887 ], [ -6.45166428699991, 30.900036575000101 ], [ -6.41909975599992, 30.91008823 ], [ -6.39982411199992, 30.9157193170001 ], [ -6.31051960899992, 30.946213538000102 ], [ -6.29832192099991, 30.948391696 ], [ -6.25323838999992, 30.957838253 ], [ -6.24136489999995, 30.9601740210001 ], [ -6.23167026799996, 30.962767543 ], [ -6.15151403099992, 31.005023820000101 ], [ -6.11579222999995, 31.027241038000099 ], [ -6.08050606099994, 31.043795043 ], [ -6.04826931299993, 31.069932947 ], [ -6.02587017999991, 31.0823732630001 ], [ -6.02254534999991, 31.084589817000101 ], [ -6.01341877599992, 31.0908432690001 ], [ -6.00514177299993, 31.0969421130001 ], [ -5.98858776799995, 31.0938926910001 ], [ -5.96923202299996, 31.0834703670001 ], [ -5.96865285399991, 31.084931655000101 ], [ -5.96343573799993, 31.091053988000098 ], [ -5.96176636799993, 31.093057232 ], [ -5.95513709599993, 31.105684418000099 ], [ -5.94564458199994, 31.113755348 ], [ -5.92069986299992, 31.1234397680001 ], [ -5.90416816999993, 31.138269669000099 ], [ -5.90033354799993, 31.141802839 ], [ -5.87162038199994, 31.151485186000102 ], [ -5.85678772399996, 31.149920599 ], [ -5.85150628299993, 31.148904937000101 ], [ -5.84123784599995, 31.128447878000099 ], [ -5.81586341999991, 31.102739579000101 ] ] ] ] } },
{ "type": "Feature", "properties": { "OBJECTID": 59, "Code_Province": "09.001.", "Population": 600599, "Menages": 143752, "Etrangers": 3708, "Marocains": 596891, "Nom_Provinces": "AGADIR IDA OU TANAN", "Code_Region": "09.", "Superficie_Ha": 326769.09943459701, "Shape__Area": 0.22686634263149599, "Shape__Length": 2.8091652322295899, "zone_dattes": "FALSE", "zone_commune_datt_argan_txt": "FALSE" }, "geometry": { "type": "MultiPolygon", "coordinates": [ [ [ [ -9.76587781499995, 30.914557633000101 ], [ -9.768419, 30.896406311000099 ], [ -9.76914505199994, 30.892231507000101 ], [ -9.767148406999921, 30.884426439 ], [ -9.762332952999939, 30.8827740770001 ], [ -9.73411300199996, 30.873354132000099 ], [ -9.73534840099995, 30.8655616140001 ], [ -9.738832344999929, 30.843948991 ], [ -9.719591943999941, 30.800567332000099 ], [ -9.716324705999909, 30.791673185 ], [ -9.71383583699992, 30.791295129 ], [ -9.697084304999921, 30.788950487000101 ], [ -9.687827130999951, 30.786227788000101 ], [ -9.67965903599992, 30.791854698000101 ], [ -9.66223376799991, 30.803108517000101 ], [ -9.654065672999931, 30.807283321000099 ], [ -9.64789422299992, 30.801656412000099 ], [ -9.63845553599992, 30.800567332000099 ], [ -9.63301013999995, 30.808372401 ], [ -9.627383229999911, 30.820533786000102 ], [ -9.627323978999931, 30.8206353580001 ], [ -9.62539857999991, 30.823936043000099 ], [ -9.62538772399995, 30.8241205990001 ], [ -9.625378170999911, 30.824152275000099 ], [ -9.621756319999919, 30.830698526 ], [ -9.61286217299994, 30.8432229380001 ], [ -9.60832434199995, 30.849031361000101 ], [ -9.60505710399991, 30.8566549170001 ], [ -9.598297650999941, 30.857251339000101 ], [ -9.592714204999931, 30.857562483 ], [ -9.58690578299991, 30.852117086000099 ], [ -9.581823411999951, 30.843948991 ], [ -9.58007589399995, 30.841679471000099 ], [ -9.575288936999931, 30.8399557010001 ], [ -9.56875446099991, 30.8415893200001 ], [ -9.56422933399995, 30.8493237100001 ], [ -9.56278772399992, 30.8514205990001 ], [ -9.56270031899993, 30.853343507000101 ], [ -9.558226693999931, 30.861737287 ], [ -9.550240112999919, 30.872265053 ], [ -9.547122212999909, 30.877346075 ], [ -9.542979583999911, 30.884970978000101 ], [ -9.538048313999919, 30.8832383700001 ], [ -9.537987723999951, 30.883320599000101 ], [ -9.53418893999992, 30.882214625000099 ], [ -9.53829719599992, 30.867835728 ], [ -9.53264834399994, 30.8639842380001 ], [ -9.523849444999939, 30.862085400000101 ], [ -9.51236382899992, 30.86963309 ], [ -9.49336314399994, 30.8580786200001 ], [ -9.48180867399992, 30.854483896000101 ], [ -9.475389523999921, 30.851402704000101 ], [ -9.46024032899993, 30.846267384 ], [ -9.44380730499995, 30.838564403000099 ], [ -9.416076575999901, 30.848578278 ], [ -9.41376568199991, 30.8496053420001 ], [ -9.40965742599991, 30.854740662 ], [ -9.406319467999939, 30.861930110000099 ], [ -9.38629171899993, 30.8665518980001 ], [ -9.3830938879999, 30.865524024000099 ], [ -9.37268772399994, 30.862820599000099 ], [ -9.367887723999949, 30.8608205990001 ], [ -9.366710812999941, 30.860354276000098 ], [ -9.34906064799992, 30.856538024000098 ], [ -9.346492987999911, 30.856024492000099 ], [ -9.345722689999951, 30.8583353860001 ], [ -9.346236221999961, 30.874768410000101 ], [ -9.335965581999909, 30.887863477000099 ], [ -9.33158772399992, 30.884420599000102 ], [ -9.32569494099994, 30.877336071000101 ], [ -9.310705129999921, 30.860547482000101 ], [ -9.30978772399993, 30.858820599000101 ], [ -9.30438772299993, 30.852320599000102 ], [ -9.29591008399996, 30.8436997240001 ], [ -9.271003781999919, 30.831118189000101 ], [ -9.26243737899995, 30.822485237000102 ], [ -9.25494774699996, 30.813962552000099 ], [ -9.25008772399991, 30.805920599 ], [ -9.24848772399992, 30.8043205990001 ], [ -9.246628035999951, 30.803071555000098 ], [ -9.246687722999919, 30.793920599 ], [ -9.244484353999949, 30.780097044000101 ], [ -9.247458113999929, 30.751979387000102 ], [ -9.24177632399994, 30.731834859000099 ], [ -9.222923111999931, 30.714014699000099 ], [ -9.226797058999921, 30.709882488000101 ], [ -9.24719985099995, 30.7160808040001 ], [ -9.25516456999992, 30.711803455000101 ], [ -9.27208772399996, 30.702920599 ], [ -9.27560839399996, 30.700340937000099 ], [ -9.296199165999949, 30.689126320000099 ], [ -9.301861085999921, 30.686042596 ], [ -9.30607366799995, 30.683478416000099 ], [ -9.31156833999994, 30.670108048000099 ], [ -9.315597765999939, 30.639154729 ], [ -9.326770265999929, 30.623037025000102 ], [ -9.323839773999911, 30.600508870000098 ], [ -9.323656617999919, 30.595563665 ], [ -9.32622079799995, 30.569738707000099 ], [ -9.31248411899991, 30.559481986 ], [ -9.303692643999909, 30.5552694040001 ], [ -9.29874743899995, 30.553437847000101 ], [ -9.29736318099992, 30.552053590000099 ], [ -9.289406496999961, 30.541349569000101 ], [ -9.289040184999919, 30.540433790000101 ], [ -9.28451008299993, 30.5179492920001 ], [ -9.28208772399995, 30.515020599000099 ], [ -9.278987723999929, 30.5101205990001 ], [ -9.27398772299995, 30.500120599000098 ], [ -9.27028772399996, 30.493820599000099 ], [ -9.26527613999991, 30.485737399000101 ], [ -9.27363261199991, 30.4846770280001 ], [ -9.285789785999951, 30.487876284 ], [ -9.31298346299991, 30.472839780000101 ], [ -9.30754472799992, 30.442446846000099 ], [ -9.307538913999901, 30.4384160480001 ], [ -9.32054297099995, 30.422115188000099 ], [ -9.32805235599994, 30.413873180000099 ], [ -9.329042485999929, 30.4125117510001 ], [ -9.32951760199995, 30.411858467000101 ], [ -9.33336387199995, 30.403616460000102 ], [ -9.334279650999919, 30.393909206 ], [ -9.33666067499991, 30.387132444000098 ], [ -9.34691739599992, 30.390612403 ], [ -9.352778378999909, 30.388964001000101 ], [ -9.36340141199992, 30.388414534 ], [ -9.369811861999951, 30.3821872390001 ], [ -9.379885427999911, 30.377608346 ], [ -9.389958992999929, 30.379256747000099 ], [ -9.40406198399995, 30.375044166000102 ], [ -9.407175630999919, 30.375776789 ], [ -9.40992296699994, 30.376326256000102 ], [ -9.41230399199992, 30.3774251900001 ], [ -9.414685015999909, 30.378890436000098 ], [ -9.42109546699993, 30.385300887000099 ], [ -9.426956449999921, 30.383286173 ], [ -9.43263427799991, 30.377058879000099 ], [ -9.441242596999929, 30.3752273210001 ], [ -9.44692042499992, 30.370831584000101 ], [ -9.45041761899995, 30.369969617 ], [ -9.454778221999961, 30.370475759 ], [ -9.45695852399996, 30.370125353 ], [ -9.46653627799992, 30.36666023 ], [ -9.469806730999951, 30.365998353000101 ], [ -9.47179236299991, 30.3656090140001 ], [ -9.47922874899996, 30.36498607 ], [ -9.48003462199995, 30.364585733000101 ], [ -9.48526351299995, 30.361988155000098 ], [ -9.49020812599991, 30.360158259000102 ], [ -9.491376144999951, 30.359496382000099 ], [ -9.49258309699991, 30.3588345040001 ], [ -9.494763398999909, 30.356498467000101 ], [ -9.496632228999941, 30.354473901000102 ], [ -9.498617860999961, 30.352955477000101 ], [ -9.50371820999993, 30.350658373 ], [ -9.50418541699992, 30.3503858350001 ], [ -9.504808360999959, 30.350814109000101 ], [ -9.50535343599995, 30.352059995 ], [ -9.5059374459999, 30.352137863000099 ], [ -9.510726322999909, 30.354162429 ], [ -9.51255621899992, 30.354980042000101 ], [ -9.517695501999921, 30.3570046080001 ], [ -9.517901372999919, 30.3570848630001 ], [ -9.52458681199994, 30.359691052000102 ], [ -9.520549028999939, 30.364237978000101 ], [ -9.51853431599994, 30.369549494000101 ], [ -9.519633249999909, 30.378157813000101 ], [ -9.51908378299993, 30.3799893700001 ], [ -9.521464806999919, 30.381637772000101 ], [ -9.51908378299993, 30.383286173 ], [ -9.516885913999941, 30.3847514190001 ], [ -9.51615329099991, 30.385850354000102 ], [ -9.51468772299995, 30.3875505590001 ], [ -9.512856487999951, 30.389330313000102 ], [ -9.52293005299993, 30.397389165 ], [ -9.52988997099993, 30.390978714000099 ], [ -9.533553084999941, 30.394275517 ], [ -9.54197824899995, 30.395923919 ], [ -9.54252771599994, 30.393542894000099 ], [ -9.54472558499992, 30.391345026000099 ], [ -9.54435927399993, 30.377608346 ], [ -9.55736332999993, 30.378157813000101 ], [ -9.55736332999993, 30.378890436000098 ], [ -9.56120960099992, 30.378890436000098 ], [ -9.55705773499994, 30.375342504000098 ], [ -9.55822575399992, 30.373668343000102 ], [ -9.558420423999911, 30.371410174000101 ], [ -9.560328187999909, 30.369502410000099 ], [ -9.56480559299996, 30.368412259000099 ], [ -9.56655762099996, 30.366932768000101 ], [ -9.567569903999919, 30.3645188630001 ], [ -9.56975020599992, 30.361949221000099 ], [ -9.57936689399992, 30.362338561000101 ], [ -9.59408393099994, 30.362961504000101 ], [ -9.596197581999951, 30.3633111870001 ], [ -9.60015381199992, 30.36398791 ], [ -9.60386752699992, 30.365191075 ], [ -9.60397277499993, 30.3656120670001 ], [ -9.604192255999919, 30.3664460940001 ], [ -9.604411736999911, 30.367104536000099 ], [ -9.604631216999911, 30.367762978000101 ], [ -9.604192255999919, 30.369035965000101 ], [ -9.603928878999911, 30.370045576000098 ], [ -9.603928878999911, 30.370396746 ], [ -9.604192255999919, 30.370396746 ], [ -9.604411736999911, 30.3707918110001 ], [ -9.60537745199991, 30.370923499000099 ], [ -9.60594810099991, 30.370967395 ], [ -9.60641384099995, 30.371182352000101 ], [ -9.60651875099995, 30.371230772 ], [ -9.60722108899995, 30.371713629000102 ], [ -9.607528361999931, 30.37193311 ], [ -9.60739667399992, 30.372152591000098 ], [ -9.607177192999931, 30.372152591000098 ], [ -9.606913815999921, 30.371845318000101 ], [ -9.606606542999939, 30.371538045000101 ], [ -9.606410499999919, 30.3713980140001 ], [ -9.60629926999991, 30.371318564 ], [ -9.605832825999929, 30.3713208550001 ], [ -9.60549616199995, 30.3713208550001 ], [ -9.60504727599994, 30.37176974 ], [ -9.604710611999909, 30.372443069 ], [ -9.60448616899993, 30.3733408400001 ], [ -9.60437394799993, 30.374238611000099 ], [ -9.60437394799993, 30.375585268000101 ], [ -9.604710611999909, 30.376595261 ], [ -9.604037283999959, 30.377268589 ], [ -9.60392506199992, 30.377941918000101 ], [ -9.60392506199992, 30.378615246 ], [ -9.604037283999959, 30.379625239000099 ], [ -9.603588397999941, 30.3800741250001 ], [ -9.603139511999929, 30.381084118 ], [ -9.60280284799995, 30.381533003000101 ], [ -9.60212951999995, 30.384001874 ], [ -9.60067064099991, 30.390510716000101 ], [ -9.600446197999929, 30.3918573730001 ], [ -9.600333976999931, 30.394775130000099 ], [ -9.60055841999991, 30.3988151010001 ], [ -9.601568411999949, 30.404089507 ], [ -9.60291506899995, 30.408353921000099 ], [ -9.60381284099992, 30.410037242 ], [ -9.604261725999949, 30.4111594570001 ], [ -9.60504727599994, 30.413852771000101 ], [ -9.6060572689999, 30.415648313000101 ], [ -9.61020946099995, 30.420698277 ], [ -9.611668339999939, 30.421820491000101 ], [ -9.61514720399992, 30.422830484000102 ], [ -9.616044974999911, 30.422718262 ], [ -9.616606081999921, 30.422044934 ], [ -9.616606081999921, 30.421446852000098 ], [ -9.61676166999996, 30.421202357000102 ], [ -9.617159326999911, 30.420760516000101 ], [ -9.61753350099991, 30.4208039150001 ], [ -9.616988988999941, 30.423090869000099 ], [ -9.61851362399995, 30.423308673000101 ], [ -9.619167039999921, 30.420695013000099 ], [ -9.617336063999909, 30.419302440000099 ], [ -9.617601168999951, 30.418993151000102 ], [ -9.619942926999951, 30.421025621000101 ], [ -9.629347984999921, 30.418125602000099 ], [ -9.62939832999996, 30.418330389000101 ], [ -9.62780770099994, 30.418904782000102 ], [ -9.6280970489999, 30.419932695000099 ], [ -9.62162192399995, 30.421644198000099 ], [ -9.621975396999909, 30.4227929850001 ], [ -9.62069167599992, 30.423417576000102 ], [ -9.62134508999992, 30.4245066010001 ], [ -9.62922159199991, 30.421997671 ], [ -9.62904485599995, 30.421467462000098 ], [ -9.629486697999941, 30.421290725000102 ], [ -9.62979598599992, 30.421246541000102 ], [ -9.630384001999911, 30.4212395250001 ], [ -9.63050293199996, 30.421732567 ], [ -9.63101338599995, 30.421798976 ], [ -9.63147498299992, 30.4222627760001 ], [ -9.62961924999991, 30.423102274000101 ], [ -9.629707617999941, 30.423985957000099 ], [ -9.63267095599991, 30.423526479000099 ], [ -9.63094477299995, 30.416209551000101 ], [ -9.63147498299992, 30.416076998000101 ], [ -9.632712137999929, 30.4203628580001 ], [ -9.638102600999961, 30.420804700000101 ], [ -9.63826296199994, 30.421273927000101 ], [ -9.636501756999911, 30.421273927000101 ], [ -9.63659960099994, 30.421665306000101 ], [ -9.633819150999949, 30.421471193000102 ], [ -9.633707553999949, 30.4228094680001 ], [ -9.63343929399991, 30.4231671480001 ], [ -9.63388817999993, 30.423616034000101 ], [ -9.634118072999909, 30.423328667000099 ], [ -9.636697445999911, 30.423328667000099 ], [ -9.637667120999939, 30.422673956 ], [ -9.638654340999951, 30.422741599000101 ], [ -9.640024167999909, 30.4217631510001 ], [ -9.64051339099996, 30.421860996000099 ], [ -9.636893135999911, 30.424600649000102 ], [ -9.63770494399995, 30.425399849000101 ], [ -9.63836770599994, 30.425134744 ], [ -9.63867699499991, 30.425355664000101 ], [ -9.63811021799995, 30.425919617000101 ], [ -9.63885373099993, 30.426725372000099 ], [ -9.640933392999949, 30.425312772 ], [ -9.64410032799992, 30.428665997000099 ], [ -9.64477365699992, 30.429788211000101 ], [ -9.64494830599995, 30.429613562 ], [ -9.645014249999919, 30.429884265000101 ], [ -9.64716683499995, 30.428416594000101 ], [ -9.64777892399991, 30.428978762 ], [ -9.649855576999929, 30.427741607000101 ], [ -9.64951301399992, 30.427054925 ], [ -9.64917683799996, 30.427096947000098 ], [ -9.64884066299993, 30.4265506620001 ], [ -9.64854650999996, 30.426634706000101 ], [ -9.64745394099992, 30.425458093000099 ], [ -9.64762202899993, 30.425205962000099 ], [ -9.64724383199996, 30.424743721000102 ], [ -9.64762202899993, 30.424617655000102 ], [ -9.647832137999959, 30.424785743000101 ], [ -9.64884066299993, 30.424113393000098 ], [ -9.64715978799995, 30.421970277000099 ], [ -9.64547891299992, 30.4204574880001 ], [ -9.64165492099994, 30.417894153000098 ], [ -9.64136076799991, 30.417936176000101 ], [ -9.64140278899993, 30.4174739350001 ], [ -9.640562350999909, 30.416423387000101 ], [ -9.64016898399996, 30.4164135780001 ], [ -9.64026819899993, 30.4158350810001 ], [ -9.640784845999921, 30.4160949860001 ], [ -9.64190683699991, 30.417684473000101 ], [ -9.64497464999994, 30.419575029 ], [ -9.64636137299993, 30.420499511000099 ], [ -9.64745394099992, 30.421634101000102 ], [ -9.648405034999939, 30.423013931000099 ], [ -9.650004332999909, 30.424894183 ], [ -9.651397011999959, 30.426707152000098 ], [ -9.651443760999941, 30.427595394 ], [ -9.65103049899994, 30.428284165 ], [ -9.647466970999909, 30.4319204180001 ], [ -9.64724252799993, 30.432257082 ], [ -9.648252520999961, 30.433940404000101 ], [ -9.649486955999921, 30.435623725000099 ], [ -9.65083361299992, 30.4391025890001 ], [ -9.65128249899993, 30.4396636960001 ], [ -9.653078041999949, 30.440224803 ], [ -9.65408803399993, 30.4406736890001 ], [ -9.65532246999993, 30.44078591 ], [ -9.65644468399995, 30.443142560000101 ], [ -9.656781347999919, 30.4432547810001 ], [ -9.65812800499992, 30.443815888000099 ], [ -9.659699104999961, 30.444713659000101 ], [ -9.661157982999949, 30.4458358740001 ], [ -9.66149464799992, 30.446284759 ], [ -9.661270204999941, 30.447294752000101 ], [ -9.661157982999949, 30.447968080000098 ], [ -9.661606868999909, 30.4486414090001 ], [ -9.66138242599993, 30.449426959 ], [ -9.66194353299994, 30.44953918 ], [ -9.66261686199994, 30.449988066000099 ], [ -9.66317796899995, 30.451783609000099 ], [ -9.66407573999993, 30.4540280370001 ], [ -9.664861289999919, 30.456272465 ], [ -9.66620794699992, 30.458516893000098 ], [ -9.66632016899996, 30.459751329000099 ], [ -9.66676905399993, 30.461771314000099 ], [ -9.667554603999919, 30.463230193000101 ], [ -9.668564596999939, 30.464689071000102 ], [ -9.669125703999949, 30.4653624000001 ], [ -9.669125703999949, 30.467606828 ], [ -9.66946236799993, 30.469290149000098 ], [ -9.669799031999959, 30.4719834630001 ], [ -9.67047236099995, 30.476360098 ], [ -9.67204346099993, 30.4779311980001 ], [ -9.671931238999949, 30.4791656340001 ], [ -9.672492345999959, 30.479502298000099 ], [ -9.673502338999921, 30.479053412 ], [ -9.673902363999961, 30.479053412 ], [ -9.674512331999949, 30.479053412 ], [ -9.67483207299995, 30.479628946000101 ], [ -9.675073438999959, 30.480063405000099 ], [ -9.675073438999959, 30.481696263000099 ], [ -9.67502526699991, 30.481714028000098 ], [ -9.67541010299993, 30.484888926000099 ], [ -9.67541010299993, 30.487133354 ], [ -9.67597120999994, 30.4889288970001 ], [ -9.676644538999939, 30.490836661000099 ], [ -9.676644538999939, 30.493642196000099 ], [ -9.67779224299994, 30.494925377000101 ], [ -9.67938804999994, 30.498602451000099 ], [ -9.680815725999929, 30.501029502000101 ], [ -9.683467237999929, 30.501970200000098 ], [ -9.686954735999899, 30.504027622000098 ], [ -9.68902486699994, 30.508524804 ], [ -9.690083410999931, 30.5142409440001 ], [ -9.69009562399992, 30.514235511 ], [ -9.691237764999929, 30.5188754590001 ], [ -9.69337928099992, 30.524300630000099 ], [ -9.69532287799996, 30.530334655 ], [ -9.699448352999919, 30.534851508000099 ], [ -9.700489620999919, 30.539717164000098 ], [ -9.70266811899995, 30.542536396000099 ], [ -9.704590321999939, 30.5431771300001 ], [ -9.70783058299992, 30.542477928 ], [ -9.71003208999991, 30.544679435 ], [ -9.71291987099994, 30.543946012 ], [ -9.712535429999949, 30.545099334 ], [ -9.714585780999929, 30.545611922 ], [ -9.716489843999909, 30.546000339 ], [ -9.718984884999941, 30.546000339 ], [ -9.72162669299991, 30.546147106 ], [ -9.72394050499992, 30.546252656 ], [ -9.72558940599993, 30.545560037000101 ], [ -9.72735061099991, 30.5465874080001 ], [ -9.729258582999931, 30.548495381000102 ], [ -9.731757466999911, 30.5490718880001 ], [ -9.733038934999909, 30.5507377980001 ], [ -9.73639444599991, 30.550259670000099 ], [ -9.73870801299995, 30.550926799000099 ], [ -9.74011018199991, 30.551088753 ], [ -9.74063537599994, 30.551283718 ], [ -9.73997337499992, 30.552318765000098 ], [ -9.740738553999959, 30.554274223 ], [ -9.7410786339999, 30.556824821000099 ], [ -9.743062426999931, 30.558065182000099 ], [ -9.743119111999929, 30.559715499 ], [ -9.744139350999941, 30.5615859370001 ], [ -9.74477563799991, 30.564204191 ], [ -9.74677438599991, 30.5712711910001 ], [ -9.748416212999929, 30.573698241 ], [ -9.74985525499994, 30.574919873000098 ], [ -9.75177125399995, 30.574840382 ], [ -9.74948772399995, 30.576420599000102 ], [ -9.75191402099995, 30.574768998000099 ], [ -9.75252979999993, 30.575799917 ], [ -9.75633981799996, 30.581050775000101 ], [ -9.761550838999939, 30.5863331790001 ], [ -9.771116270999929, 30.5944709350001 ], [ -9.773686089999959, 30.595541693000101 ], [ -9.78239491699992, 30.6049643580001 ], [ -9.78503611799994, 30.609390156000099 ], [ -9.786737872999939, 30.610510253000101 ], [ -9.79192814899994, 30.612192315000101 ], [ -9.79652891499995, 30.613744570000101 ], [ -9.79959841999994, 30.6143156400001 ], [ -9.803590806999919, 30.6147638690001 ], [ -9.80673680299992, 30.616742690000098 ], [ -9.809009553999941, 30.618889366000101 ], [ -9.811135050999949, 30.619824585000099 ], [ -9.813589650999919, 30.620597417000099 ], [ -9.815802548999949, 30.622167861 ], [ -9.816916405999899, 30.623310402000101 ], [ -9.82014716399993, 30.625010801000101 ], [ -9.82216217799993, 30.625401357 ], [ -9.827373856999939, 30.627136299000099 ], [ -9.830079314999921, 30.626950578 ], [ -9.83179252699995, 30.6277358 ], [ -9.833874790999911, 30.627486665 ], [ -9.835004798999931, 30.627878568000099 ], [ -9.835361718999931, 30.627807184000101 ], [ -9.83786015299995, 30.628306871000099 ], [ -9.83934271699991, 30.627847776000099 ], [ -9.83970174599995, 30.6287516770001 ], [ -9.840807004999929, 30.628156538 ], [ -9.84385639499993, 30.627093346 ], [ -9.84591159199994, 30.626824755000101 ], [ -9.850919012999951, 30.625801732000099 ], [ -9.85592643399991, 30.6252633000001 ], [ -9.858812923999951, 30.6242806650001 ], [ -9.860987697999921, 30.623540317 ], [ -9.86378754699996, 30.623809533 ], [ -9.86627091699995, 30.623881074000099 ], [ -9.870087204999949, 30.623324944 ], [ -9.873123764999949, 30.624237993000101 ], [ -9.877049875999941, 30.625165982000102 ], [ -9.878834471999941, 30.6248090640001 ], [ -9.879279944999951, 30.6243585980001 ], [ -9.879509771999951, 30.624671025000101 ], [ -9.87999436199993, 30.6248863980001 ], [ -9.88042510799994, 30.624617181000101 ], [ -9.881609657999951, 30.624671025000101 ], [ -9.883386485999949, 30.625855576 ], [ -9.884463349999921, 30.625909419 ], [ -9.886563236999899, 30.626824755000101 ], [ -9.88957845799996, 30.6294092300001 ], [ -9.889847673999951, 30.629947662000099 ], [ -9.88990151699994, 30.6310245270001 ], [ -9.889309241999911, 30.632639824000101 ], [ -9.88941692799995, 30.633985905000099 ], [ -9.88952461499991, 30.63506277 ], [ -9.889201554999939, 30.6354935150001 ], [ -9.88936308499995, 30.636839597000101 ], [ -9.88968614399994, 30.637970304000099 ], [ -9.890506650999949, 30.63783226 ], [ -9.89070916599991, 30.638185678000099 ], [ -9.890063046999961, 30.638831797000101 ], [ -9.89027841999996, 30.639962504 ], [ -9.890978381999959, 30.640662467000102 ], [ -9.89060147899994, 30.6416316450001 ], [ -9.88936308499995, 30.6412547420001 ], [ -9.889739987999921, 30.644431493000098 ], [ -9.88844774899991, 30.6474467140001 ], [ -9.88866312199991, 30.6499235030001 ], [ -9.888393905999919, 30.65003119 ], [ -9.887693943999921, 30.652077233000099 ], [ -9.88731704199995, 30.652077233000099 ], [ -9.88692489699991, 30.6532639650001 ], [ -9.887047825999961, 30.654123276000099 ], [ -9.887155511999939, 30.655415514000101 ], [ -9.886724765999929, 30.656492378000099 ], [ -9.887155511999939, 30.658753794000098 ], [ -9.88742472799993, 30.659615287000101 ], [ -9.887963159999909, 30.660315248000099 ], [ -9.886832452999951, 30.661392113000101 ], [ -9.88634786399996, 30.661284426000101 ], [ -9.88634786399996, 30.6640842750001 ], [ -9.88591711799995, 30.6642458040001 ], [ -9.88597096099994, 30.665591886000101 ], [ -9.88532484199993, 30.666184161 ], [ -9.88580943199992, 30.666722593000099 ], [ -9.88554021499993, 30.667261026000102 ], [ -9.88484025299994, 30.667099496 ], [ -9.88467872299992, 30.669199382 ], [ -9.884465162999961, 30.669419362 ], [ -9.88451719299991, 30.6700070310001 ], [ -9.88408644799995, 30.6702762470001 ], [ -9.884624879999929, 30.670922366000099 ], [ -9.88404324399994, 30.671242204000102 ], [ -9.88408644799995, 30.6721069170001 ], [ -9.883386485999949, 30.671945388 ], [ -9.883278798999919, 30.67264535 ], [ -9.88241730699991, 30.673022252000099 ], [ -9.88150197199991, 30.6745837070001 ], [ -9.88166350199992, 30.676037474000101 ], [ -9.88112506899995, 30.676737436000099 ], [ -9.880532793999921, 30.678891166000099 ], [ -9.880855852999961, 30.6806141490001 ], [ -9.879940518999939, 30.6822832890001 ], [ -9.879294398999949, 30.683306311000099 ], [ -9.879832830999931, 30.683467841 ], [ -9.880102047999911, 30.6845447060001 ], [ -9.878971339999911, 30.6865907490001 ], [ -9.87810984799995, 30.686859965000099 ], [ -9.87810984799995, 30.6883675750001 ], [ -9.877625258999959, 30.6906289920001 ], [ -9.87654839399994, 30.691813543000102 ], [ -9.87579458899995, 30.693482683000099 ], [ -9.87444850799994, 30.695690256 ], [ -9.873778192999911, 30.697838443000101 ], [ -9.873910074999911, 30.698543948000101 ], [ -9.873748544999961, 30.698651634 ], [ -9.87347932899991, 30.6985977910001 ], [ -9.873156269999919, 30.69892085 ], [ -9.87347932899991, 30.700213087000101 ], [ -9.872025561999919, 30.7009130500001 ], [ -9.87078716699995, 30.7008053630001 ], [ -9.868148849999949, 30.702259130000101 ], [ -9.868148849999949, 30.7029590930001 ], [ -9.8679334759999, 30.703335996000099 ], [ -9.867502729999959, 30.7031744660001 ], [ -9.866533551999909, 30.704089801000102 ], [ -9.86626433599992, 30.704251330000101 ], [ -9.86330295799991, 30.707481925000099 ], [ -9.86287221199996, 30.707643454000099 ], [ -9.86088001199994, 30.709258752 ], [ -9.85883396899993, 30.711789384 ], [ -9.85544184499992, 30.715504567 ], [ -9.85274968299996, 30.718573632000101 ], [ -9.85016520699992, 30.721750383000099 ], [ -9.849357558999939, 30.7235810530001 ], [ -9.84930371599995, 30.724227172 ], [ -9.849196028999931, 30.726380901000098 ], [ -9.849889480999931, 30.727460623000098 ], [ -9.85021336899996, 30.7279250640001 ], [ -9.85064979699996, 30.728157728 ], [ -9.85140360199995, 30.727996199000099 ], [ -9.852049720999959, 30.729288436 ], [ -9.85124207299992, 30.7297191820001 ], [ -9.85188819099994, 30.730419144000098 ], [ -9.851618974999949, 30.730849890000101 ], [ -9.851618974999949, 30.732034441000099 ], [ -9.85155532899995, 30.7332085 ], [ -9.84971216799994, 30.735477298 ], [ -9.84944508799992, 30.73557594 ], [ -9.849184983999921, 30.735467563 ], [ -9.84911211599996, 30.7357831240001 ], [ -9.84898990699992, 30.735922744 ], [ -9.84894256199993, 30.736396557 ], [ -9.84883213299992, 30.736541553000102 ], [ -9.848643103999899, 30.7367897540001 ], [ -9.848163934999951, 30.7368335950001 ], [ -9.84774226199994, 30.737311079000101 ], [ -9.84742928899993, 30.737830166 ], [ -9.847320912999921, 30.7381986450001 ], [ -9.84695708499993, 30.738412490000101 ], [ -9.846692330999931, 30.738783877000099 ], [ -9.846258825999939, 30.739239057000098 ], [ -9.84612877399991, 30.7397375880001 ], [ -9.84568526899994, 30.739980044 ], [ -9.84493663599994, 30.7409514020001 ], [ -9.844741557999949, 30.741081454 ], [ -9.844611506999909, 30.741428258 ], [ -9.844156325999959, 30.741883438000102 ], [ -9.84385287199996, 30.742425319000098 ], [ -9.843604404999949, 30.742476037000099 ], [ -9.84172869799994, 30.7454381790001 ], [ -9.841707022999911, 30.745719958000102 ], [ -9.84137727799992, 30.745846983 ], [ -9.840991739999939, 30.7464352410001 ], [ -9.84034148199993, 30.7464352410001 ], [ -9.84031189499996, 30.747002861000102 ], [ -9.83912766799995, 30.748429364000099 ], [ -9.83865081199991, 30.748667792 ], [ -9.838564110999929, 30.749079622000099 ], [ -9.83818114399992, 30.749155579 ], [ -9.83821200799991, 30.7498565530001 ], [ -9.83697361399993, 30.7520641260001 ], [ -9.83551984699994, 30.7543255410001 ], [ -9.834496824999921, 30.755402406000101 ], [ -9.834372274999909, 30.756312572000098 ], [ -9.833581490999901, 30.757394606 ], [ -9.83274416199993, 30.758864842 ], [ -9.83245862599995, 30.760256827 ], [ -9.831566328999941, 30.760720822000099 ], [ -9.83110692499992, 30.7614513810001 ], [ -9.830595061999929, 30.762290523 ], [ -9.830512425999929, 30.762832774000099 ], [ -9.830889328999939, 30.763640422 ], [ -9.83024320999994, 30.764555757 ], [ -9.829812462999939, 30.764717287000099 ], [ -9.829489403999959, 30.7662787410001 ], [ -9.82992015099995, 30.766817173000099 ], [ -9.829812462999939, 30.767301762 ], [ -9.829381716999929, 30.767355605 ], [ -9.829166344999919, 30.76827094 ], [ -9.82943556099991, 30.769293962000098 ], [ -9.828811790999911, 30.77053154 ], [ -9.82884328499995, 30.771393848000098 ], [ -9.828251009999921, 30.771770751000101 ], [ -9.828597354999941, 30.7728431 ], [ -9.82868175599992, 30.773278361000099 ], [ -9.828304852999899, 30.773547578 ], [ -9.82846638299992, 30.774947502000099 ], [ -9.829058657999949, 30.776024367 ], [ -9.828442213999949, 30.7761473310001 ], [ -9.82868175599992, 30.777370448000099 ], [ -9.827389517999899, 30.777370448000099 ], [ -9.82728183199993, 30.777639664 ], [ -9.82701261599993, 30.777478134 ], [ -9.825451160999931, 30.7784473120001 ], [ -9.82356664799994, 30.78140869 ], [ -9.82292052899993, 30.782108653000101 ], [ -9.822543626999961, 30.7827009280001 ], [ -9.82089444499991, 30.7842774860001 ], [ -9.820466142999919, 30.78474148 ], [ -9.81939538499995, 30.786704536000101 ], [ -9.817999444999939, 30.788081169000101 ], [ -9.81775157799996, 30.78937749 ], [ -9.81597475199993, 30.791800435000098 ], [ -9.81611172999993, 30.793093389 ], [ -9.8157967109999, 30.793088633000099 ], [ -9.81575937899993, 30.793738792000099 ], [ -9.81499590999994, 30.794977939 ], [ -9.815113258999929, 30.796484797000101 ], [ -9.814951729999899, 30.797507819000099 ], [ -9.81464835999992, 30.797804721 ], [ -9.81407728999994, 30.797661954 ], [ -9.813434834999949, 30.798411484 ], [ -9.813551805999911, 30.7988539 ], [ -9.81285184399991, 30.800738413000101 ], [ -9.81349796299992, 30.8011153150001 ], [ -9.813013373999921, 30.802246024000102 ], [ -9.81215188099992, 30.802299866000102 ], [ -9.81193577499994, 30.803336968000099 ], [ -9.811464514999949, 30.803515977000099 ], [ -9.810751956999921, 30.804776656000101 ], [ -9.809944308999951, 30.806715012 ], [ -9.809437340999921, 30.807405847 ], [ -9.80897512999991, 30.808814899000101 ], [ -9.80854438399996, 30.809891763000099 ], [ -9.808275167999909, 30.809945606 ], [ -9.80854438399996, 30.810430196000102 ], [ -9.80857587299994, 30.811555696000099 ], [ -9.80829519999992, 30.8120814870001 ], [ -9.80783120499996, 30.812474099 ], [ -9.807592746999941, 30.814267553 ], [ -9.80736338899993, 30.815131016000102 ], [ -9.806606027999919, 30.817106757000101 ], [ -9.806013751999959, 30.818291309000099 ], [ -9.805690692999921, 30.819637389 ], [ -9.80586814999992, 30.821361385 ], [ -9.805903840999919, 30.822110915000099 ], [ -9.806296452999961, 30.82311029 ], [ -9.806189376999949, 30.823681360000101 ], [ -9.80540415399992, 30.8243595060001 ], [ -9.80612143899992, 30.826206265000099 ], [ -9.805511229999921, 30.827000708000099 ], [ -9.805475537999939, 30.828571152000102 ], [ -9.80668906299991, 30.829499142000099 ], [ -9.807260133999931, 30.830605591000101 ], [ -9.80687524499996, 30.831805961 ], [ -9.80768289299994, 30.8340135340001 ], [ -9.809082816999929, 30.8360057340001 ], [ -9.81123654599992, 30.838482523 ], [ -9.81311360899991, 30.839778413000101 ], [ -9.81493389599996, 30.840563635000098 ], [ -9.81705161599996, 30.840797782 ], [ -9.819582247999961, 30.8398286040001 ], [ -9.81990530799993, 30.839613231 ], [ -9.820389896999931, 30.838805582000099 ], [ -9.82182243599993, 30.837958126 ], [ -9.821520604999931, 30.837244128000101 ], [ -9.82205903799991, 30.837513344000101 ], [ -9.822866685999941, 30.837190285000101 ], [ -9.82367433399992, 30.837567187 ], [ -9.82351280499995, 30.8381594630001 ], [ -9.823620490999931, 30.839397858 ], [ -9.82275899899992, 30.840959312000098 ], [ -9.82275899899992, 30.84375916 ], [ -9.82383586399993, 30.845051398000098 ], [ -9.824805042999911, 30.844782182000099 ], [ -9.825558847999959, 30.8454283 ], [ -9.82668955499992, 30.8460205760001 ], [ -9.826312652999951, 30.84725897 ], [ -9.826896852999941, 30.847532619 ], [ -9.82701261599993, 30.847743560000101 ], [ -9.826904927999919, 30.8483358350001 ], [ -9.82685108499993, 30.848874267 ], [ -9.826366495999929, 30.849897289000101 ], [ -9.82528963199991, 30.8502741920001 ], [ -9.825343474999951, 30.8514049 ], [ -9.824660574999941, 30.851718201 ], [ -9.82485888599996, 30.8525894510001 ], [ -9.824051237999919, 30.853935532 ], [ -9.822322122999941, 30.85612531 ], [ -9.82155443899995, 30.856409935 ], [ -9.821574448999909, 30.857596872 ], [ -9.82065911299992, 30.85856605 ], [ -9.820282209999959, 30.859696758 ], [ -9.81936687599995, 30.862442764 ], [ -9.818549138999909, 30.863097085 ], [ -9.818549138999909, 30.863797085 ], [ -9.81764389199992, 30.864919552000099 ], [ -9.816836242999949, 30.865673358 ], [ -9.817432329999921, 30.867332572000102 ], [ -9.81651318399992, 30.8685270490001 ], [ -9.81608243799991, 30.870949995 ], [ -9.81527073999996, 30.871272742000102 ], [ -9.815274789999931, 30.871919173 ], [ -9.81464835999992, 30.871972521000099 ], [ -9.81455728699996, 30.873086795000098 ], [ -9.813480421999939, 30.873517541000101 ], [ -9.81339677599993, 30.874490012000098 ], [ -9.812556370999911, 30.8751903500001 ], [ -9.81269031399995, 30.877734243000099 ], [ -9.81215188099992, 30.878811108 ], [ -9.812098037999929, 30.880587935000101 ], [ -9.811614547999911, 30.881252419000099 ], [ -9.81190008299995, 30.881966257 ], [ -9.811613448999941, 30.882472448 ], [ -9.811344232999939, 30.8831185670001 ], [ -9.81252878499993, 30.884249275000101 ], [ -9.812636470999911, 30.8851107670001 ], [ -9.811667291999919, 30.885649199000099 ], [ -9.81155960599995, 30.886564534000101 ], [ -9.81112885999994, 30.8872106530001 ], [ -9.810428897999939, 30.887749086 ], [ -9.809675092999949, 30.888556734000101 ], [ -9.809975092999929, 30.890056734 ], [ -9.808759756999899, 30.891948858 ], [ -9.80902897299995, 30.893564155 ], [ -9.810136550999911, 30.896051574000101 ], [ -9.81108833499991, 30.896813001000101 ], [ -9.81156422799995, 30.8976696070001 ], [ -9.81274415799993, 30.899540754 ], [ -9.81357760399993, 30.901953730000098 ], [ -9.814684051999899, 30.903595558000099 ], [ -9.814791128999961, 30.904452163000101 ], [ -9.81575937899993, 30.904763548000101 ], [ -9.81640549699995, 30.9056788830001 ], [ -9.81678239999991, 30.9055711970001 ], [ -9.817590047999939, 30.906594219000102 ], [ -9.81811047699995, 30.9069149060001 ], [ -9.81791310799991, 30.907294181000101 ], [ -9.81737467499994, 30.9074018670001 ], [ -9.81771786499991, 30.9078072030001 ], [ -9.817526193999919, 30.908559032000099 ], [ -9.81821755199991, 30.908735193 ], [ -9.81807478499991, 30.9092705720001 ], [ -9.819509689999959, 30.910914387 ], [ -9.82001299399991, 30.9116554830001 ], [ -9.81964522799996, 30.912304385000098 ], [ -9.81990530799993, 30.9136476830001 ], [ -9.81990530799993, 30.916770591 ], [ -9.82035009699996, 30.9170750440001 ], [ -9.82044373999992, 30.917416710000101 ], [ -9.82001299399991, 30.9179012990001 ], [ -9.82006683699996, 30.918493574000099 ], [ -9.81909765899991, 30.918762791000098 ], [ -9.81942071899994, 30.919139693000101 ], [ -9.818720756999941, 30.919355066 ], [ -9.818882286999949, 30.9198934980001 ], [ -9.817805420999949, 30.920539617000099 ], [ -9.81753620499995, 30.921454952000101 ], [ -9.818128480999921, 30.923393309000101 ], [ -9.81742851899992, 30.9238240550001 ], [ -9.817266988999959, 30.924524017000099 ], [ -9.81800340099994, 30.9255460860001 ], [ -9.817824940999911, 30.9262956160001 ], [ -9.817159302999929, 30.926623903000099 ], [ -9.81732083199995, 30.928293044 ], [ -9.81836031999995, 30.928865433000102 ], [ -9.81868154699993, 30.931720787000099 ], [ -9.81794184899991, 30.9327894880001 ], [ -9.81906118699993, 30.933616521000101 ], [ -9.81906118699993, 30.934887113000102 ], [ -9.818335133999939, 30.9357946790001 ], [ -9.817790594999909, 30.9368837580001 ], [ -9.817846528999951, 30.937087190000099 ], [ -9.81792485299991, 30.9380935440001 ], [ -9.817983492999931, 30.938226880000101 ], [ -9.81561243599992, 30.9379728380001 ], [ -9.79637203499993, 30.9352501400001 ], [ -9.771867750999951, 30.928352637 ], [ -9.76978772299992, 30.926720599000099 ], [ -9.76784969299996, 30.919975528000101 ], [ -9.76587781499995, 30.914557633000101 ] ] ] ] } },
{ "type": "Feature", "properties": { "OBJECTID": 60, "Code_Province": "09.163.", "Population": 371102, "Menages": 88732, "Etrangers": 211, "Marocains": 370891, "Nom_Provinces": "CHTOUKA AIT BAHA", "Code_Region": "09.", "Superficie_Ha": 468518.86033789499, "Shape__Area": 0.32731825093196698, "Shape__Length": 3.0283540486032399, "zone_dattes": "FALSE", "zone_commune_datt_argan_txt": "FALSE" }, "geometry": { "type": "MultiPolygon", "coordinates": [ [ [ [ -9.41060842299993, 30.313613489000101 ], [ -9.36530953899995, 30.312510879000101 ], [ -9.36292055099994, 30.314348562000099 ], [ -9.362093593999919, 30.323996397000101 ], [ -9.35431703399991, 30.321716052000099 ], [ -9.34987300299991, 30.320412915000102 ], [ -9.33085298499992, 30.314164793000099 ], [ -9.31207050699992, 30.303202258000098 ], [ -9.30723875899991, 30.300382172000099 ], [ -9.282521923999919, 30.2857725920001 ], [ -9.272506551999919, 30.2798920070001 ], [ -9.24946938599992, 30.262331602000099 ], [ -9.248157252999929, 30.2613314100001 ], [ -9.23912237799993, 30.263643702000099 ], [ -9.231871901999909, 30.265583970000101 ], [ -9.220883279999949, 30.266029455000101 ], [ -9.219101341999931, 30.265583970000101 ], [ -9.21048863799995, 30.262317083000099 ], [ -9.197396128999911, 30.258953869 ], [ -9.19118430299994, 30.257119762000102 ], [ -9.18465052799991, 30.263653537 ], [ -9.180047185999911, 30.261574608 ], [ -9.17425588599991, 30.261574608 ], [ -9.162970273999919, 30.266029455000101 ], [ -9.159406396999939, 30.262168588000101 ], [ -9.14411080099995, 30.255795423000102 ], [ -9.138765607999909, 30.253704379000101 ], [ -9.137167271999941, 30.2535403380001 ], [ -9.12851945999995, 30.258307721000101 ], [ -9.12347063399994, 30.2535558850001 ], [ -9.116356085999939, 30.249602372000101 ], [ -9.113966961999949, 30.247764584 ], [ -9.10579974299992, 30.238260911000101 ], [ -9.102681349999949, 30.234103054000101 ], [ -9.09721115499991, 30.2283950240001 ], [ -9.093487722999949, 30.224620599 ], [ -9.08975551599991, 30.22063009 ], [ -9.031046439999949, 30.185905820000102 ], [ -9.026887722999961, 30.186620599 ], [ -9.02419418799991, 30.181888712 ], [ -9.012196056999921, 30.174626686000099 ], [ -8.99356657899995, 30.170444558 ], [ -8.994052871999941, 30.166206189 ], [ -8.99725684999993, 30.149849034000098 ], [ -8.99312379099996, 30.142888092000099 ], [ -8.9833349669999, 30.127878562 ], [ -8.97732378199993, 30.127149933000101 ], [ -8.93805833899995, 30.123300573000101 ], [ -8.917189281999921, 30.112643132000098 ], [ -8.90806978599994, 30.1080833840001 ], [ -8.88440341499995, 30.096739173000099 ], [ -8.881748724999911, 30.095466677 ], [ -8.88420427199992, 30.093174833 ], [ -8.90263154999991, 30.076106558 ], [ -8.91742355099996, 30.065230087000099 ], [ -8.942004375999939, 30.051525733000101 ], [ -8.95918920099996, 30.0380389080001 ], [ -8.963974847999911, 30.024334555000099 ], [ -8.962511162999929, 30.018461562000098 ], [ -8.96123909099992, 30.005393905000101 ], [ -8.95984178899994, 29.989312317 ], [ -8.956143788999951, 29.9769131400001 ], [ -8.94918284699992, 29.957770550000099 ], [ -8.94156931699996, 29.9471116080001 ], [ -8.925689668999951, 29.929056666000101 ], [ -8.91002754999994, 29.912959488000102 ], [ -8.88969961499993, 29.8915315560001 ], [ -8.901725938999959, 29.8704854900001 ], [ -8.90617044999993, 29.8598970960001 ], [ -8.914798029999931, 29.852315283000099 ], [ -8.92329488999991, 29.849962306000101 ], [ -8.93584409699991, 29.846694284000101 ], [ -8.94329518899991, 29.845779237 ], [ -8.953752861999931, 29.845256354000099 ], [ -8.97414532499994, 29.8436877030001 ], [ -8.995452832999939, 29.8401582380001 ], [ -8.996367879999919, 29.833622192000099 ], [ -8.99649860099993, 29.8184585660001 ], [ -8.994407065999949, 29.8100924280001 ], [ -9.011248611999919, 29.8083731890001 ], [ -9.01859043499991, 29.8061708010001 ], [ -9.041090757999941, 29.797094614000098 ], [ -9.051736173999929, 29.780366103000102 ], [ -9.071886424999949, 29.764397979000101 ], [ -9.09431783699995, 29.749570436000099 ], [ -9.100020738999939, 29.741206180000098 ], [ -9.10154151199993, 29.728659797 ], [ -9.09659899799993, 29.7115510930001 ], [ -9.097359384999949, 29.702046257000099 ], [ -9.09443408999994, 29.697165366 ], [ -9.10430189199991, 29.697801999 ], [ -9.10610383299991, 29.697103743000099 ], [ -9.106830536999951, 29.690563412000099 ], [ -9.10724441399992, 29.68683852 ], [ -9.114087894999949, 29.692541422000101 ], [ -9.13035920899995, 29.699688865 ], [ -9.133974611999919, 29.7013433720001 ], [ -9.14326460699994, 29.702296192000102 ], [ -9.15579322099995, 29.700487938 ], [ -9.16637048999991, 29.698961322000098 ], [ -9.16748772299991, 29.714620599000099 ], [ -9.159971709999921, 29.7212516210001 ], [ -9.181387723999929, 29.724520599000101 ], [ -9.183487723999921, 29.723020599000101 ], [ -9.18608772399995, 29.7234205990001 ], [ -9.192407740999951, 29.7256182500001 ], [ -9.213318378999929, 29.741966567000102 ], [ -9.196450960999931, 29.743762503000099 ], [ -9.19638772299993, 29.743920599 ], [ -9.195547967999911, 29.7439714930001 ], [ -9.201498231999951, 29.7542542240001 ], [ -9.207579952999939, 29.760180003000102 ], [ -9.21663174199994, 29.758988978 ], [ -9.22798772299995, 29.758120599000101 ], [ -9.23949942099995, 29.758036158 ], [ -9.243772679999941, 29.743145381000101 ], [ -9.25307710499993, 29.742314629000099 ], [ -9.269751453999961, 29.767564358000101 ], [ -9.247598389999951, 29.784238707 ], [ -9.26248772399993, 29.805520599000101 ], [ -9.27213350399995, 29.804724336000099 ], [ -9.29252387099995, 29.80361652 ], [ -9.29885607099993, 29.80316422 ], [ -9.33022908999993, 29.806955126 ], [ -9.34598772399994, 29.808620599000101 ], [ -9.352059481999961, 29.8097002650001 ], [ -9.34526199499992, 29.815582706 ], [ -9.35036010999994, 29.832184262000101 ], [ -9.35458077799996, 29.835864255 ], [ -9.362386433999919, 29.838458866000099 ], [ -9.369706804999909, 29.839635354000102 ], [ -9.37977231499991, 29.841204005000101 ], [ -9.386831244999939, 29.8408118420001 ], [ -9.39140647699992, 29.839635354000102 ], [ -9.396148923999929, 29.837640477 ], [ -9.39911900999993, 29.835844448 ], [ -9.40298772299991, 29.8346205990001 ], [ -9.40630866099991, 29.833491471000102 ], [ -9.40768787999991, 29.8329875260001 ], [ -9.41310614799994, 29.831007774000099 ], [ -9.419119309999919, 29.823556682000099 ], [ -9.421341565999899, 29.833883634000099 ], [ -9.424822899999921, 29.853556358 ], [ -9.429374364999941, 29.859814623000101 ], [ -9.42938772399992, 29.859820599 ], [ -9.43173084399996, 29.863322762000099 ], [ -9.448881602999959, 29.867134042000099 ], [ -9.458648007999949, 29.8585586620001 ], [ -9.467098510999961, 29.8649614660001 ], [ -9.47284560499992, 29.869831885000099 ], [ -9.478272677999939, 29.879270273000099 ], [ -9.47885876699991, 29.880289558000101 ], [ -9.48016597599991, 29.882119651 ], [ -9.49454527599994, 29.890877952 ], [ -9.497551856999911, 29.888394255 ], [ -9.50604871699994, 29.8886556960001 ], [ -9.51805280799994, 29.8905259940001 ], [ -9.523826760999951, 29.891400836000098 ], [ -9.533650966999909, 29.893215498000099 ], [ -9.54434994399992, 29.895191742000101 ], [ -9.544926606999921, 29.9252935660001 ], [ -9.54474210699993, 29.929440621000101 ], [ -9.55156605499991, 29.929300403000099 ], [ -9.56382735999995, 29.9290484580001 ], [ -9.60199786599992, 29.927871970000101 ], [ -9.607357423999931, 29.8967603930001 ], [ -9.64037448599993, 29.903441006 ], [ -9.663567415999919, 29.899636253 ], [ -9.67517957599995, 29.900969683000099 ], [ -9.700561433999949, 29.903034997000098 ], [ -9.726325045999941, 29.907130574000099 ], [ -9.741477079999919, 29.909571042 ], [ -9.766033829999911, 29.907689299000101 ], [ -9.765643006999939, 29.9088791440001 ], [ -9.763157178999959, 29.9104978240001 ], [ -9.762810319999909, 29.9113071630001 ], [ -9.763735278999951, 29.911596213000099 ], [ -9.763596120999919, 29.912554733 ], [ -9.76373636999995, 29.9131624780001 ], [ -9.763128623999931, 29.913115728 ], [ -9.76275462799993, 29.9139572210001 ], [ -9.76223532299991, 29.91423402 ], [ -9.76088464299994, 29.9151727110001 ], [ -9.761735364999939, 29.916009402 ], [ -9.75905782399991, 29.915348038 ], [ -9.762058789999911, 29.9162210090001 ], [ -9.762240381999961, 29.916855699000099 ], [ -9.762053382999911, 29.917323195000101 ], [ -9.762053382999911, 29.917743941000101 ], [ -9.76136507099994, 29.919053696 ], [ -9.762347839999959, 29.919863036 ], [ -9.762752509999929, 29.921655145 ], [ -9.761249450999911, 29.922580103000101 ], [ -9.76072916099992, 29.923389443000101 ], [ -9.76130725999991, 29.923620682 ], [ -9.761596309999961, 29.924892501 ], [ -9.761018210999911, 29.9254706010001 ], [ -9.761076020999949, 29.926684610000098 ], [ -9.761596309999961, 29.928187669000099 ], [ -9.75864206599994, 29.928858491000099 ], [ -9.758463605999911, 29.930048221 ], [ -9.757809253999939, 29.931059493000099 ], [ -9.75661952299993, 29.931297439 ], [ -9.75661952299993, 29.931654358000099 ], [ -9.757154901999909, 29.931773331 ], [ -9.75714494399995, 29.932581226000099 ], [ -9.757607423999961, 29.934373333000099 ], [ -9.756913704999929, 29.935298293000098 ], [ -9.75593093499992, 29.935009243000099 ], [ -9.75517940499992, 29.9353561030001 ], [ -9.75454349599994, 29.936049823000101 ], [ -9.755063785999941, 29.937032591 ], [ -9.75402320699993, 29.936974782 ], [ -9.75460130599993, 29.938304411 ], [ -9.75332948799991, 29.936743542 ], [ -9.752693576999951, 29.9376685010001 ], [ -9.753624544999919, 29.937900029 ], [ -9.753618536999911, 29.939229370000099 ], [ -9.753213866999941, 29.939229370000099 ], [ -9.752867007999949, 29.939923089 ], [ -9.751768617999909, 29.939865279000099 ], [ -9.752188549999911, 29.940616060000099 ], [ -9.752231097999919, 29.941483958 ], [ -9.752577957999961, 29.942351107 ], [ -9.75165299899993, 29.942235487000101 ], [ -9.75084365999993, 29.9426979670001 ], [ -9.750959278999909, 29.943160446 ], [ -9.750149939999909, 29.943449497000099 ], [ -9.74957183999993, 29.943449497000099 ], [ -9.749860889999921, 29.944027596000101 ], [ -9.749456220999949, 29.944432265 ], [ -9.74864688099996, 29.9444900750001 ], [ -9.74801097199992, 29.945415034000099 ], [ -9.74870469099994, 29.9461087540001 ], [ -9.74864688099996, 29.946975903000101 ], [ -9.747577571999949, 29.946882908000099 ], [ -9.746863732999939, 29.948370071000099 ], [ -9.746276672999951, 29.948941442 ], [ -9.74592981299992, 29.949403922 ], [ -9.745573944999929, 29.950675107000102 ], [ -9.74558295399993, 29.951369460000102 ], [ -9.74471580499994, 29.950733550000098 ], [ -9.743906464999951, 29.951369460000102 ], [ -9.74483142399993, 29.952236609000099 ], [ -9.743097125999951, 29.952814708000101 ], [ -9.74275026599992, 29.9537396680001 ], [ -9.74228778599991, 29.954780247000102 ], [ -9.74275026599992, 29.9559942560001 ], [ -9.741593076999949, 29.957024058000101 ], [ -9.74130501699995, 29.9585957040001 ], [ -9.740669106999921, 29.9594050440001 ], [ -9.73928166899992, 29.961312772 ], [ -9.738934808999939, 29.9633361200001 ], [ -9.73853013899992, 29.9636251700001 ], [ -9.73731612999995, 29.965995378000098 ], [ -9.736037185999921, 29.968119598 ], [ -9.735263860999909, 29.96859549 ], [ -9.73454125199993, 29.970331125000101 ], [ -9.73373191299993, 29.971313894 ], [ -9.73353875199996, 29.972700060000101 ], [ -9.732859733999931, 29.9730481920001 ], [ -9.731356674999921, 29.975765260000099 ], [ -9.731014844999949, 29.9777886080001 ], [ -9.73188199499992, 29.978713567000099 ], [ -9.731477324999959, 29.980447866000102 ], [ -9.73032112599992, 29.981661875 ], [ -9.729800835999921, 29.9824712150001 ], [ -9.729800835999921, 29.9832805540001 ], [ -9.729569595999919, 29.983916463000099 ], [ -9.728586827999949, 29.984205513000099 ], [ -9.72743062899991, 29.985303902000101 ], [ -9.72754624799995, 29.986286671000101 ], [ -9.727025958999951, 29.986749151000101 ], [ -9.726101, 29.987558491000101 ], [ -9.725002610999921, 29.990391178 ], [ -9.725754139999941, 29.990680228000102 ], [ -9.72540727999996, 29.990969277000101 ], [ -9.725176039999949, 29.992009857000099 ], [ -9.72419327099993, 29.9918942370001 ], [ -9.72222446899991, 29.994340234 ], [ -9.722458972999959, 29.995940933 ], [ -9.71979171799995, 30.001519276000099 ], [ -9.71899697499992, 30.001612776000101 ], [ -9.719230722999949, 30.002127021 ], [ -9.71886330799992, 30.003127286000101 ], [ -9.71820827399995, 30.003430135000102 ], [ -9.71836246999993, 30.004042683000101 ], [ -9.71778148499993, 30.0048852500001 ], [ -9.71736862199992, 30.004965542 ], [ -9.71656599399995, 30.006427987000102 ], [ -9.717084664999961, 30.00759214 ], [ -9.716852627999909, 30.008233283 ], [ -9.71558425199993, 30.008438221000102 ], [ -9.714742758999931, 30.009419964000099 ], [ -9.71469094899993, 30.010381356 ], [ -9.714382377999931, 30.011166949000099 ], [ -9.713013021999931, 30.012084693000102 ], [ -9.712685774999949, 30.013159934 ], [ -9.712685774999949, 30.013907928 ], [ -9.712452026999919, 30.0151701680001 ], [ -9.710535291999919, 30.017320651 ], [ -9.710971890999931, 30.0189057330001 ], [ -9.71010067099991, 30.019559149000099 ], [ -9.70955981499992, 30.021222058 ], [ -9.7087789329999, 30.021860961000101 ], [ -9.708665306999929, 30.0228838570001 ], [ -9.70799805299993, 30.024203603 ], [ -9.70716931899995, 30.0248940910001 ], [ -9.70657826899992, 30.026546245000102 ], [ -9.70541786099994, 30.027944645 ], [ -9.70541006599996, 30.027943006 ], [ -9.70541786099994, 30.028053548000099 ], [ -9.703709845999921, 30.030457297000101 ], [ -9.70376736999992, 30.0318098380001 ], [ -9.70310210099996, 30.032841528000102 ], [ -9.70314885099992, 30.0335427720001 ], [ -9.70286835299993, 30.034010268000099 ], [ -9.702026859999931, 30.034851762000098 ], [ -9.70186220299991, 30.035763322 ], [ -9.70172330799994, 30.0364622170001 ], [ -9.700858118999919, 30.037469741000098 ], [ -9.70025037399995, 30.0377969880001 ], [ -9.70034387299995, 30.038451483000099 ], [ -9.700858118999919, 30.039246227 ], [ -9.700016624999931, 30.0391994770001 ], [ -9.69945562999993, 30.039900722000102 ], [ -9.69982962699993, 30.040695465000098 ], [ -9.69916580799992, 30.041123143 ], [ -9.698883707999929, 30.04264649 ], [ -9.69641690399993, 30.0460716730001 ], [ -9.69707139899992, 30.04770791 ], [ -9.69665065199996, 30.048035157000101 ], [ -9.69725839699993, 30.0492506470001 ], [ -9.69622990599993, 30.048783151000102 ], [ -9.695855908999929, 30.0492973980001 ], [ -9.695481911999931, 30.0496713940001 ], [ -9.696183155999959, 30.050138890000099 ], [ -9.69665065199996, 30.050840135 ], [ -9.69548518799991, 30.0504077850001 ], [ -9.695294912999939, 30.051120633 ], [ -9.69473391799994, 30.05140113 ], [ -9.694546918999951, 30.052336123000099 ], [ -9.69398592399995, 30.0524763720001 ], [ -9.694079421999961, 30.0531308660001 ], [ -9.69317542899995, 30.053161003000099 ], [ -9.690891440999909, 30.055326433000101 ], [ -9.690576798999929, 30.055717389000101 ], [ -9.688961420999931, 30.0582679860001 ], [ -9.68113259199993, 30.068129687000098 ], [ -9.67407058099991, 30.078282167000101 ], [ -9.67131235399995, 30.082489634000101 ], [ -9.670377360999909, 30.083237628000099 ], [ -9.67023711199994, 30.084312869000101 ], [ -9.66920892599995, 30.0854350490001 ], [ -9.66761913199991, 30.0880060900001 ], [ -9.667245135999909, 30.0883800870001 ], [ -9.666871137999919, 30.090250072000099 ], [ -9.667151636999961, 30.090764318000101 ], [ -9.666871137999919, 30.0909980660001 ], [ -9.66747888399993, 30.0918395590001 ], [ -9.66673088999994, 30.092120057 ], [ -9.66649714199991, 30.093242048 ], [ -9.666611374999951, 30.094127922 ], [ -9.665468649999919, 30.09553278 ], [ -9.665468649999919, 30.096187275000101 ], [ -9.66509465299993, 30.096421023000101 ], [ -9.664627156999931, 30.098244258000101 ], [ -9.66476740499991, 30.099132502000099 ], [ -9.66420640999991, 30.100020745000101 ], [ -9.664112910999959, 30.100534991000099 ], [ -9.663972660999949, 30.101516733 ], [ -9.66405576499994, 30.1032855230001 ], [ -9.66289741999992, 30.105209953 ], [ -9.663084418999921, 30.106238445000098 ], [ -9.662710420999931, 30.106378694000099 ], [ -9.66174793699992, 30.107225703 ], [ -9.66229244999994, 30.1091859490001 ], [ -9.66120342499994, 30.110601682 ], [ -9.66087575699993, 30.110589857 ], [ -9.66055993899994, 30.111708152000102 ], [ -9.65976519499992, 30.112502895 ], [ -9.65775496099991, 30.115868869000099 ], [ -9.655043482999931, 30.121712572 ], [ -9.655086891999931, 30.123254256000099 ], [ -9.65395106599993, 30.125170963000102 ], [ -9.654388986999949, 30.126247286000101 ], [ -9.65415523899992, 30.127182279000099 ], [ -9.65541747899994, 30.128771767 ], [ -9.654575985999941, 30.129332762 ], [ -9.65410848999994, 30.130641751 ], [ -9.65373449299994, 30.131202747000099 ], [ -9.65401499099994, 30.132698735000101 ], [ -9.65420198999993, 30.133119482 ], [ -9.65376233799992, 30.1340238280001 ], [ -9.65452923699991, 30.134662220000099 ], [ -9.65326699699995, 30.135503713 ], [ -9.65322024699992, 30.136999701 ], [ -9.652706000999959, 30.137654196000099 ], [ -9.65312674799992, 30.138729437000102 ], [ -9.65284624999993, 30.139570931 ], [ -9.65302048099994, 30.140366062000101 ], [ -9.653033247999931, 30.140786421000101 ], [ -9.652519001999909, 30.1412539180001 ], [ -9.650691749999909, 30.144824189000101 ], [ -9.64976723499996, 30.148474126000099 ], [ -9.648746995999939, 30.149919465 ], [ -9.648966030999929, 30.151492086000101 ], [ -9.648261319999961, 30.152098933 ], [ -9.648031037999941, 30.152988074000099 ], [ -9.647352351999929, 30.153860356000099 ], [ -9.647096044999961, 30.154437312000098 ], [ -9.64723629499991, 30.1553723060001 ], [ -9.646768797999931, 30.155699552 ], [ -9.646112830999931, 30.157000074000099 ], [ -9.64611470799991, 30.157011336 ], [ -9.646207802999919, 30.157008542000099 ], [ -9.64639480199992, 30.158691529000102 ], [ -9.64639480199992, 30.1595797720001 ], [ -9.64583380499994, 30.160655013000099 ], [ -9.643449573999931, 30.1668259640001 ], [ -9.643496323999949, 30.167760957 ], [ -9.64307557799992, 30.168134954 ], [ -9.64312232699996, 30.1686959500001 ], [ -9.64284182999995, 30.169210195000101 ], [ -9.643028827999959, 30.169771191000098 ], [ -9.642421082999929, 30.170846432000101 ], [ -9.64236328299995, 30.172131624000102 ], [ -9.642374332999911, 30.176035641000102 ], [ -9.64162633899991, 30.178045875000102 ], [ -9.641439340999909, 30.179448364000098 ], [ -9.64097184499991, 30.1797756120001 ], [ -9.64055109799995, 30.182674089 ], [ -9.639803102999901, 30.184170076 ], [ -9.638821360999939, 30.1866010570001 ], [ -9.639242107999911, 30.188517792000098 ], [ -9.639008359999931, 30.190387777000101 ], [ -9.63994335299992, 30.191369520000102 ], [ -9.63974962199995, 30.194456647 ], [ -9.63887840199993, 30.194783355000101 ], [ -9.638660595999911, 30.197179210000101 ], [ -9.64007632899995, 30.1994661640001 ], [ -9.64127425699991, 30.2003373850001 ], [ -9.64238301599994, 30.199662264 ], [ -9.643125599999911, 30.2003373850001 ], [ -9.64236328299995, 30.2018620210001 ], [ -9.64279889299991, 30.203822267000099 ], [ -9.642689989999949, 30.2051290970001 ], [ -9.64225437999994, 30.206435928000101 ], [ -9.64127425699991, 30.208722882000099 ], [ -9.63616404799996, 30.219550782000098 ], [ -9.633215468999939, 30.227563023000101 ], [ -9.633865899999931, 30.228301726 ], [ -9.63335165399991, 30.229891213000101 ], [ -9.63353865299996, 30.230405459000099 ], [ -9.633168989999939, 30.231166610000098 ], [ -9.63251016099991, 30.233724683 ], [ -9.63180891699994, 30.235173921000101 ], [ -9.63143491999995, 30.236903658000099 ], [ -9.63180891699994, 30.237604902 ], [ -9.63115442199995, 30.237932150000098 ], [ -9.630733674999931, 30.2394281380001 ], [ -9.63026492699993, 30.24228229 ], [ -9.630546676999931, 30.242653863 ], [ -9.630453177999931, 30.243869353 ], [ -9.62895718899995, 30.2475158240001 ], [ -9.62970518299994, 30.249058562000101 ], [ -9.628937353999961, 30.251348234000101 ], [ -9.62886368999995, 30.253032280000099 ], [ -9.62858319299994, 30.2547620160001 ], [ -9.629190936999921, 30.2549957640001 ], [ -9.62886368999995, 30.256398253 ], [ -9.62844294299992, 30.259296730000099 ], [ -9.6280970489999, 30.2593625680001 ], [ -9.62764819999995, 30.261867960000099 ], [ -9.62792869799995, 30.262615954000101 ], [ -9.627601449999929, 30.262849702 ], [ -9.628068946999919, 30.263223699 ], [ -9.627601449999929, 30.2638781940001 ], [ -9.626993704999959, 30.2666831710001 ], [ -9.62522469699991, 30.271174877000099 ], [ -9.62400172899993, 30.275705850000101 ], [ -9.622318742999941, 30.282484546 ], [ -9.621127285999931, 30.2893107690001 ], [ -9.62010427499996, 30.2950528910001 ], [ -9.60062483599995, 30.2915612940001 ], [ -9.586934098999899, 30.289172306000101 ], [ -9.58394978599995, 30.2888566570001 ], [ -9.571130025999929, 30.287426507000099 ], [ -9.552569427999909, 30.2845780980001 ], [ -9.53088476999994, 30.27906505 ], [ -9.51857229399991, 30.281362153000099 ], [ -9.513243013999951, 30.28062708 ], [ -9.50469778799993, 30.281821574 ], [ -9.497206195999921, 30.277966677000101 ], [ -9.48788298999995, 30.2730925800001 ], [ -9.478400731999949, 30.2670366850001 ], [ -9.475140978999949, 30.264937387000099 ], [ -9.46771088599991, 30.261359682000101 ], [ -9.46732552499992, 30.261937723000099 ], [ -9.467300940999911, 30.261974599 ], [ -9.46362557499992, 30.267855184 ], [ -9.455264117999951, 30.2786975130001 ], [ -9.451864403999931, 30.281454038 ], [ -9.44800526999995, 30.2836592570001 ], [ -9.44341106299993, 30.285313172000102 ], [ -9.440387723999949, 30.286420599000099 ], [ -9.43762236199996, 30.288345348000099 ], [ -9.43707105699991, 30.292296367000102 ], [ -9.43670351999992, 30.298360720000101 ], [ -9.437806129999959, 30.303873769000099 ], [ -9.447344289999929, 30.3100735730001 ], [ -9.453150782999961, 30.313705373000101 ], [ -9.45581542299993, 30.315634940000098 ], [ -9.45700991699994, 30.317932043 ], [ -9.451404983999909, 30.327120458000099 ], [ -9.449015995999959, 30.328774373 ], [ -9.442032800999931, 30.327304226000098 ], [ -9.43973569699995, 30.3209642200001 ], [ -9.42863113899995, 30.316140053000101 ], [ -9.427187723999911, 30.315720599000102 ], [ -9.41060842299993, 30.313613489000101 ] ] ] ] } },
{ "type": "Feature", "properties": { "OBJECTID": 61, "Code_Province": "09.273.", "Population": 541118, "Menages": 124340, "Etrangers": 430, "Marocains": 540688, "Nom_Provinces": "INEZGANE AIT MELLOUL", "Code_Region": "09.", "Superficie_Ha": 37140.4713158425, "Shape__Area": 0.0258671993166502, "Shape__Length": 1.0970701348434699, "zone_dattes": "FALSE", "zone_commune_datt_argan_txt": "FALSE" }, "geometry": { "type": "MultiPolygon", "coordinates": [ [ [ [ -9.304665396999949, 30.391578673000101 ], [ -9.313303388999939, 30.387099714 ], [ -9.303065768999939, 30.35894626 ], [ -9.29506762899995, 30.35894626 ], [ -9.29417045699995, 30.355264983 ], [ -9.28466678399991, 30.343543786000101 ], [ -9.28403320599994, 30.338158372000098 ], [ -9.277380634999931, 30.328337910000101 ], [ -9.277380634999931, 30.327070753 ], [ -9.27896457999992, 30.3254868080001 ], [ -9.28308283899992, 30.324536441000099 ], [ -9.286567518999959, 30.324536441000099 ], [ -9.288468252999911, 30.326120386000099 ], [ -9.29290330099991, 30.323269284 ], [ -9.29322008999992, 30.321685339000101 ], [ -9.300823027999909, 30.32136855 ], [ -9.311593856999931, 30.3137656110001 ], [ -9.33085298499992, 30.314164793000099 ], [ -9.34987300299991, 30.320412915000102 ], [ -9.35431703399991, 30.321716052000099 ], [ -9.362093593999919, 30.323996397000101 ], [ -9.36292055099994, 30.314348562000099 ], [ -9.36530953899995, 30.312510879000101 ], [ -9.41060842299993, 30.313613489000101 ], [ -9.427187723999911, 30.315720599000102 ], [ -9.42863113899995, 30.316140053000101 ], [ -9.43973569699995, 30.3209642200001 ], [ -9.442032800999931, 30.327304226000098 ], [ -9.449015995999959, 30.328774373 ], [ -9.451404983999909, 30.327120458000099 ], [ -9.45700991699994, 30.317932043 ], [ -9.45581542299993, 30.315634940000098 ], [ -9.453150782999961, 30.313705373000101 ], [ -9.447344289999929, 30.3100735730001 ], [ -9.437806129999959, 30.303873769000099 ], [ -9.43670351999992, 30.298360720000101 ], [ -9.43707105699991, 30.292296367000102 ], [ -9.43762236199996, 30.288345348000099 ], [ -9.440387723999949, 30.286420599000099 ], [ -9.44341106299993, 30.285313172000102 ], [ -9.44800526999995, 30.2836592570001 ], [ -9.451864403999931, 30.281454038 ], [ -9.455264117999951, 30.2786975130001 ], [ -9.46362557499992, 30.267855184 ], [ -9.467300940999911, 30.261974599 ], [ -9.46732552499992, 30.261937723000099 ], [ -9.46771088599991, 30.261359682000101 ], [ -9.475140978999949, 30.264937387000099 ], [ -9.478400731999949, 30.2670366850001 ], [ -9.48788298999995, 30.2730925800001 ], [ -9.497206195999921, 30.277966677000101 ], [ -9.50469778799993, 30.281821574 ], [ -9.513243013999951, 30.28062708 ], [ -9.51857229399991, 30.281362153000099 ], [ -9.53088476999994, 30.27906505 ], [ -9.552569427999909, 30.2845780980001 ], [ -9.571130025999929, 30.287426507000099 ], [ -9.58394978599995, 30.2888566570001 ], [ -9.586934098999899, 30.289172306000101 ], [ -9.60062483599995, 30.2915612940001 ], [ -9.62010427499996, 30.2950528910001 ], [ -9.61964485499993, 30.297809415000099 ], [ -9.62001239099993, 30.298912025 ], [ -9.619461085999941, 30.299095794 ], [ -9.619093549999951, 30.303965653 ], [ -9.61955297099991, 30.304057537000102 ], [ -9.619461085999941, 30.308284208000099 ], [ -9.619326134999939, 30.309318837 ], [ -9.619520134999959, 30.309484129000101 ], [ -9.620038259999941, 30.310002254 ], [ -9.619393976999961, 30.313042465000098 ], [ -9.617167188999931, 30.322055654000099 ], [ -9.61368832499994, 30.3358588880001 ], [ -9.60908724699993, 30.3535898710001 ], [ -9.60796503299991, 30.356058742000101 ], [ -9.60616948999996, 30.362118699000099 ], [ -9.605832825999929, 30.362455363 ], [ -9.60386752699992, 30.365191075 ], [ -9.60015381199992, 30.36398791 ], [ -9.596197581999951, 30.3633111870001 ], [ -9.59408393099994, 30.362961504000101 ], [ -9.57936689399992, 30.362338561000101 ], [ -9.56975020599992, 30.361949221000099 ], [ -9.567569903999919, 30.3645188630001 ], [ -9.56655762099996, 30.366932768000101 ], [ -9.56480559299996, 30.368412259000099 ], [ -9.560328187999909, 30.369502410000099 ], [ -9.558420423999911, 30.371410174000101 ], [ -9.55822575399992, 30.373668343000102 ], [ -9.55705773499994, 30.375342504000098 ], [ -9.56120960099992, 30.378890436000098 ], [ -9.55736332999993, 30.378890436000098 ], [ -9.55736332999993, 30.378157813000101 ], [ -9.54435927399993, 30.377608346 ], [ -9.54472558499992, 30.391345026000099 ], [ -9.54252771599994, 30.393542894000099 ], [ -9.54197824899995, 30.395923919 ], [ -9.533553084999941, 30.394275517 ], [ -9.52988997099993, 30.390978714000099 ], [ -9.52293005299993, 30.397389165 ], [ -9.512856487999951, 30.389330313000102 ], [ -9.51468772299995, 30.3875505590001 ], [ -9.51615329099991, 30.385850354000102 ], [ -9.516885913999941, 30.3847514190001 ], [ -9.51908378299993, 30.383286173 ], [ -9.521464806999919, 30.381637772000101 ], [ -9.51908378299993, 30.3799893700001 ], [ -9.519633249999909, 30.378157813000101 ], [ -9.51853431599994, 30.369549494000101 ], [ -9.520549028999939, 30.364237978000101 ], [ -9.52458681199994, 30.359691052000102 ], [ -9.517901372999919, 30.3570848630001 ], [ -9.517695501999921, 30.3570046080001 ], [ -9.51255621899992, 30.354980042000101 ], [ -9.510726322999909, 30.354162429 ], [ -9.5059374459999, 30.352137863000099 ], [ -9.50535343599995, 30.352059995 ], [ -9.504808360999959, 30.350814109000101 ], [ -9.50418541699992, 30.3503858350001 ], [ -9.50371820999993, 30.350658373 ], [ -9.498617860999961, 30.352955477000101 ], [ -9.496632228999941, 30.354473901000102 ], [ -9.494763398999909, 30.356498467000101 ], [ -9.49258309699991, 30.3588345040001 ], [ -9.491376144999951, 30.359496382000099 ], [ -9.49020812599991, 30.360158259000102 ], [ -9.48526351299995, 30.361988155000098 ], [ -9.48003462199995, 30.364585733000101 ], [ -9.47922874899996, 30.36498607 ], [ -9.47179236299991, 30.3656090140001 ], [ -9.469806730999951, 30.365998353000101 ], [ -9.46653627799992, 30.36666023 ], [ -9.45695852399996, 30.370125353 ], [ -9.454778221999961, 30.370475759 ], [ -9.45041761899995, 30.369969617 ], [ -9.44692042499992, 30.370831584000101 ], [ -9.441242596999929, 30.3752273210001 ], [ -9.43263427799991, 30.377058879000099 ], [ -9.426956449999921, 30.383286173 ], [ -9.42109546699993, 30.385300887000099 ], [ -9.414685015999909, 30.378890436000098 ], [ -9.41230399199992, 30.3774251900001 ], [ -9.40992296699994, 30.376326256000102 ], [ -9.407175630999919, 30.375776789 ], [ -9.40406198399995, 30.375044166000102 ], [ -9.389958992999929, 30.379256747000099 ], [ -9.379885427999911, 30.377608346 ], [ -9.369811861999951, 30.3821872390001 ], [ -9.36340141199992, 30.388414534 ], [ -9.352778378999909, 30.388964001000101 ], [ -9.34691739599992, 30.390612403 ], [ -9.33666067499991, 30.387132444000098 ], [ -9.334279650999919, 30.393909206 ], [ -9.33336387199995, 30.403616460000102 ], [ -9.32951760199995, 30.411858467000101 ], [ -9.329042485999929, 30.4125117510001 ], [ -9.32805235599994, 30.413873180000099 ], [ -9.32054297099995, 30.422115188000099 ], [ -9.307538913999901, 30.4384160480001 ], [ -9.306439979999929, 30.4298077290001 ], [ -9.30556412099992, 30.424941847000099 ], [ -9.304665396999949, 30.419732127000099 ], [ -9.30242591799993, 30.410774210000099 ], [ -9.30370561999996, 30.4059753260001 ], [ -9.3078646529999, 30.398617037000101 ], [ -9.30850450499991, 30.3966974830001 ], [ -9.30626502499995, 30.3944580040001 ], [ -9.304665396999949, 30.391578673000101 ] ] ] ] } },
{ "type": "Feature", "properties": { "OBJECTID": 62, "Code_Province": "09.541.", "Population": 838820, "Menages": 171186, "Etrangers": 335, "Marocains": 838485, "Nom_Provinces": "TAROUDANNT", "Code_Region": "09.", "Superficie_Ha": 2139642.4861495602, "Shape__Area": 1.48835705610406, "Shape__Length": 7.3259620721553702, "zone_dattes": "FALSE", "zone_commune_datt_argan_txt": "FALSE" }, "geometry": { "type": "MultiPolygon", "coordinates": [ [ [ [ -7.80591794799994, 31.159481285000101 ], [ -7.79283208899994, 31.1544718540001 ], [ -7.78335071699991, 31.162206657000102 ], [ -7.77087522799991, 31.143992443000101 ], [ -7.76862963999991, 31.143243913 ], [ -7.75839973799992, 31.1424953840001 ], [ -7.73038772299992, 31.134720599 ], [ -7.74427145199991, 31.1284254800001 ], [ -7.74918983199995, 31.1172094900001 ], [ -7.75212367299991, 31.105939574 ], [ -7.75140983499995, 31.099515029000099 ], [ -7.73784690699995, 31.078099880000099 ], [ -7.72678241299991, 31.066678467000099 ], [ -7.72963776699993, 31.056327812000099 ], [ -7.71393332399992, 31.037768016000101 ], [ -7.71609675199994, 31.032188648 ], [ -7.72071478799995, 31.020992816 ], [ -7.72038229399993, 31.006695583000099 ], [ -7.72128772399992, 31.003720599000101 ], [ -7.72168772399993, 30.995520599000098 ], [ -7.72133795499991, 30.9841531010001 ], [ -7.72428397899995, 30.959245803 ], [ -7.72785317099994, 30.951393581 ], [ -7.73035160499995, 30.938544492000101 ], [ -7.73177928199993, 30.906778687 ], [ -7.73570539199994, 30.888575811000099 ], [ -7.73511293399991, 30.882620391 ], [ -7.73356387699994, 30.861449955000101 ], [ -7.72606857499994, 30.858237683000102 ], [ -7.71853454299992, 30.855125800000099 ], [ -7.70822261799992, 30.851456219000099 ], [ -7.66503539999991, 30.860736117 ], [ -7.63005732399995, 30.863234551000101 ], [ -7.64357019299996, 30.8542035040001 ], [ -7.66860459199995, 30.838250210000101 ], [ -7.67931216599993, 30.817548900000101 ], [ -7.66753383399992, 30.7904230440001 ], [ -7.67038918799994, 30.774361682000102 ], [ -7.67645681299996, 30.765438704000101 ], [ -7.68323827699993, 30.767937138 ], [ -7.68252443899991, 30.760084916 ], [ -7.68645054899991, 30.7540172910001 ], [ -7.69644428599991, 30.754731129 ], [ -7.70856755899996, 30.741268832000099 ], [ -7.70528772399996, 30.741220599000101 ], [ -7.68791491299993, 30.739372378 ], [ -7.64897403899994, 30.736171333000101 ], [ -7.59978772299991, 30.731920599 ], [ -7.59488505099995, 30.7316736010001 ], [ -7.57080874399992, 30.730460627000099 ], [ -7.56402728099994, 30.700479418 ], [ -7.55831657399994, 30.6822765420001 ], [ -7.55688889799995, 30.6512245750001 ], [ -7.56644266199993, 30.645492317 ], [ -7.56938106799993, 30.643729273000101 ], [ -7.55558282599992, 30.598485957 ], [ -7.53884007999994, 30.569353579000101 ], [ -7.52745501299995, 30.5552896730001 ], [ -7.52209733399991, 30.546583445000099 ], [ -7.51673965499992, 30.543569751000099 ], [ -7.5428583389999, 30.5285012790001 ], [ -7.55428772399995, 30.527320599000099 ], [ -7.57199071699995, 30.5254875850001 ], [ -7.61116874199996, 30.482626156 ], [ -7.62221895399995, 30.478607897000099 ], [ -7.62632941399994, 30.477026951000099 ], [ -7.63527829599991, 30.473585073 ], [ -7.66273639899993, 30.4598560210001 ], [ -7.66518772299992, 30.457620599000101 ], [ -7.67747001599992, 30.4568423270001 ], [ -7.68651109899992, 30.449140664000101 ], [ -7.69253848699992, 30.4246962550001 ], [ -7.69153392199991, 30.410967203 ], [ -7.67914428999995, 30.379490841000099 ], [ -7.66608772399991, 30.384320599 ], [ -7.65313657299993, 30.388169303 ], [ -7.63745383099996, 30.396010674000099 ], [ -7.62874119699995, 30.406030204 ], [ -7.62775745799991, 30.401868232000101 ], [ -7.60913776899991, 30.318032596000101 ], [ -7.58648491999992, 30.291459061000101 ], [ -7.58082170799991, 30.283182059000101 ], [ -7.57820791699993, 30.273162529 ], [ -7.57733665399991, 30.266192421000099 ], [ -7.58387112999992, 30.25573726 ], [ -7.58256423399996, 30.2474602570001 ], [ -7.58779181499994, 30.241361413 ], [ -7.58816690099991, 30.240953231 ], [ -7.59948772399991, 30.233920599 ], [ -7.60309889299992, 30.2326225750001 ], [ -7.62830556499995, 30.227421198000101 ], [ -7.62569177499995, 30.211738456 ], [ -7.63665624299995, 30.210364868000099 ], [ -7.64311953099991, 30.2080837070001 ], [ -7.65604610799994, 30.199339258000101 ], [ -7.67011326399995, 30.193256164 ], [ -7.69520602999995, 30.174626686000099 ], [ -7.71155434799993, 30.158658562000099 ], [ -7.71953840999993, 30.149153726000101 ], [ -7.72410073099991, 30.145731985000101 ], [ -7.75116980899992, 30.090273385 ], [ -7.75337562499993, 30.086041617 ], [ -7.78531187199991, 30.1046710950001 ], [ -7.85830900999991, 30.1054314820001 ], [ -7.89822931999993, 30.111134384000099 ], [ -7.92522305299991, 30.1221599930001 ], [ -7.92488310399995, 30.123547002000102 ], [ -7.93208772299994, 30.124520599 ], [ -7.95328772299996, 30.128320599000102 ], [ -7.96552355599994, 30.129383668000099 ], [ -7.97898772299993, 30.119820599 ], [ -7.98377284099996, 30.117217478 ], [ -7.99365786999994, 30.0970672270001 ], [ -7.99396727599992, 30.084690962000099 ], [ -7.99618772399992, 30.076420599000102 ], [ -7.99650605999994, 30.064323836000099 ], [ -7.99819444099995, 30.061714546000101 ], [ -8.000600304999921, 30.0574756430001 ], [ -8.003923091999919, 30.040798600000102 ], [ -8.01038637999994, 30.013044480000101 ], [ -8.010006186999931, 30.003159451 ], [ -8.00696463999992, 29.998977323000101 ], [ -8.005063671999951, 29.9928942280001 ], [ -7.99958772299993, 29.986620599 ], [ -8.01304773399994, 29.986050746 ], [ -8.022172376999951, 29.980728039 ], [ -8.030536631999951, 29.972363783 ], [ -8.03455946099996, 29.961300703000099 ], [ -8.04764533599996, 29.940807729000099 ], [ -8.06528772399991, 29.9324205990001 ], [ -8.086805258999959, 29.9259801850001 ], [ -8.089833106999951, 29.930185530000099 ], [ -8.09747447999996, 29.937929401000101 ], [ -8.106733638999909, 29.946857875 ], [ -8.11775079699993, 29.963255507 ], [ -8.14056321299995, 30.007704441 ], [ -8.143073885999909, 30.011903899000099 ], [ -8.170991698999959, 30.003726372000099 ], [ -8.17988772299992, 30.001120599 ], [ -8.190002859999939, 29.9978442600001 ], [ -8.207425342999951, 30.002712307000099 ], [ -8.255593384999941, 29.998612899000101 ], [ -8.26718272999994, 30.004279465000099 ], [ -8.27070995099996, 30.0060430760001 ], [ -8.29186870899991, 30.004537632000101 ], [ -8.304049763999959, 30.0023813560001 ], [ -8.30608772399995, 30.002020599 ], [ -8.31477858499994, 29.999637751000101 ], [ -8.319390418999941, 29.998356686000101 ], [ -8.32169633599994, 29.995282130000099 ], [ -8.323233613999941, 29.988108166000099 ], [ -8.32374603999995, 29.983240120000101 ], [ -8.326051956999949, 29.978884499000099 ], [ -8.33117621599996, 29.9660738490001 ], [ -8.34193716199991, 29.957618821 ], [ -8.34219337499991, 29.953519413 ], [ -8.34603656999991, 29.945833023 ], [ -8.34987976499991, 29.9345596520001 ], [ -8.353979171999921, 29.921236577000101 ], [ -8.354503188999949, 29.919612123 ], [ -8.368327099999931, 29.9171371690001 ], [ -8.375757275999939, 29.916880956000099 ], [ -8.39036141699995, 29.915343678000099 ], [ -8.399279867999949, 29.913836334000099 ], [ -8.40298772299991, 29.9154205990001 ], [ -8.411367392999921, 29.918367296 ], [ -8.419825909999931, 29.924054919000099 ], [ -8.44214611899991, 29.922682784000099 ], [ -8.451463304999949, 29.9221100090001 ], [ -8.45888772399991, 29.921420599 ], [ -8.47918772299994, 29.9172205990001 ], [ -8.48638772399994, 29.916420599 ], [ -8.500626945999951, 29.915727997000101 ], [ -8.518091348999921, 29.915841154000098 ], [ -8.526556920999949, 29.916107088 ], [ -8.55126317299994, 29.939767573 ], [ -8.56080579999991, 29.949179479000101 ], [ -8.570348425999949, 29.960682919000099 ], [ -8.59953748499993, 29.968183290000098 ], [ -8.61178695599995, 29.971532755000101 ], [ -8.617675719999911, 29.968460356 ], [ -8.620806698999949, 29.9665653600001 ], [ -8.65348692699996, 29.971794197000101 ], [ -8.66785269699994, 29.976893378000099 ], [ -8.672441458999909, 29.977284475000101 ], [ -8.675970923999961, 29.977676638 ], [ -8.680640422999939, 29.976356997 ], [ -8.68198408599994, 29.9759772660001 ], [ -8.68499066699991, 29.972578522 ], [ -8.68472922499995, 29.9652581510001 ], [ -8.68433706199994, 29.948525874 ], [ -8.678323899999951, 29.9303556670001 ], [ -8.67414083099993, 29.9202901570001 ], [ -8.669696319999961, 29.901335625000101 ], [ -8.67309506399994, 29.886171999000101 ], [ -8.702637989999911, 29.876498652000102 ], [ -8.702003044999911, 29.873029131000099 ], [ -8.69897780399992, 29.856498352000099 ], [ -8.69740915299991, 29.850746632 ], [ -8.69819347899994, 29.837935982000101 ], [ -8.689187723999909, 29.837935982000101 ], [ -8.621460302999941, 29.838328145 ], [ -8.61361704799992, 29.838458866000099 ], [ -8.609695420999911, 29.830877053000101 ], [ -8.61929317599993, 29.829207878000101 ], [ -8.660676576999951, 29.821595868000099 ], [ -8.70303015199994, 29.797281779000102 ], [ -8.69897780399992, 29.794405919 ], [ -8.712728360999961, 29.78331195 ], [ -8.719689301999949, 29.7770035970001 ], [ -8.725780125999959, 29.759601243000098 ], [ -8.745140244999959, 29.738935947000101 ], [ -8.75862706999993, 29.730669829000099 ], [ -8.768633422999921, 29.717618063000099 ], [ -8.787558482999939, 29.719358299000099 ], [ -8.82310188799994, 29.726612384000099 ], [ -8.83541495699995, 29.727624417000101 ], [ -8.83541495699995, 29.731975005 ], [ -8.836285074999919, 29.734150300000099 ], [ -8.841288251999909, 29.736543123 ], [ -8.84009219299992, 29.740529987000102 ], [ -8.85032800999994, 29.745273414000099 ], [ -8.860879073999911, 29.757934691000099 ], [ -8.90384093099993, 29.778084943000099 ], [ -8.946422594999939, 29.804318289 ], [ -8.99122592599991, 29.809798784000101 ], [ -8.994407065999949, 29.8100924280001 ], [ -8.99649860099993, 29.8184585660001 ], [ -8.996367879999919, 29.833622192000099 ], [ -8.995452832999939, 29.8401582380001 ], [ -8.97414532499994, 29.8436877030001 ], [ -8.953752861999931, 29.845256354000099 ], [ -8.94329518899991, 29.845779237 ], [ -8.93584409699991, 29.846694284000101 ], [ -8.92329488999991, 29.849962306000101 ], [ -8.914798029999931, 29.852315283000099 ], [ -8.90617044999993, 29.8598970960001 ], [ -8.901725938999959, 29.8704854900001 ], [ -8.88969961499993, 29.8915315560001 ], [ -8.91002754999994, 29.912959488000102 ], [ -8.925689668999951, 29.929056666000101 ], [ -8.94156931699996, 29.9471116080001 ], [ -8.94918284699992, 29.957770550000099 ], [ -8.956143788999951, 29.9769131400001 ], [ -8.95984178899994, 29.989312317 ], [ -8.96123909099992, 30.005393905000101 ], [ -8.962511162999929, 30.018461562000098 ], [ -8.963974847999911, 30.024334555000099 ], [ -8.95918920099996, 30.0380389080001 ], [ -8.942004375999939, 30.051525733000101 ], [ -8.91742355099996, 30.065230087000099 ], [ -8.90263154999991, 30.076106558 ], [ -8.88420427199992, 30.093174833 ], [ -8.881748724999911, 30.095466677 ], [ -8.88440341499995, 30.096739173000099 ], [ -8.90806978599994, 30.1080833840001 ], [ -8.917189281999921, 30.112643132000098 ], [ -8.93805833899995, 30.123300573000101 ], [ -8.97732378199993, 30.127149933000101 ], [ -8.9833349669999, 30.127878562 ], [ -8.99312379099996, 30.142888092000099 ], [ -8.99725684999993, 30.149849034000098 ], [ -8.994052871999941, 30.166206189 ], [ -8.99356657899995, 30.170444558 ], [ -9.012196056999921, 30.174626686000099 ], [ -9.02419418799991, 30.181888712 ], [ -9.026887722999961, 30.186620599 ], [ -9.031046439999949, 30.185905820000102 ], [ -9.08975551599991, 30.22063009 ], [ -9.093487722999949, 30.224620599 ], [ -9.09721115499991, 30.2283950240001 ], [ -9.102681349999949, 30.234103054000101 ], [ -9.10579974299992, 30.238260911000101 ], [ -9.113966961999949, 30.247764584 ], [ -9.116356085999939, 30.249602372000101 ], [ -9.12347063399994, 30.2535558850001 ], [ -9.12851945999995, 30.258307721000101 ], [ -9.137167271999941, 30.2535403380001 ], [ -9.138765607999909, 30.253704379000101 ], [ -9.14411080099995, 30.255795423000102 ], [ -9.159406396999939, 30.262168588000101 ], [ -9.162970273999919, 30.266029455000101 ], [ -9.17425588599991, 30.261574608 ], [ -9.180047185999911, 30.261574608 ], [ -9.18465052799991, 30.263653537 ], [ -9.19118430299994, 30.257119762000102 ], [ -9.197396128999911, 30.258953869 ], [ -9.21048863799995, 30.262317083000099 ], [ -9.219101341999931, 30.265583970000101 ], [ -9.220883279999949, 30.266029455000101 ], [ -9.231871901999909, 30.265583970000101 ], [ -9.23912237799993, 30.263643702000099 ], [ -9.248157252999929, 30.2613314100001 ], [ -9.24946938599992, 30.262331602000099 ], [ -9.272506551999919, 30.2798920070001 ], [ -9.282521923999919, 30.2857725920001 ], [ -9.30723875899991, 30.300382172000099 ], [ -9.31207050699992, 30.303202258000098 ], [ -9.33085298499992, 30.314164793000099 ], [ -9.311593856999931, 30.3137656110001 ], [ -9.300823027999909, 30.32136855 ], [ -9.29322008999992, 30.321685339000101 ], [ -9.29290330099991, 30.323269284 ], [ -9.288468252999911, 30.326120386000099 ], [ -9.286567518999959, 30.324536441000099 ], [ -9.28308283899992, 30.324536441000099 ], [ -9.27896457999992, 30.3254868080001 ], [ -9.277380634999931, 30.327070753 ], [ -9.277380634999931, 30.328337910000101 ], [ -9.28403320599994, 30.338158372000098 ], [ -9.28466678399991, 30.343543786000101 ], [ -9.29417045699995, 30.355264983 ], [ -9.29506762899995, 30.35894626 ], [ -9.303065768999939, 30.35894626 ], [ -9.313303388999939, 30.387099714 ], [ -9.304665396999949, 30.391578673000101 ], [ -9.30626502499995, 30.3944580040001 ], [ -9.30850450499991, 30.3966974830001 ], [ -9.3078646529999, 30.398617037000101 ], [ -9.30370561999996, 30.4059753260001 ], [ -9.30242591799993, 30.410774210000099 ], [ -9.304665396999949, 30.419732127000099 ], [ -9.30556412099992, 30.424941847000099 ], [ -9.306439979999929, 30.4298077290001 ], [ -9.307538913999901, 30.4384160480001 ], [ -9.30754472799992, 30.442446846000099 ], [ -9.31298346299991, 30.472839780000101 ], [ -9.285789785999951, 30.487876284 ], [ -9.27363261199991, 30.4846770280001 ], [ -9.26527613999991, 30.485737399000101 ], [ -9.27028772399996, 30.493820599000099 ], [ -9.27398772299995, 30.500120599000098 ], [ -9.278987723999929, 30.5101205990001 ], [ -9.28208772399995, 30.515020599000099 ], [ -9.28451008299993, 30.5179492920001 ], [ -9.289040184999919, 30.540433790000101 ], [ -9.289406496999961, 30.541349569000101 ], [ -9.29736318099992, 30.552053590000099 ], [ -9.29874743899995, 30.553437847000101 ], [ -9.303692643999909, 30.5552694040001 ], [ -9.31248411899991, 30.559481986 ], [ -9.32622079799995, 30.569738707000099 ], [ -9.323656617999919, 30.595563665 ], [ -9.323839773999911, 30.600508870000098 ], [ -9.326770265999929, 30.623037025000102 ], [ -9.315597765999939, 30.639154729 ], [ -9.31156833999994, 30.670108048000099 ], [ -9.30607366799995, 30.683478416000099 ], [ -9.301861085999921, 30.686042596 ], [ -9.296199165999949, 30.689126320000099 ], [ -9.27560839399996, 30.700340937000099 ], [ -9.27208772399996, 30.702920599 ], [ -9.25516456999992, 30.711803455000101 ], [ -9.24719985099995, 30.7160808040001 ], [ -9.226797058999921, 30.709882488000101 ], [ -9.222923111999931, 30.714014699000099 ], [ -9.24177632399994, 30.731834859000099 ], [ -9.247458113999929, 30.751979387000102 ], [ -9.244484353999949, 30.780097044000101 ], [ -9.246687722999919, 30.793920599 ], [ -9.246628035999951, 30.803071555000098 ], [ -9.215433478999961, 30.81137992 ], [ -9.1927063189999, 30.817578236000099 ], [ -9.17564509799996, 30.824804165 ], [ -9.16791305299995, 30.827392237000101 ], [ -9.15438772299996, 30.823520599000101 ], [ -9.14992827699996, 30.822169252 ], [ -9.13098141699993, 30.82842529 ], [ -9.09559936099993, 30.827133974 ], [ -9.07756722899995, 30.825808399 ], [ -9.069655592999929, 30.825226800000099 ], [ -9.04858772399996, 30.823520599000101 ], [ -9.01908772399991, 30.819920599000099 ], [ -9.00184982499991, 30.824034816000101 ], [ -8.99759709099993, 30.82701173 ], [ -8.996321270999941, 30.8491259450001 ], [ -8.99249380999993, 30.872090708000101 ], [ -8.9869652559999, 30.889526916000101 ], [ -8.953793932999931, 30.904836758 ], [ -8.915944601999909, 30.915468592000099 ], [ -8.896382026999961, 30.928652067000101 ], [ -8.86520852599995, 30.949956997000101 ], [ -8.852433623999961, 30.9605362120001 ], [ -8.84185440899995, 30.9681213100001 ], [ -8.83717468799995, 30.969876205 ], [ -8.830676370999919, 30.972313074000098 ], [ -8.82628499899994, 30.974708368000101 ], [ -8.81869990099994, 30.973710329000099 ], [ -8.81106576099995, 30.967755700000101 ], [ -8.80013637299993, 30.958739742 ], [ -8.79774107899993, 30.949557782000099 ], [ -8.79155323599991, 30.941972684000099 ], [ -8.782171667999931, 30.937780920000101 ], [ -8.787760686999951, 30.927002097000099 ], [ -8.77518539399995, 30.917820137 ], [ -8.77159245299992, 30.912031510000102 ], [ -8.769995589999951, 30.898657785000101 ], [ -8.76141245399992, 30.889076609000099 ], [ -8.764606178999941, 30.872908375000101 ], [ -8.76454946899992, 30.872171146000099 ], [ -8.763009315999909, 30.853746023 ], [ -8.761609533999939, 30.845117764000101 ], [ -8.76061402199991, 30.838575828 ], [ -8.755737541999901, 30.8300205990001 ], [ -8.74923637599994, 30.818615045000101 ], [ -8.748038728999919, 30.816818574000099 ], [ -8.741651277999949, 30.811029947000101 ], [ -8.728676768999939, 30.813824457000099 ], [ -8.725283435999931, 30.819213868000102 ], [ -8.726281474999951, 30.825002495 ], [ -8.72651539199995, 30.827107742000099 ], [ -8.72688029899996, 30.830391907 ], [ -8.724884220999909, 30.83837622 ], [ -8.72683113699992, 30.852815853 ], [ -8.727737890999951, 30.856384611000099 ], [ -8.713163418999949, 30.863128023000101 ], [ -8.70576741899993, 30.866608494 ], [ -8.670310121999931, 30.8977152020001 ], [ -8.66160894499995, 30.9016307310001 ], [ -8.65368279599994, 30.894623556000099 ], [ -8.64659941499991, 30.8883614360001 ], [ -8.62354129599993, 30.885316024000101 ], [ -8.60418117699993, 30.880747906000099 ], [ -8.598678018999919, 30.880628273000099 ], [ -8.587866469999939, 30.880312848000099 ], [ -8.568941409999921, 30.882488142000099 ], [ -8.538269760999921, 30.874004494000101 ], [ -8.511820258999929, 30.8706722740001 ], [ -8.508720724999931, 30.869983488000099 ], [ -8.508708939999909, 30.870313473000099 ], [ -8.49194188199994, 30.871111904000099 ], [ -8.483797089999941, 30.871388014 ], [ -8.44703011999991, 30.864524846000101 ], [ -8.414294435999921, 30.8723095510001 ], [ -8.40551169099996, 30.871311512000101 ], [ -8.39632973099992, 30.8647244540001 ], [ -8.388341925999949, 30.863492151000099 ], [ -8.385950123999921, 30.8633271990001 ], [ -8.3775665949999, 30.863926022 ], [ -8.36618894899993, 30.8633271990001 ], [ -8.35341404799993, 30.864524846000101 ], [ -8.34882306699995, 30.865123669000099 ], [ -8.34722620499991, 30.865922101000098 ], [ -8.343990073999921, 30.867236779000098 ], [ -8.32626738299996, 30.875702884000098 ], [ -8.32287404899995, 30.876501316000098 ], [ -8.315687723999931, 30.8774205990001 ], [ -8.307887723999951, 30.878120599000098 ], [ -8.297887723999899, 30.879620599000098 ], [ -8.27965017799994, 30.882508185000098 ], [ -8.27141917799992, 30.884663923000101 ], [ -8.26465957399995, 30.8864342960001 ], [ -8.25181048399992, 30.8889327300001 ], [ -8.24408772299995, 30.895020599000102 ], [ -8.232587723999931, 30.905120599 ], [ -8.22103565199995, 30.91512922 ], [ -8.21528772299996, 30.916220599 ], [ -8.18971226899993, 30.923466580000099 ], [ -8.152230040999941, 30.934261462000102 ], [ -8.134187723999959, 30.938120599000101 ], [ -8.108685904999961, 30.928550756 ], [ -8.059431061999931, 30.9253384830001 ], [ -8.030877529999939, 30.9149878280001 ], [ -8.014459248999909, 30.9096340410001 ], [ -8.00724918699996, 30.911719226000098 ], [ -7.97746933199994, 30.923425790000099 ], [ -7.96795281499993, 30.9328063570001 ], [ -7.96000364699995, 30.940641965000101 ], [ -7.94702913799995, 30.9593551990001 ], [ -7.92856541399993, 31.006762059 ], [ -7.92681884499996, 31.031713038000099 ], [ -7.91968936099994, 31.035115747000098 ], [ -7.91584041499993, 31.0369527440001 ], [ -7.90375280199993, 31.0766366050001 ], [ -7.90274355499991, 31.0816690710001 ], [ -7.88689727899992, 31.106565975000098 ], [ -7.81029777399993, 31.1454895020001 ], [ -7.82476934199991, 31.166697834 ], [ -7.80591794799994, 31.159481285000101 ] ] ] ] } },
{ "type": "Feature", "properties": { "OBJECTID": 63, "Code_Province": "09.551.", "Population": 117841, "Menages": 22359, "Etrangers": 32, "Marocains": 117809, "Nom_Provinces": "TATA", "Code_Region": "09.", "Superficie_Ha": 3515480.9517484, "Shape__Area": 2.4672863962503699, "Shape__Length": 10.3371393894483, "zone_dattes": "TRUE", "zone_commune_datt_argan_txt": "FALSE" }, "geometry": { "type": "MultiPolygon", "coordinates": [ [ [ [ -6.64214123899995, 30.424506538000099 ], [ -6.6382877229999, 30.4157205990001 ], [ -6.61868772399992, 30.414720599000098 ], [ -6.61224855599994, 30.412762607 ], [ -6.57756185399995, 30.377278510000099 ], [ -6.54837452899994, 30.341556709000098 ], [ -6.51221709599992, 30.316725701000099 ], [ -6.51172628999995, 30.308872808 ], [ -6.51134583299995, 30.291459061000101 ], [ -6.51134583299995, 30.290152166 ], [ -6.53948772299992, 30.271620599000101 ], [ -6.55970095399994, 30.256172892000102 ], [ -6.58635779699995, 30.2330068250001 ], [ -6.58788772399992, 30.2295205990001 ], [ -6.58782624099996, 30.227501891000099 ], [ -6.56318600699995, 30.204332717000099 ], [ -6.51570214999992, 30.1598982820001 ], [ -6.50132630299993, 30.147700593000099 ], [ -6.48825735099996, 30.127225902000099 ], [ -6.50786077899994, 30.076256991 ], [ -6.48412325699991, 30.036006410000098 ], [ -6.47910908499995, 30.025723711000101 ], [ -6.39633905799991, 30.0466340340001 ], [ -6.38806205599991, 30.040535190000099 ], [ -6.36869296399993, 30.04020124 ], [ -6.36832810999994, 30.039228295 ], [ -6.36584483799993, 30.039228295 ], [ -6.35408278099993, 30.031386924000099 ], [ -6.35669657199992, 30.011783496000099 ], [ -6.39879718499992, 30.000800728000101 ], [ -6.40298772299991, 29.996920599000099 ], [ -6.43118959599991, 29.9734479050001 ], [ -6.42955910799992, 29.9718883080001 ], [ -6.43048772299994, 29.971620599000101 ], [ -6.43058772399991, 29.971520599000101 ], [ -6.43124673999995, 29.970857439 ], [ -6.43118959599991, 29.970834115000098 ], [ -6.42944706899993, 29.964735271000102 ], [ -6.43031833299994, 29.958636426000101 ], [ -6.42247696199991, 29.9455674750001 ], [ -6.42117006599995, 29.9333697870001 ], [ -6.42029880299992, 29.920736467 ], [ -6.42073443499993, 29.9024399340001 ], [ -6.41594248599995, 29.888499719 ], [ -6.41376432699991, 29.869767555000099 ], [ -6.40635858799993, 29.848421601 ], [ -6.40635858799993, 29.826640015000098 ], [ -6.40374479799993, 29.802680270000099 ], [ -6.40418042899995, 29.790482582 ], [ -6.40447760099994, 29.790437676000099 ], [ -6.39721032199992, 29.765215942000101 ], [ -6.38980458199995, 29.745612515000101 ], [ -6.41245743199994, 29.723830929000101 ], [ -6.42465511999995, 29.700306816000101 ], [ -6.42117006599995, 29.681574652000101 ], [ -6.40635858799993, 29.661535593000099 ], [ -6.4050516929999, 29.646724114000101 ], [ -6.42073443499993, 29.627991950000101 ], [ -6.44774360099995, 29.565696614 ], [ -6.45974847699995, 29.562228539 ], [ -6.46081255299992, 29.562647192 ], [ -6.48956424699992, 29.5500138720001 ], [ -6.51570214999992, 29.536073657000099 ], [ -6.51987860499992, 29.530070003 ], [ -6.52267225699995, 29.526054128000101 ], [ -6.53007799699992, 29.520826547000102 ], [ -6.54053315799996, 29.522569074 ], [ -6.54328935399991, 29.523647585 ], [ -6.54800036099994, 29.525638448000102 ], [ -6.56482542599991, 29.523234867 ], [ -6.57624243399994, 29.523635464000101 ], [ -6.58265198299995, 29.5240360610001 ], [ -6.59006302299991, 29.526239343 ], [ -6.60127973399994, 29.527240835 ], [ -6.61810479899992, 29.5304456090001 ], [ -6.62391345199995, 29.527240835 ], [ -6.62391345199995, 29.5216324800001 ], [ -6.62892091199996, 29.520030093000099 ], [ -6.64414358999994, 29.520430690000101 ], [ -6.65375791299993, 29.519829794000099 ], [ -6.65876537299994, 29.517826810000098 ], [ -6.67118387299996, 29.518227407 ], [ -6.68139909099994, 29.518027109000101 ], [ -6.68921072899991, 29.51662502 ], [ -6.69461878499993, 29.515222931 ], [ -6.71304623799995, 29.509213980000101 ], [ -6.72105817299996, 29.505608608 ], [ -6.73295994999995, 29.4921859630001 ], [ -6.73868443199996, 29.485378471 ], [ -6.74609547299991, 29.476164744000101 ], [ -6.75030173899995, 29.4721587770001 ], [ -6.76151844899994, 29.4645474380001 ], [ -6.77173366699992, 29.462344155 ], [ -6.78234948199991, 29.462544454000099 ], [ -6.79156320799996, 29.463946542000102 ], [ -6.80478290199994, 29.463746244 ], [ -6.82220886299996, 29.466350123 ], [ -6.84123720999992, 29.470155793000099 ], [ -6.84604437199994, 29.472959970000101 ], [ -6.85605929099995, 29.4831751880001 ], [ -6.86286943699991, 29.484977874 ], [ -6.87448674399991, 29.483575785000099 ], [ -6.88350017099992, 29.483575785000099 ], [ -6.89111150999992, 29.485178172000101 ], [ -6.89331479299994, 29.486179664000101 ], [ -6.90112642999992, 29.491587721000101 ], [ -6.90873776899991, 29.495793987000098 ], [ -6.91514731799992, 29.4975966730001 ], [ -6.92616372899994, 29.497796971000099 ], [ -6.93597835099996, 29.4963948820001 ], [ -6.94419058499994, 29.4975966730001 ], [ -6.95060013299991, 29.4975966730001 ], [ -6.96321893199996, 29.494792495000102 ], [ -6.97223235999991, 29.4951930920001 ], [ -6.97663892499992, 29.498397866000101 ], [ -6.98184668299996, 29.5030047290001 ], [ -6.98945802199995, 29.5042065200001 ], [ -7.00227711899993, 29.5018029390001 ], [ -7.00908726499995, 29.498998761000099 ], [ -7.01589740999992, 29.495593689000099 ], [ -7.02170606299995, 29.493590705000098 ], [ -7.02791531399993, 29.496595181000099 ], [ -7.03532635399995, 29.498798463000099 ], [ -7.04253709699992, 29.498798463000099 ], [ -7.05535619399996, 29.5018029390001 ], [ -7.06096454899995, 29.503405326000099 ], [ -7.06857588799994, 29.506810399000098 ], [ -7.07979259799993, 29.513820843000101 ], [ -7.08660274299996, 29.51662502 ], [ -7.09595637899992, 29.519640856000098 ], [ -7.09942184099992, 29.5206309880001 ], [ -7.10743377599993, 29.522633972000101 ], [ -7.11504511499993, 29.523635464000101 ], [ -7.12145466399994, 29.5228342700001 ], [ -7.12806451099993, 29.520831286000099 ], [ -7.13507495499993, 29.5206309880001 ], [ -7.14248599499996, 29.522233375 ], [ -7.14969673799993, 29.523034569000099 ], [ -7.15650688299991, 29.520831286000099 ], [ -7.17233045599994, 29.512418754000102 ], [ -7.18534985199994, 29.5062095040001 ], [ -7.19616596499992, 29.5020032370001 ], [ -7.20878476399991, 29.498197568000101 ], [ -7.22160386099995, 29.493590705000098 ], [ -7.23582504699993, 29.48798235 ], [ -7.25124802399995, 29.478568325000101 ], [ -7.25953535599996, 29.4720522910001 ], [ -7.26627040299991, 29.4665504210001 ], [ -7.28369636299993, 29.449725356 ], [ -7.31734649399993, 29.4182785080001 ], [ -7.33317006699991, 29.403656726000101 ], [ -7.34058110699993, 29.399049863000101 ], [ -7.34899363999994, 29.395644790000102 ], [ -7.35420139799993, 29.393842104 ], [ -7.36782168899992, 29.392239717000098 ], [ -7.37663481799996, 29.391238225000102 ], [ -7.38244347199992, 29.388834644 ], [ -7.38584854499993, 29.383426588000098 ], [ -7.39105630299991, 29.379821217000099 ], [ -7.40027002899995, 29.3806224100001 ], [ -7.40567808599991, 29.3818242010001 ], [ -7.41268852899992, 29.381623902000101 ], [ -7.41909807799993, 29.380021515000099 ], [ -7.44093060299991, 29.374813757000101 ], [ -7.45334910399992, 29.3720095790001 ], [ -7.45915775699996, 29.370407192000101 ], [ -7.47397983799993, 29.367202418000101 ], [ -7.48860162099993, 29.365600031 ], [ -7.48900221799994, 29.3653997320001 ], [ -7.5024222099999, 29.3653997320001 ], [ -7.50983325099992, 29.366200926000101 ], [ -7.52405443699996, 29.364999136000101 ], [ -7.53747442899993, 29.365600031 ], [ -7.54285311999996, 29.367048140000101 ], [ -7.54788994599994, 29.368404208000101 ], [ -7.56371351899992, 29.37321137 ], [ -7.58073888199993, 29.3764161440001 ], [ -7.59215589099995, 29.377818233000099 ], [ -7.59976722999994, 29.3764161440001 ], [ -7.61158483499992, 29.3720095790001 ], [ -7.61899587599993, 29.367803313000099 ], [ -7.62340243999995, 29.363396748000099 ], [ -7.62680751299996, 29.357187498000101 ], [ -7.62760870699992, 29.351579143 ], [ -7.62540542399995, 29.3453698930001 ], [ -7.62700781099994, 29.339761538000101 ], [ -7.62580602099996, 29.333552288000099 ], [ -7.63226287799995, 29.327410399000101 ], [ -7.63401825499994, 29.3257406500001 ], [ -7.63602123899994, 29.3189305050001 ], [ -7.63862511799994, 29.303106932 ], [ -7.64243078799995, 29.3035075280001 ], [ -7.65124391699993, 29.299100964 ], [ -7.65725286899993, 29.300102456 ], [ -7.66406301399991, 29.3025060360001 ], [ -7.67688211199993, 29.298700367 ], [ -7.68529208199993, 29.297952814 ], [ -7.70043700399992, 29.288563682000099 ], [ -7.70892985499995, 29.287884254000101 ], [ -7.72154865399995, 29.283077092 ], [ -7.72715700899994, 29.2814747050001 ], [ -7.73536924299992, 29.279471721 ], [ -7.74177879199993, 29.275866350000101 ], [ -7.74898953399992, 29.274063664 ], [ -7.77803280099994, 29.260443374000101 ], [ -7.78544384199995, 29.256437406000099 ], [ -7.79125249499992, 29.253232631000099 ], [ -7.81769188299995, 29.231400106000098 ], [ -7.82410143199991, 29.226993542000098 ], [ -7.82701825399994, 29.212060532000098 ], [ -7.83071976099995, 29.210352144000101 ], [ -7.83869223899995, 29.212060532000098 ], [ -7.85691504599993, 29.206935368000099 ], [ -7.86431806099995, 29.202949129 ], [ -7.87428365899996, 29.2015254720001 ], [ -7.87798516599992, 29.199817084000099 ], [ -7.87741570399993, 29.193837725 ], [ -7.88083247999992, 29.189566755 ], [ -7.88567291299995, 29.188427830000101 ], [ -7.88965915199992, 29.188143098000101 ], [ -7.89506904799993, 29.1907056810001 ], [ -7.90674303299994, 29.185580516000101 ], [ -7.90845142099994, 29.1852957850001 ], [ -7.90930561499994, 29.1835873970001 ], [ -7.91186819799992, 29.183017934000102 ], [ -7.91443077999992, 29.180170620000101 ], [ -7.91670863099995, 29.1796011580001 ], [ -7.92468110899995, 29.1739065310001 ], [ -7.92781315399992, 29.1713439480001 ], [ -7.92923680999991, 29.170489754000101 ], [ -7.93179939299995, 29.166788247000099 ], [ -7.93464670599991, 29.165649321 ], [ -7.94148025899995, 29.157961575000101 ], [ -7.94603595999996, 29.154260067000099 ], [ -7.95030693099994, 29.150843291000101 ], [ -7.95970306499993, 29.142586081 ], [ -7.96141145399992, 29.140308231000098 ], [ -7.95742521499994, 29.138030380000099 ], [ -7.95685575199991, 29.1340441410001 ], [ -7.95770205899993, 29.129858233 ], [ -7.9594183339999, 29.1257869310001 ], [ -7.96112672199996, 29.1257869310001 ], [ -7.96340457299993, 29.1229396180001 ], [ -7.96796027499994, 29.123793812000098 ], [ -7.97080758799996, 29.123793812000098 ], [ -7.97128590099993, 29.124112687 ], [ -7.97166178199996, 29.1243632750001 ], [ -7.97291418499992, 29.123423973000101 ], [ -7.97963425999995, 29.118383916000099 ], [ -7.98874566399991, 29.112689289000102 ], [ -7.99614867899993, 29.1092725130001 ], [ -8.00212803699992, 29.105571005000101 ], [ -8.00668373899993, 29.103577886 ], [ -8.008187723999921, 29.103720599 ], [ -8.01793761899995, 29.097549779000101 ], [ -8.022598779999949, 29.094599677000101 ], [ -8.030885903999939, 29.0927580940001 ], [ -8.03885838199994, 29.088487124 ], [ -8.046261397999951, 29.083931422 ], [ -8.055657531999939, 29.078806258 ], [ -8.059359039999951, 29.075674213000099 ], [ -8.06050396999996, 29.0703371500001 ], [ -8.06419947299992, 29.071403243000098 ], [ -8.06903990599994, 29.067132272 ], [ -8.07388033899991, 29.065708615000101 ], [ -8.0781513089999, 29.067986466 ], [ -8.106054981999931, 29.046631615000098 ], [ -8.125986176999961, 29.0349576290001 ], [ -8.132250266999961, 29.030401927000099 ], [ -8.1313960729999, 29.026415688 ], [ -8.13213777599992, 29.023395824000101 ], [ -8.13595177499991, 29.024137837000101 ], [ -8.13908381899995, 29.025846226000098 ], [ -8.14791049099995, 29.021290524000101 ], [ -8.152466192999951, 29.0170195540001 ], [ -8.157876088999959, 29.015026434 ], [ -8.16470964099994, 29.013602777000099 ], [ -8.167841685999919, 29.014456971000101 ], [ -8.17866147799992, 29.016450091000099 ], [ -8.183501910999951, 29.013602777000099 ], [ -8.19062019499995, 29.007908150000102 ], [ -8.20855826999991, 28.996803627000101 ], [ -8.224503225999911, 28.986838030000101 ], [ -8.227920001999911, 28.980858671000099 ], [ -8.234753554999941, 28.978011358000099 ], [ -8.23760086799996, 28.9743098500001 ], [ -8.244434420999941, 28.969184686000101 ], [ -8.247281734999939, 28.963774790000102 ], [ -8.254400017999959, 28.955232849000101 ], [ -8.259525182999941, 28.9506771480001 ], [ -8.26151830199996, 28.949822954000101 ], [ -8.26322668999995, 28.948399297 ], [ -8.26635873499993, 28.9478298340001 ], [ -8.274331212999931, 28.949538222000101 ], [ -8.280595302999931, 28.944982521 ], [ -8.30052649799995, 28.931884878000101 ], [ -8.30508219999996, 28.927613908000101 ], [ -8.30792951299992, 28.922773475 ], [ -8.307360050999931, 28.920780355000101 ], [ -8.308214244999929, 28.919071967 ], [ -8.313908871999949, 28.9176483110001 ], [ -8.317040916999931, 28.918217773 ], [ -8.31931876799996, 28.9204956240001 ], [ -8.34152781299991, 28.901988086000099 ], [ -8.370000948999911, 28.874369144000099 ], [ -8.389932143999941, 28.859847845 ], [ -8.40217559199994, 28.845326546000098 ], [ -8.414703771999941, 28.836784606 ], [ -8.42239151799992, 28.82083965 ], [ -8.424954099999921, 28.819131261000098 ], [ -8.43150292199994, 28.817707605000098 ], [ -8.432357115999929, 28.8157144850001 ], [ -8.44317690699995, 28.810589321000101 ], [ -8.46310810199992, 28.7963527530001 ], [ -8.48560187899994, 28.788949738 ], [ -8.49839765699994, 28.783719009 ], [ -8.510098285999961, 28.774943537000102 ], [ -8.516923651999949, 28.774943537000102 ], [ -8.537032679999919, 28.7683481390001 ], [ -8.57737690199991, 28.751054753000101 ], [ -8.588102477999939, 28.744716912000101 ], [ -8.62612952199993, 28.731066178 ], [ -8.635392519999931, 28.72570339 ], [ -8.650993358999919, 28.7203406020001 ], [ -8.670006880999949, 28.7149778140001 ], [ -8.66854430199993, 28.547268799000101 ], [ -8.668062722999929, 28.373814519000099 ], [ -8.668377196999931, 28.310919793 ], [ -8.68599009799993, 28.3284074100001 ], [ -8.80118870599995, 28.454251434000099 ], [ -8.84551503799992, 28.503061728 ], [ -8.88315494399995, 28.5450296530001 ], [ -8.89093429499991, 28.556961758000099 ], [ -8.916001096999929, 28.595409660000101 ], [ -8.97080353199993, 28.644992815000101 ], [ -8.967050373999941, 28.660868531000101 ], [ -8.973368857999951, 28.686142468000099 ], [ -9.00081438899991, 28.714148268000098 ], [ -9.05866839499993, 28.717032835000101 ], [ -9.13519225999994, 28.726510561000101 ], [ -9.17761748099991, 28.7780844420001 ], [ -9.20501869799995, 28.795047100000101 ], [ -9.20240905799994, 28.842673025000099 ], [ -9.18161560899995, 28.854286442 ], [ -9.21567892199994, 28.8600033610001 ], [ -9.225207121999921, 28.8909700090001 ], [ -9.23116224599994, 28.913361278000099 ], [ -9.23759378099993, 28.940516647 ], [ -9.22306327699993, 28.956952791 ], [ -9.22401609699995, 28.977438419000102 ], [ -9.24902761999993, 28.986013799000101 ], [ -9.243548905999941, 29.004117378 ], [ -9.23425891099992, 29.027461466000101 ], [ -9.23473532099996, 29.042468381 ], [ -9.238546600999941, 29.052234785000099 ], [ -9.245930954999951, 29.070576569000099 ], [ -9.23159147699994, 29.0747243520001 ], [ -9.17566048499992, 29.090585788000102 ], [ -9.178430854999929, 29.0881321200001 ], [ -9.20924738799993, 29.052472990000101 ], [ -9.206150722999951, 29.041753766000099 ], [ -9.19543149799995, 29.037942486000102 ], [ -9.18716368699995, 29.043109868 ], [ -9.175898689999929, 29.04961453 ], [ -9.164703054999951, 29.057713500000101 ], [ -9.14564665599994, 29.072244004000101 ], [ -9.138976916999921, 29.082248613 ], [ -9.16089177499992, 29.103925267000101 ], [ -9.15970075099994, 29.112024236000099 ], [ -9.129210511999929, 29.129174995000099 ], [ -9.09157412499991, 29.154901134000099 ], [ -9.085619, 29.162285488000101 ], [ -9.08538079499993, 29.172528303 ], [ -9.085857204999909, 29.185629577 ], [ -9.09610001899995, 29.218978275 ], [ -9.11015411299991, 29.236129034 ], [ -9.11134513799993, 29.243751594000098 ], [ -9.12087333799991, 29.249230308000101 ], [ -9.12992512699992, 29.257805688000101 ], [ -9.130118712999939, 29.269614412000099 ], [ -9.130639741999911, 29.282102596000101 ], [ -9.13230717699992, 29.291630796 ], [ -9.13206897199996, 29.298300535000099 ], [ -9.137309481999919, 29.3171187290001 ], [ -9.13540384199996, 29.335698718000099 ], [ -9.13183076699994, 29.3559461420001 ], [ -9.12873410199995, 29.368332801000101 ], [ -9.123493592999919, 29.3809576660001 ], [ -9.123255387999899, 29.394297145000099 ], [ -9.125161027999919, 29.406207394 ], [ -9.12611384799993, 29.415020979000101 ], [ -9.122064362999931, 29.420499693000099 ], [ -9.11646922999995, 29.421590812000101 ], [ -9.086571819999961, 29.422643538 ], [ -9.021065448999931, 29.425263793000099 ], [ -9.01201365899993, 29.424549178000099 ], [ -8.99700674499991, 29.422167128000101 ], [ -8.97417671499994, 29.4210833160001 ], [ -8.95668781699993, 29.423364476000099 ], [ -8.916387313999911, 29.4343900860001 ], [ -8.89053416099995, 29.439712794000101 ], [ -8.856565453999909, 29.457631908000099 ], [ -8.84072882199996, 29.465946140000099 ], [ -8.815255862999949, 29.4644253660001 ], [ -8.81362791899994, 29.4608886380001 ], [ -8.80412415299992, 29.442673087000099 ], [ -8.79708772399994, 29.431420599 ], [ -8.794287723999959, 29.426820599000099 ], [ -8.788687722999949, 29.417620599000099 ], [ -8.77271526699991, 29.3931802980001 ], [ -8.76510099199993, 29.38509013 ], [ -8.756046248999951, 29.3825856270001 ], [ -8.75598772399991, 29.382520599000099 ], [ -8.75398772399995, 29.3803205990001 ], [ -8.74753363999992, 29.378476575 ], [ -8.74320995099993, 29.361771412000099 ], [ -8.750110387999939, 29.3615334660001 ], [ -8.74535146599993, 29.355822760000098 ], [ -8.73845102899992, 29.358916059000101 ], [ -8.73202274099992, 29.3658800370001 ], [ -8.729884968999951, 29.368195957000101 ], [ -8.717987663999899, 29.3829486150001 ], [ -8.70894571199995, 29.400318681 ], [ -8.696810460999931, 29.411978040000101 ], [ -8.685151101999899, 29.418402584 ], [ -8.680392179999959, 29.4236373990001 ], [ -8.67039844399994, 29.425778914 ], [ -8.65588373199995, 29.4267306980001 ], [ -8.63970339699995, 29.411264201000101 ], [ -8.624795263999941, 29.399414147000101 ], [ -8.622266097999949, 29.398325839000101 ], [ -8.59957029499992, 29.415033043000101 ], [ -8.603059697999919, 29.425065075000099 ], [ -8.613053433999941, 29.441721302000101 ], [ -8.626616361999931, 29.453618607000099 ], [ -8.63042349899996, 29.4588534220001 ], [ -8.64470026499993, 29.475747595000101 ], [ -8.649697132999959, 29.483599816 ], [ -8.663735952999961, 29.501207827000101 ], [ -8.67777477299995, 29.5100118330001 ], [ -8.69646806999992, 29.534568185000101 ], [ -8.698714029999911, 29.537375635 ], [ -8.702759113999941, 29.5585528380001 ], [ -8.700048509999929, 29.5630306350001 ], [ -8.695383948999959, 29.5725137330001 ], [ -8.69206306499995, 29.580139466 ], [ -8.70228694799993, 29.598846996000098 ], [ -8.70446224199992, 29.610158527000099 ], [ -8.70816024299995, 29.626473234000098 ], [ -8.689670240999931, 29.6421353520001 ], [ -8.68756848299995, 29.661436607 ], [ -8.68654363099995, 29.675528321000101 ], [ -8.68705605699995, 29.693207017000098 ], [ -8.685774991999949, 29.710373287 ], [ -8.67808860199994, 29.741375059000099 ], [ -8.67450162099993, 29.755722986000102 ], [ -8.67564153699993, 29.7705187050001 ], [ -8.678323899999951, 29.776889316000101 ], [ -8.693095496999939, 29.768608073000099 ], [ -8.696101943999899, 29.766954527000099 ], [ -8.69814652799994, 29.787102156000099 ], [ -8.69878772399994, 29.7934205990001 ], [ -8.69897780399992, 29.794405919 ], [ -8.70303015199994, 29.797281779000102 ], [ -8.660676576999951, 29.821595868000099 ], [ -8.61929317599993, 29.829207878000101 ], [ -8.609695420999911, 29.830877053000101 ], [ -8.61361704799992, 29.838458866000099 ], [ -8.621460302999941, 29.838328145 ], [ -8.689187723999909, 29.837935982000101 ], [ -8.69819347899994, 29.837935982000101 ], [ -8.69740915299991, 29.850746632 ], [ -8.69897780399992, 29.856498352000099 ], [ -8.702003044999911, 29.873029131000099 ], [ -8.702637989999911, 29.876498652000102 ], [ -8.67309506399994, 29.886171999000101 ], [ -8.669696319999961, 29.901335625000101 ], [ -8.67414083099993, 29.9202901570001 ], [ -8.678323899999951, 29.9303556670001 ], [ -8.68433706199994, 29.948525874 ], [ -8.68472922499995, 29.9652581510001 ], [ -8.68499066699991, 29.972578522 ], [ -8.68198408599994, 29.9759772660001 ], [ -8.680640422999939, 29.976356997 ], [ -8.675970923999961, 29.977676638 ], [ -8.672441458999909, 29.977284475000101 ], [ -8.66785269699994, 29.976893378000099 ], [ -8.65348692699996, 29.971794197000101 ], [ -8.620806698999949, 29.9665653600001 ], [ -8.617675719999911, 29.968460356 ], [ -8.61178695599995, 29.971532755000101 ], [ -8.59953748499993, 29.968183290000098 ], [ -8.570348425999949, 29.960682919000099 ], [ -8.56080579999991, 29.949179479000101 ], [ -8.55126317299994, 29.939767573 ], [ -8.526556920999949, 29.916107088 ], [ -8.518091348999921, 29.915841154000098 ], [ -8.500626945999951, 29.915727997000101 ], [ -8.48638772399994, 29.916420599 ], [ -8.47918772299994, 29.9172205990001 ], [ -8.45888772399991, 29.921420599 ], [ -8.451463304999949, 29.9221100090001 ], [ -8.44214611899991, 29.922682784000099 ], [ -8.419825909999931, 29.924054919000099 ], [ -8.411367392999921, 29.918367296 ], [ -8.40298772299991, 29.9154205990001 ], [ -8.399279867999949, 29.913836334000099 ], [ -8.39036141699995, 29.915343678000099 ], [ -8.375757275999939, 29.916880956000099 ], [ -8.368327099999931, 29.9171371690001 ], [ -8.354503188999949, 29.919612123 ], [ -8.353979171999921, 29.921236577000101 ], [ -8.34987976499991, 29.9345596520001 ], [ -8.34603656999991, 29.945833023 ], [ -8.34219337499991, 29.953519413 ], [ -8.34193716199991, 29.957618821 ], [ -8.33117621599996, 29.9660738490001 ], [ -8.326051956999949, 29.978884499000099 ], [ -8.32374603999995, 29.983240120000101 ], [ -8.323233613999941, 29.988108166000099 ], [ -8.32169633599994, 29.995282130000099 ], [ -8.319390418999941, 29.998356686000101 ], [ -8.31477858499994, 29.999637751000101 ], [ -8.30608772399995, 30.002020599 ], [ -8.304049763999959, 30.0023813560001 ], [ -8.29186870899991, 30.004537632000101 ], [ -8.27070995099996, 30.0060430760001 ], [ -8.26718272999994, 30.004279465000099 ], [ -8.255593384999941, 29.998612899000101 ], [ -8.207425342999951, 30.002712307000099 ], [ -8.190002859999939, 29.9978442600001 ], [ -8.17988772299992, 30.001120599 ], [ -8.170991698999959, 30.003726372000099 ], [ -8.143073885999909, 30.011903899000099 ], [ -8.14056321299995, 30.007704441 ], [ -8.11775079699993, 29.963255507 ], [ -8.106733638999909, 29.946857875 ], [ -8.09747447999996, 29.937929401000101 ], [ -8.089833106999951, 29.930185530000099 ], [ -8.086805258999959, 29.9259801850001 ], [ -8.06528772399991, 29.9324205990001 ], [ -8.04764533599996, 29.940807729000099 ], [ -8.03455946099996, 29.961300703000099 ], [ -8.030536631999951, 29.972363783 ], [ -8.022172376999951, 29.980728039 ], [ -8.01304773399994, 29.986050746 ], [ -7.99958772299993, 29.986620599 ], [ -8.005063671999951, 29.9928942280001 ], [ -8.00696463999992, 29.998977323000101 ], [ -8.010006186999931, 30.003159451 ], [ -8.01038637999994, 30.013044480000101 ], [ -8.003923091999919, 30.040798600000102 ], [ -8.000600304999921, 30.0574756430001 ], [ -7.99819444099995, 30.061714546000101 ], [ -7.99650605999994, 30.064323836000099 ], [ -7.99618772399992, 30.076420599000102 ], [ -7.99396727599992, 30.084690962000099 ], [ -7.99365786999994, 30.0970672270001 ], [ -7.98377284099996, 30.117217478 ], [ -7.97898772299993, 30.119820599 ], [ -7.96552355599994, 30.129383668000099 ], [ -7.95328772299996, 30.128320599000102 ], [ -7.93208772299994, 30.124520599 ], [ -7.92488310399995, 30.123547002000102 ], [ -7.92522305299991, 30.1221599930001 ], [ -7.89822931999993, 30.111134384000099 ], [ -7.85830900999991, 30.1054314820001 ], [ -7.78531187199991, 30.1046710950001 ], [ -7.75337562499993, 30.086041617 ], [ -7.75116980899992, 30.090273385 ], [ -7.72410073099991, 30.145731985000101 ], [ -7.71953840999993, 30.149153726000101 ], [ -7.71155434799993, 30.158658562000099 ], [ -7.69520602999995, 30.174626686000099 ], [ -7.67011326399995, 30.193256164 ], [ -7.65604610799994, 30.199339258000101 ], [ -7.64311953099991, 30.2080837070001 ], [ -7.63665624299995, 30.210364868000099 ], [ -7.62569177499995, 30.211738456 ], [ -7.61228772399994, 30.213820599000101 ], [ -7.60559714299995, 30.214287384 ], [ -7.59040560499994, 30.207382139000099 ], [ -7.56993091499993, 30.2113028250001 ], [ -7.56494584999996, 30.213695656000102 ], [ -7.56118772399992, 30.214720599000099 ], [ -7.53769416699993, 30.2256786710001 ], [ -7.53028772299996, 30.219920599000101 ], [ -7.52976989299992, 30.219667078 ], [ -7.51112063199992, 30.2060752440001 ], [ -7.48977467799995, 30.198233873 ], [ -7.48411146599994, 30.2021545580001 ], [ -7.48354874999995, 30.203392532000102 ], [ -7.47908772399995, 30.2067205990001 ], [ -7.47201141399995, 30.213118359000099 ], [ -7.44403334699996, 30.199540768000102 ], [ -7.42747934199991, 30.190392502000101 ], [ -7.42181612899992, 30.1864718160001 ], [ -7.36954032299991, 30.189085607 ], [ -7.36126331999992, 30.175581023000099 ], [ -7.35255068599992, 30.157720123 ], [ -7.33076909999994, 30.126354639000098 ], [ -7.32162083399993, 30.1154638460001 ], [ -7.30201740599995, 30.1041374210001 ], [ -7.29591856199994, 30.113721319 ], [ -7.28938408599993, 30.1206914270001 ], [ -7.28938408599993, 30.122277191000101 ], [ -7.29461166699991, 30.136374169000099 ], [ -7.29243350799993, 30.147700593000099 ], [ -7.29853235199994, 30.1638189670001 ], [ -7.29461166699991, 30.193441924000101 ], [ -7.29504729899992, 30.214787878 ], [ -7.27805766199992, 30.230470620000101 ], [ -7.25627607499996, 30.260093577000099 ], [ -7.24278206099996, 30.279611705 ], [ -7.23013817199995, 30.297122274000099 ], [ -7.19354510799991, 30.3389429190001 ], [ -7.17960489299992, 30.3502693440001 ], [ -7.17132788999993, 30.369437139000102 ], [ -7.15956583299993, 30.376842879 ], [ -7.11730955599995, 30.361160137000098 ], [ -7.06721190899992, 30.348962448000101 ], [ -7.04583238199996, 30.343695029000099 ], [ -7.02230695899993, 30.3350442600001 ], [ -6.92519596799991, 30.355061292000102 ], [ -6.89905806399992, 30.3472199220001 ], [ -6.88206842699992, 30.331972811000099 ], [ -6.87563498699996, 30.3392640440001 ], [ -6.85605929099995, 30.361683946000099 ], [ -6.85585899299991, 30.371899164000101 ], [ -6.86106675099995, 30.400742133000101 ], [ -6.85505779899995, 30.4383982310001 ], [ -6.86085969799996, 30.457168388000099 ], [ -6.85342179499992, 30.458074196 ], [ -6.83242408099994, 30.4606313530001 ], [ -6.81039125699994, 30.4231755530001 ], [ -6.73327637499995, 30.436795844000098 ], [ -6.68921072899991, 30.4474116590001 ], [ -6.67178476799995, 30.460831652000099 ], [ -6.65756358199991, 30.461833144000099 ], [ -6.64234090399992, 30.441202409000098 ], [ -6.63942155899991, 30.439573846000101 ], [ -6.64377787599994, 30.428247422000101 ], [ -6.64214123899995, 30.424506538000099 ] ] ] ] } },
{ "type": "Feature", "properties": { "OBJECTID": 64, "Code_Province": "09.581.", "Population": 207367, "Menages": 51142, "Etrangers": 198, "Marocains": 207169, "Nom_Provinces": "TIZNIT", "Code_Region": "09.", "Superficie_Ha": 676939.80608664302, "Shape__Area": 0.47485118148793498, "Shape__Length": 4.9474559123914004, "zone_dattes": "TRUE", "zone_commune_datt_argan_txt": "TRUE" }, "geometry": { "type": "MultiPolygon", "coordinates": [ [ [ [ -9.544926606999921, 29.9252935660001 ], [ -9.54434994399992, 29.895191742000101 ], [ -9.533650966999909, 29.893215498000099 ], [ -9.523826760999951, 29.891400836000098 ], [ -9.51805280799994, 29.8905259940001 ], [ -9.50604871699994, 29.8886556960001 ], [ -9.497551856999911, 29.888394255 ], [ -9.49454527599994, 29.890877952 ], [ -9.48016597599991, 29.882119651 ], [ -9.47885876699991, 29.880289558000101 ], [ -9.478272677999939, 29.879270273000099 ], [ -9.47284560499992, 29.869831885000099 ], [ -9.467098510999961, 29.8649614660001 ], [ -9.458648007999949, 29.8585586620001 ], [ -9.448881602999959, 29.867134042000099 ], [ -9.43173084399996, 29.863322762000099 ], [ -9.42938772399992, 29.859820599 ], [ -9.429374364999941, 29.859814623000101 ], [ -9.424822899999921, 29.853556358 ], [ -9.421341565999899, 29.833883634000099 ], [ -9.419119309999919, 29.823556682000099 ], [ -9.41310614799994, 29.831007774000099 ], [ -9.40768787999991, 29.8329875260001 ], [ -9.40630866099991, 29.833491471000102 ], [ -9.40298772299991, 29.8346205990001 ], [ -9.39911900999993, 29.835844448 ], [ -9.396148923999929, 29.837640477 ], [ -9.39140647699992, 29.839635354000102 ], [ -9.386831244999939, 29.8408118420001 ], [ -9.37977231499991, 29.841204005000101 ], [ -9.369706804999909, 29.839635354000102 ], [ -9.362386433999919, 29.838458866000099 ], [ -9.35458077799996, 29.835864255 ], [ -9.35036010999994, 29.832184262000101 ], [ -9.34526199499992, 29.815582706 ], [ -9.352059481999961, 29.8097002650001 ], [ -9.34598772399994, 29.808620599000101 ], [ -9.33022908999993, 29.806955126 ], [ -9.29885607099993, 29.80316422 ], [ -9.29252387099995, 29.80361652 ], [ -9.27213350399995, 29.804724336000099 ], [ -9.26248772399993, 29.805520599000101 ], [ -9.247598389999951, 29.784238707 ], [ -9.269751453999961, 29.767564358000101 ], [ -9.25307710499993, 29.742314629000099 ], [ -9.243772679999941, 29.743145381000101 ], [ -9.23949942099995, 29.758036158 ], [ -9.22798772299995, 29.758120599000101 ], [ -9.21663174199994, 29.758988978 ], [ -9.207579952999939, 29.760180003000102 ], [ -9.201498231999951, 29.7542542240001 ], [ -9.195547967999911, 29.7439714930001 ], [ -9.19638772299993, 29.743920599 ], [ -9.196450960999931, 29.743762503000099 ], [ -9.213318378999929, 29.741966567000102 ], [ -9.192407740999951, 29.7256182500001 ], [ -9.18608772399995, 29.7234205990001 ], [ -9.183487723999921, 29.723020599000101 ], [ -9.181387723999929, 29.724520599000101 ], [ -9.159971709999921, 29.7212516210001 ], [ -9.16748772299991, 29.714620599000099 ], [ -9.16637048999991, 29.698961322000098 ], [ -9.15579322099995, 29.700487938 ], [ -9.14326460699994, 29.702296192000102 ], [ -9.133974611999919, 29.7013433720001 ], [ -9.13035920899995, 29.699688865 ], [ -9.114087894999949, 29.692541422000101 ], [ -9.10724441399992, 29.68683852 ], [ -9.106830536999951, 29.690563412000099 ], [ -9.10610383299991, 29.697103743000099 ], [ -9.10430189199991, 29.697801999 ], [ -9.09443408999994, 29.697165366 ], [ -9.097359384999949, 29.702046257000099 ], [ -9.09659899799993, 29.7115510930001 ], [ -9.10154151199993, 29.728659797 ], [ -9.100020738999939, 29.741206180000098 ], [ -9.09431783699995, 29.749570436000099 ], [ -9.071886424999949, 29.764397979000101 ], [ -9.051736173999929, 29.780366103000102 ], [ -9.041090757999941, 29.797094614000098 ], [ -9.01859043499991, 29.8061708010001 ], [ -9.011248611999919, 29.8083731890001 ], [ -8.994407065999949, 29.8100924280001 ], [ -8.99122592599991, 29.809798784000101 ], [ -8.946422594999939, 29.804318289 ], [ -8.90384093099993, 29.778084943000099 ], [ -8.860879073999911, 29.757934691000099 ], [ -8.85032800999994, 29.745273414000099 ], [ -8.84009219299992, 29.740529987000102 ], [ -8.841288251999909, 29.736543123 ], [ -8.836285074999919, 29.734150300000099 ], [ -8.83541495699995, 29.731975005 ], [ -8.83541495699995, 29.727624417000101 ], [ -8.82310188799994, 29.726612384000099 ], [ -8.787558482999939, 29.719358299000099 ], [ -8.768633422999921, 29.717618063000099 ], [ -8.75862706999993, 29.730669829000099 ], [ -8.745140244999959, 29.738935947000101 ], [ -8.725780125999959, 29.759601243000098 ], [ -8.719689301999949, 29.7770035970001 ], [ -8.712728360999961, 29.78331195 ], [ -8.69897780399992, 29.794405919 ], [ -8.69878772399994, 29.7934205990001 ], [ -8.69814652799994, 29.787102156000099 ], [ -8.696101943999899, 29.766954527000099 ], [ -8.693095496999939, 29.768608073000099 ], [ -8.678323899999951, 29.776889316000101 ], [ -8.67564153699993, 29.7705187050001 ], [ -8.67450162099993, 29.755722986000102 ], [ -8.67808860199994, 29.741375059000099 ], [ -8.685774991999949, 29.710373287 ], [ -8.68705605699995, 29.693207017000098 ], [ -8.68654363099995, 29.675528321000101 ], [ -8.68756848299995, 29.661436607 ], [ -8.689670240999931, 29.6421353520001 ], [ -8.70816024299995, 29.626473234000098 ], [ -8.70446224199992, 29.610158527000099 ], [ -8.70228694799993, 29.598846996000098 ], [ -8.69206306499995, 29.580139466 ], [ -8.695383948999959, 29.5725137330001 ], [ -8.700048509999929, 29.5630306350001 ], [ -8.702759113999941, 29.5585528380001 ], [ -8.698714029999911, 29.537375635 ], [ -8.69646806999992, 29.534568185000101 ], [ -8.67777477299995, 29.5100118330001 ], [ -8.663735952999961, 29.501207827000101 ], [ -8.649697132999959, 29.483599816 ], [ -8.64470026499993, 29.475747595000101 ], [ -8.63042349899996, 29.4588534220001 ], [ -8.626616361999931, 29.453618607000099 ], [ -8.613053433999941, 29.441721302000101 ], [ -8.603059697999919, 29.425065075000099 ], [ -8.59957029499992, 29.415033043000101 ], [ -8.622266097999949, 29.398325839000101 ], [ -8.624795263999941, 29.399414147000101 ], [ -8.63970339699995, 29.411264201000101 ], [ -8.65588373199995, 29.4267306980001 ], [ -8.67039844399994, 29.425778914 ], [ -8.680392179999959, 29.4236373990001 ], [ -8.685151101999899, 29.418402584 ], [ -8.696810460999931, 29.411978040000101 ], [ -8.70894571199995, 29.400318681 ], [ -8.717987663999899, 29.3829486150001 ], [ -8.729884968999951, 29.368195957000101 ], [ -8.73202274099992, 29.3658800370001 ], [ -8.73845102899992, 29.358916059000101 ], [ -8.74535146599993, 29.355822760000098 ], [ -8.750110387999939, 29.3615334660001 ], [ -8.74320995099993, 29.361771412000099 ], [ -8.74753363999992, 29.378476575 ], [ -8.75398772399995, 29.3803205990001 ], [ -8.75598772399991, 29.382520599000099 ], [ -8.756046248999951, 29.3825856270001 ], [ -8.76510099199993, 29.38509013 ], [ -8.77271526699991, 29.3931802980001 ], [ -8.788687722999949, 29.417620599000099 ], [ -8.794287723999959, 29.426820599000099 ], [ -8.79708772399994, 29.431420599 ], [ -8.80412415299992, 29.442673087000099 ], [ -8.81362791899994, 29.4608886380001 ], [ -8.815255862999949, 29.4644253660001 ], [ -8.84072882199996, 29.465946140000099 ], [ -8.856565453999909, 29.457631908000099 ], [ -8.89053416099995, 29.439712794000101 ], [ -8.916387313999911, 29.4343900860001 ], [ -8.95668781699993, 29.423364476000099 ], [ -8.97417671499994, 29.4210833160001 ], [ -8.99700674499991, 29.422167128000101 ], [ -9.01201365899993, 29.424549178000099 ], [ -9.021065448999931, 29.425263793000099 ], [ -9.086571819999961, 29.422643538 ], [ -9.11646922999995, 29.421590812000101 ], [ -9.122064362999931, 29.420499693000099 ], [ -9.12611384799993, 29.415020979000101 ], [ -9.125161027999919, 29.406207394 ], [ -9.123255387999899, 29.394297145000099 ], [ -9.123493592999919, 29.3809576660001 ], [ -9.12873410199995, 29.368332801000101 ], [ -9.13183076699994, 29.3559461420001 ], [ -9.13540384199996, 29.335698718000099 ], [ -9.137309481999919, 29.3171187290001 ], [ -9.13206897199996, 29.298300535000099 ], [ -9.13230717699992, 29.291630796 ], [ -9.130639741999911, 29.282102596000101 ], [ -9.130118712999939, 29.269614412000099 ], [ -9.12992512699992, 29.257805688000101 ], [ -9.139453326999959, 29.267095682 ], [ -9.14397922099994, 29.284484646000099 ], [ -9.15064896099994, 29.29710951 ], [ -9.156127675999921, 29.314974884 ], [ -9.16796853199992, 29.352947287000099 ], [ -9.169943564999929, 29.3592810120001 ], [ -9.15970075099994, 29.379290231000098 ], [ -9.157795110999929, 29.386436380000099 ], [ -9.161844594999931, 29.39167689 ], [ -9.168752539999961, 29.397870220000101 ], [ -9.18161560899995, 29.409065854000101 ], [ -9.205912517999931, 29.431218918000098 ], [ -9.207341747999919, 29.4407471170001 ], [ -9.21020020799995, 29.4459876270001 ], [ -9.21710815199992, 29.4533719810001 ], [ -9.23664096099991, 29.466235051000101 ], [ -9.247121979999919, 29.476001455000102 ], [ -9.2690368389999, 29.487911704000101 ], [ -9.27334433399994, 29.492881891000099 ], [ -9.27832683399993, 29.4986309290001 ], [ -9.293746459999911, 29.498427034000098 ], [ -9.30429117699993, 29.499107339000101 ], [ -9.30595861199993, 29.502918618000098 ], [ -9.31400264699994, 29.507333721000101 ], [ -9.32310937099993, 29.5079209230001 ], [ -9.328826290999929, 29.508873743 ], [ -9.338116284999961, 29.5053006680001 ], [ -9.34099665299993, 29.50204317 ], [ -9.35217037899991, 29.504347848000101 ], [ -9.36622447299993, 29.5019657980001 ], [ -9.370273957999929, 29.4974399040001 ], [ -9.37098857299992, 29.492199394000099 ], [ -9.373132417999949, 29.487911704000101 ], [ -9.378134722999951, 29.480765555000101 ], [ -9.380993181999941, 29.47052274 ], [ -9.38480446199992, 29.464329411000101 ], [ -9.399811375999951, 29.4645676160001 ], [ -9.401240666999909, 29.459755706000099 ], [ -9.402669835999919, 29.455754031000101 ], [ -9.404813680999951, 29.453133776000101 ], [ -9.40636930499994, 29.451784758000102 ], [ -9.40671932099991, 29.452895571000099 ], [ -9.40814855099995, 29.456230441000098 ], [ -9.409597832999911, 29.460759447 ], [ -9.420535209999899, 29.456468646000101 ], [ -9.42029700499995, 29.448846087 ], [ -9.41886777499991, 29.442652757000101 ], [ -9.42553751499992, 29.431695328 ], [ -9.444117503999911, 29.4459876270001 ], [ -9.46031544299996, 29.4481314720001 ], [ -9.468687723999951, 29.443320599000099 ], [ -9.468709746999931, 29.443981283000099 ], [ -9.471034666999911, 29.442652757000101 ], [ -9.47865722699993, 29.441223527000101 ], [ -9.479986231999931, 29.44274239 ], [ -9.48175389199992, 29.445511217 ], [ -9.482706710999929, 29.447893267 ], [ -9.482944915999949, 29.450989931 ], [ -9.49056747599991, 29.459327106 ], [ -9.491758500999939, 29.449084292000101 ], [ -9.493187730999921, 29.446940447000099 ], [ -9.49604619099995, 29.439794297 ], [ -9.49829636899995, 29.428450941000101 ], [ -9.500333879999911, 29.422881743000101 ], [ -9.512007341999951, 29.427828125000101 ], [ -9.52844206899994, 29.434791992 ], [ -9.527251043999909, 29.448846087 ], [ -9.54368718799992, 29.455992236 ], [ -9.55607384699994, 29.475525045 ], [ -9.55825067799992, 29.479543810000099 ], [ -9.56226717699991, 29.486958884 ], [ -9.57564271399991, 29.483815231000101 ], [ -9.58590793699994, 29.47811233 ], [ -9.58818909699994, 29.471649041 ], [ -9.58780890399993, 29.454920531000099 ], [ -9.59161083799995, 29.441613761 ], [ -9.596933545999949, 29.437051440000101 ], [ -9.614042249999949, 29.436671246000099 ], [ -9.62088573199992, 29.439712794000101 ], [ -9.625067859999939, 29.448837436000101 ], [ -9.63786558399994, 29.463873206000098 ], [ -9.64597849799992, 29.469748074000101 ], [ -9.653202172999951, 29.4686074940001 ], [ -9.65168139899993, 29.464805560000102 ], [ -9.64141617699994, 29.4560611110001 ], [ -9.638754822999941, 29.440473181000101 ], [ -9.637234048999909, 29.430207958 ], [ -9.63381230799996, 29.4260258300001 ], [ -9.63381230799996, 29.422984283000101 ], [ -9.640655789999929, 29.415000221000099 ], [ -9.640655789999929, 29.403974612000098 ], [ -9.644457723999951, 29.4043548050001 ], [ -9.646657378999921, 29.403529935000101 ], [ -9.650540818999961, 29.402073645000101 ], [ -9.653582366999959, 29.4043548050001 ], [ -9.655483333999941, 29.405495385000101 ], [ -9.660045654999919, 29.4001726770001 ], [ -9.66232681499991, 29.415000221000099 ], [ -9.66042584799993, 29.4210833160001 ], [ -9.65814468799994, 29.431728732000099 ], [ -9.66638772399995, 29.439420599000101 ], [ -9.682096872999921, 29.440853374000099 ], [ -9.698445190999911, 29.449597823000101 ], [ -9.70528867199994, 29.446936469 ], [ -9.70795002599993, 29.4476968560001 ], [ -9.71061137999993, 29.457962078 ], [ -9.709687723999931, 29.465220599000101 ], [ -9.709994147999909, 29.464709892000101 ], [ -9.710866734999909, 29.4670783390001 ], [ -9.712285391999959, 29.467147332000099 ], [ -9.71900605799993, 29.466949665000101 ], [ -9.73043989699994, 29.46814069 ], [ -9.73163092199991, 29.464329411000101 ], [ -9.737586045999929, 29.465758641 ], [ -9.74401758099992, 29.454086596000099 ], [ -9.758548084999919, 29.448369677000102 ], [ -9.77307858899991, 29.443843782 ], [ -9.77641345899991, 29.435983017000101 ], [ -9.78284499399996, 29.428360458 ], [ -9.79404062799995, 29.425501998000101 ], [ -9.80738010699991, 29.423596358000101 ], [ -9.81238241199992, 29.422643538 ], [ -9.81762292199994, 29.423596358000101 ], [ -9.82119599599991, 29.424549178000099 ], [ -9.831915220999919, 29.424072768000102 ], [ -9.843557643999929, 29.422024557 ], [ -9.84668392999993, 29.420499693000099 ], [ -9.84995444899994, 29.422110546000098 ], [ -9.862643663999959, 29.428360458 ], [ -9.865250436999929, 29.431980975 ], [ -9.871287723999959, 29.438620599 ], [ -9.871390583999929, 29.438877748 ], [ -9.88074724299992, 29.437412247000101 ], [ -9.88551134299991, 29.441699937000099 ], [ -9.885273137999951, 29.447655062000099 ], [ -9.88384390799996, 29.451466341000099 ], [ -9.885273137999951, 29.4586124910001 ], [ -9.89313390199993, 29.466473255 ], [ -9.894801336999929, 29.47052274 ], [ -9.90432953699991, 29.472190175 ], [ -9.909093635999911, 29.47719248 ], [ -9.914095940999911, 29.481956580000102 ], [ -9.91195209599994, 29.4874352940001 ], [ -9.90290030699992, 29.4986309290001 ], [ -9.89575415699994, 29.505062463000101 ], [ -9.89289569699991, 29.505062463000101 ], [ -9.88384390799996, 29.532456037000099 ], [ -9.88536475199993, 29.544432681 ], [ -9.88574954799992, 29.547462951000099 ], [ -9.889084416999941, 29.558420380000101 ], [ -9.90290030699992, 29.537696546000099 ], [ -9.930770289999939, 29.536505521 ], [ -9.95911668299993, 29.520307582 ], [ -9.96745385799994, 29.5157816880001 ], [ -9.98322490699991, 29.510378643000099 ], [ -9.99317999599992, 29.506968103000101 ], [ -9.99942049199996, 29.520182387000101 ], [ -10.002930761, 29.537031678000101 ], [ -9.99169789999991, 29.550370700000101 ], [ -9.993102007999941, 29.561954588 ], [ -9.98888968499995, 29.578452852000101 ], [ -9.999771518999919, 29.5872285250001 ], [ -9.997314330999931, 29.590738794000099 ], [ -9.997314330999931, 29.5931959820001 ], [ -9.993102007999941, 29.599865493 ], [ -10.003281787999899, 29.618118892 ], [ -10.003983841999901, 29.623735323000101 ], [ -10.0036328149999, 29.626543538000099 ], [ -10.004685896, 29.6286496990001 ], [ -10.006792056999901, 29.630053807000099 ], [ -10.00904335, 29.631853213000099 ], [ -10.008060579999899, 29.6325469330001 ], [ -10.0075304059999, 29.6331253050001 ], [ -10.007482457999901, 29.634454182000098 ], [ -10.007482497, 29.634454208000101 ], [ -10.007751089, 29.634639789000101 ], [ -10.0088970079999, 29.6350863330001 ], [ -10.0092463059999, 29.635530894000102 ], [ -10.008420692, 29.635975456 ], [ -10.0088334989999, 29.6363882630001 ], [ -10.0083571829999, 29.6367375610001 ], [ -10.007635468999901, 29.636431897000101 ], [ -10.0064472089999, 29.637849841 ], [ -10.0062931489999, 29.638547560000099 ], [ -10.005091831, 29.6399583050001 ], [ -10.0051496409999, 29.640709834000099 ], [ -10.004292624, 29.6409291370001 ], [ -10.004070342999899, 29.6414054530001 ], [ -10.0030684829999, 29.641808223000101 ], [ -10.0031177119999, 29.642866155 ], [ -10.0022920979999, 29.643310716000101 ], [ -10.0021435239999, 29.643889382000101 ], [ -10.0009558839999, 29.643840857 ], [ -10.001045134999901, 29.644698721000101 ], [ -10.000351415, 29.644756531 ], [ -10.000640464999901, 29.645219011000101 ], [ -10.0005248449999, 29.645681490000101 ], [ -9.999831124999959, 29.645103391000099 ], [ -9.998660730999919, 29.645968986000099 ], [ -9.99855930699994, 29.646895499 ], [ -9.99705624699993, 29.647647029 ], [ -9.996481047999911, 29.647470539 ], [ -9.99298806699994, 29.650328432 ], [ -9.992353418999929, 29.651334848000101 ], [ -9.99220021199994, 29.6523296350001 ], [ -9.991564302999899, 29.652271825000099 ], [ -9.990754962999921, 29.654121744000101 ], [ -9.990754962999921, 29.655451372000101 ], [ -9.98942533399992, 29.655856042 ], [ -9.990003433999959, 29.656954431000099 ], [ -9.98983000299995, 29.657532531000101 ], [ -9.98884723499992, 29.657590341000098 ], [ -9.98774884599993, 29.6586309200001 ], [ -9.987589822999951, 29.6597912350001 ], [ -9.986361406999951, 29.660480838000101 ], [ -9.98584111699995, 29.660191788000098 ], [ -9.98535637499992, 29.661118793000099 ], [ -9.98549425699991, 29.662619807000102 ], [ -9.984767437999951, 29.663142842000099 ], [ -9.98480053799994, 29.664238485000102 ], [ -9.984016121999961, 29.664354777000099 ], [ -9.983991197999959, 29.665279064000099 ], [ -9.98462710799993, 29.6654524940001 ], [ -9.98402344699991, 29.666207469000099 ], [ -9.983991197999959, 29.6675914620001 ], [ -9.98347090899995, 29.668342992000099 ], [ -9.98404900899993, 29.669730431000101 ], [ -9.984916157999921, 29.669903860000101 ], [ -9.984008874999921, 29.670367785000099 ], [ -9.983991197999959, 29.6712913000001 ], [ -9.983525263999921, 29.672016669000101 ], [ -9.982777188999931, 29.672505308 ], [ -9.982001053999911, 29.673763159000099 ], [ -9.981967849999929, 29.6742396070001 ], [ -9.982430329999939, 29.675627046 ], [ -9.97925078199995, 29.6770144850001 ], [ -9.97936640299991, 29.677939444000099 ], [ -9.97884611299992, 29.679095643 ], [ -9.978325822999921, 29.6792690720001 ], [ -9.976649333999941, 29.679615933 ], [ -9.97626018299991, 29.680676574000099 ], [ -9.975465438999951, 29.681751815 ], [ -9.97429669899992, 29.682780306 ], [ -9.968613750999911, 29.687651516000098 ], [ -9.965723253999951, 29.692160692000101 ], [ -9.96618573299992, 29.693952801000101 ], [ -9.96179217699995, 29.698230737000099 ], [ -9.961734366999909, 29.698982266000101 ], [ -9.957514239999909, 29.701757145 ], [ -9.95482862499995, 29.703298324000102 ], [ -9.95274659699993, 29.704785488000098 ], [ -9.94947865599994, 29.7078850000001 ], [ -9.94514290999996, 29.711816076 ], [ -9.943003941999899, 29.713665994000099 ], [ -9.939766584999919, 29.716440873000099 ], [ -9.938707904999941, 29.717474932000101 ], [ -9.93733488599992, 29.718816020000101 ], [ -9.93739637699991, 29.71885783 ], [ -9.93184803499992, 29.7231719860001 ], [ -9.92684582499993, 29.726958706000101 ], [ -9.92600433199993, 29.727846949000099 ], [ -9.92441484399995, 29.728781942000101 ], [ -9.921048870999931, 29.731540170000098 ], [ -9.919706530999919, 29.7321541190001 ], [ -9.915544214999951, 29.735218046000099 ], [ -9.912942766999951, 29.737357015 ], [ -9.90958978899994, 29.7391491230001 ], [ -9.90878044999994, 29.7404209420001 ], [ -9.900513626999951, 29.746259748000099 ], [ -9.890628124999919, 29.754931241000101 ], [ -9.889760975999931, 29.755162480000099 ], [ -9.885540848999939, 29.758862317000101 ], [ -9.88080043299993, 29.7630246340001 ], [ -9.87276484999995, 29.769961829000099 ], [ -9.862937157999911, 29.7790958000001 ], [ -9.85569288999994, 29.785629490000101 ], [ -9.85167242199992, 29.7895097100001 ], [ -9.849895935999941, 29.7913329450001 ], [ -9.847838951999959, 29.792641934000098 ], [ -9.847137707999931, 29.793857425000098 ], [ -9.84652536999994, 29.7940395410001 ], [ -9.844958261999921, 29.7955138280001 ], [ -9.844437972999909, 29.796380977000101 ], [ -9.843570823999929, 29.796785646 ], [ -9.83956426799995, 29.8002153740001 ], [ -9.837367034999939, 29.802833353 ], [ -9.83454687099993, 29.8055429250001 ], [ -9.83070586899993, 29.808757929000102 ], [ -9.83039015499992, 29.810255365 ], [ -9.829580814999931, 29.811006894000101 ], [ -9.82927634299995, 29.811970786000099 ], [ -9.82888709499991, 29.8135505320001 ], [ -9.828391106999961, 29.814707759 ], [ -9.82715279699994, 29.8167878900001 ], [ -9.827521634999931, 29.818108372 ], [ -9.827268415999921, 29.819100288000101 ], [ -9.82669464999992, 29.820652502000101 ], [ -9.826159271999931, 29.820711988000099 ], [ -9.825921324999911, 29.821544800000101 ], [ -9.825148000999951, 29.821842233 ], [ -9.82508851399996, 29.822615557000098 ], [ -9.824493648999921, 29.823031963000101 ], [ -9.82342289099995, 29.8244596390001 ], [ -9.82187624199992, 29.8259468030001 ], [ -9.81937780699991, 29.8296349670001 ], [ -9.816879372999949, 29.831003157000101 ], [ -9.81697824499992, 29.833090297000101 ], [ -9.81576423599995, 29.834073066000101 ], [ -9.81019983199991, 29.8395117210001 ], [ -9.807309154999929, 29.842062319 ], [ -9.80586381599994, 29.844102798000101 ], [ -9.80526867699996, 29.845463116000101 ], [ -9.80403454999993, 29.8467780050001 ], [ -9.803099556999941, 29.847479249000099 ], [ -9.803006057999941, 29.848133744000101 ], [ -9.802491811999911, 29.848320743 ], [ -9.801510069999949, 29.849115487000098 ], [ -9.799640084999909, 29.850798472000101 ], [ -9.79921933799994, 29.851593216000101 ], [ -9.79748960199993, 29.853696950000099 ], [ -9.79688185699996, 29.854351445000098 ], [ -9.796414359999909, 29.854538443000099 ], [ -9.794965121999949, 29.856408429000101 ], [ -9.79393662999991, 29.8576706680001 ], [ -9.791178401999961, 29.861363889000099 ], [ -9.79065615799993, 29.8622672310001 ], [ -9.78944866599994, 29.8643558650001 ], [ -9.78856042299992, 29.865384357 ], [ -9.78876698799991, 29.866446639000099 ], [ -9.78827992499993, 29.867862087 ], [ -9.787859177999909, 29.868049086 ], [ -9.788246698999959, 29.868469988000101 ], [ -9.787668598999909, 29.869163707 ], [ -9.78789983899992, 29.8705511460001 ], [ -9.787064433999941, 29.870713815 ], [ -9.787668598999909, 29.8719963950001 ], [ -9.78830450799995, 29.871880775000101 ], [ -9.78795764899991, 29.8729791640001 ], [ -9.78917165699994, 29.873441643 ], [ -9.79136843599991, 29.875175942000102 ], [ -9.790897903999911, 29.875949773000102 ], [ -9.79080440499996, 29.8764172690001 ], [ -9.79019665899995, 29.876557519000102 ], [ -9.789402896999951, 29.877661770000099 ], [ -9.788882607999939, 29.877488340000099 ], [ -9.78795764899991, 29.8777195800001 ], [ -9.78795764899991, 29.878760159000102 ], [ -9.78842012899992, 29.879511688 ], [ -9.78755297999993, 29.879164829 ], [ -9.78683068599992, 29.880390988 ], [ -9.787251432999939, 29.880998733000101 ], [ -9.786165540999949, 29.881881896 ], [ -9.786107729999911, 29.881881896 ], [ -9.78535620099996, 29.882402186 ], [ -9.78495153099993, 29.882055327 ], [ -9.783838709999941, 29.8823077230001 ], [ -9.784778101999899, 29.883616195000101 ], [ -9.78287037299992, 29.885234874 ], [ -9.782696942999911, 29.8869691730001 ], [ -9.78200322399994, 29.887258223000099 ], [ -9.781785959999921, 29.887568599000101 ], [ -9.78159855399991, 29.887836322000101 ], [ -9.780211114999929, 29.887142602 ], [ -9.77934396599994, 29.887489462000101 ], [ -9.781102988999921, 29.888590354000101 ], [ -9.78073140499993, 29.889455000000101 ], [ -9.77974024899993, 29.8899670700001 ], [ -9.77935074599992, 29.890395408000099 ], [ -9.77892999899996, 29.890442158 ], [ -9.77927098899994, 29.8908483650001 ], [ -9.77899710599991, 29.891362729 ], [ -9.778476816999961, 29.890726820000101 ], [ -9.778129956999919, 29.890900249000101 ], [ -9.778129956999919, 29.8919986380001 ], [ -9.77737842699992, 29.8928079780001 ], [ -9.776915947999949, 29.893501697000101 ], [ -9.77593317899994, 29.894542276 ], [ -9.77552850899991, 29.895293806 ], [ -9.774372309999929, 29.8957562850001 ], [ -9.77471916999991, 29.896334385 ], [ -9.77351103999996, 29.897612648000099 ], [ -9.773447350999961, 29.898242113 ], [ -9.77286925099992, 29.898935833000099 ], [ -9.772197398999941, 29.899209259000099 ], [ -9.7721177219999, 29.899687362000101 ], [ -9.77152557199992, 29.899696084000102 ], [ -9.77140812299996, 29.9002853420001 ], [ -9.771308381999919, 29.9007857510001 ], [ -9.77027886399992, 29.900918677000099 ], [ -9.770094373999941, 29.9016529 ], [ -9.76963189399993, 29.90194195 ], [ -9.76941085999994, 29.9026805570001 ], [ -9.76892557899993, 29.903578804000102 ], [ -9.76812883499991, 29.904138728000099 ], [ -9.767146065999951, 29.9059886470001 ], [ -9.767146065999951, 29.907433896 ], [ -9.766230624999929, 29.907090163000099 ], [ -9.766033829999911, 29.907689299000101 ], [ -9.741477079999919, 29.909571042 ], [ -9.726325045999941, 29.907130574000099 ], [ -9.700561433999949, 29.903034997000098 ], [ -9.67517957599995, 29.900969683000099 ], [ -9.663567415999919, 29.899636253 ], [ -9.64037448599993, 29.903441006 ], [ -9.607357423999931, 29.8967603930001 ], [ -9.60199786599992, 29.927871970000101 ], [ -9.56382735999995, 29.9290484580001 ], [ -9.55156605499991, 29.929300403000099 ], [ -9.54474210699993, 29.929440621000101 ], [ -9.544926606999921, 29.9252935660001 ] ] ] ] } },
{ "type": "Feature", "properties": { "OBJECTID": 65, "Code_Province": "10.071.", "Population": 44124, "Menages": 5208, "Etrangers": 4, "Marocains": 44120, "Nom_Provinces": "ASSA ZAG", "Code_Region": "10.", "Superficie_Ha": 2735734.4319618102, "Shape__Area": 1.9484481508452101, "Shape__Length": 6.4787931241298802, "zone_dattes": "TRUE", "zone_commune_datt_argan_txt": "FALSE" }, "geometry": { "type": "MultiPolygon", "coordinates": [ [ [ [ -9.022996325999941, 28.654778964000101 ], [ -8.991028239999929, 28.643035586000099 ], [ -8.97080353199993, 28.644992815000101 ], [ -8.916001096999929, 28.595409660000101 ], [ -8.89093429499991, 28.556961758000099 ], [ -8.88315494399995, 28.5450296530001 ], [ -8.84551503799992, 28.503061728 ], [ -8.80118870599995, 28.454251434000099 ], [ -8.68599009799993, 28.3284074100001 ], [ -8.668377196999931, 28.310919793 ], [ -8.66846980599991, 28.29239792 ], [ -8.66846732499994, 28.1071813020001 ], [ -8.66846732499994, 27.994085181000099 ], [ -8.668062722999929, 27.838120469 ], [ -8.66846732499994, 27.5472110870001 ], [ -8.66765811999994, 27.202489538000101 ], [ -8.667924054999959, 27.140833312 ], [ -8.73685452799992, 27.1408197680001 ], [ -8.73923391399995, 27.144783341 ], [ -8.75643423199995, 27.147591557000101 ], [ -8.81929948799996, 27.163551621000099 ], [ -8.87508132499994, 27.183045274000101 ], [ -8.9295821469999, 27.2388106000001 ], [ -8.970188388999929, 27.277651353000099 ], [ -9.06381, 27.316540330000102 ], [ -9.157657980999939, 27.397171684000099 ], [ -9.16630069099995, 27.405014143000098 ], [ -9.28994219899994, 27.472096237000098 ], [ -9.30415407499992, 27.4655824600001 ], [ -9.32451017799991, 27.4562525800001 ], [ -9.41381079199993, 27.421684601 ], [ -9.544881046999929, 27.404400611000099 ], [ -9.603934678999909, 27.44472992 ], [ -9.697556289999911, 27.496581889000101 ], [ -9.749408258999949, 27.5282692040001 ], [ -9.78541657099993, 27.5570758530001 ], [ -9.81134255499995, 27.591643833 ], [ -9.814223219999921, 27.613248820000099 ], [ -9.832947541999941, 27.627652145000098 ], [ -9.85311219699992, 27.655018462 ], [ -9.876157516999911, 27.6723024510001 ], [ -9.89632217099995, 27.6723024510001 ], [ -9.917927157999941, 27.649257132000098 ], [ -9.953935469999919, 27.637734472000101 ], [ -9.971219459999929, 27.637734472000101 ], [ -10.000026108999901, 27.646376467 ], [ -10.0187504319999, 27.656458794000098 ], [ -10.037474754, 27.6838251110001 ], [ -10.0547587439999, 27.706870431000102 ], [ -10.090767055, 27.711191428000099 ], [ -10.1094913779999, 27.702549433000101 ], [ -10.1181333719999, 27.702549433000101 ], [ -10.149820686999901, 27.728475418000102 ], [ -10.211754982999899, 27.800492042000101 ], [ -10.2442787049999, 27.808442285000101 ], [ -10.265987724, 27.8866205990001 ], [ -10.2784983949999, 27.924579307 ], [ -10.298073589, 27.937378472 ], [ -10.3251306879999, 27.9923797870001 ], [ -10.344647282999899, 28.0571394010001 ], [ -10.353518462999901, 28.099277506000099 ], [ -10.3699301459999, 28.1423027280001 ], [ -10.382793356999899, 28.180005243 ], [ -10.391780572999901, 28.2023687800001 ], [ -10.401866393999899, 28.2274660560001 ], [ -10.4222701079999, 28.2651685700001 ], [ -10.450657884, 28.298435495 ], [ -10.4715051569999, 28.313516501 ], [ -10.4833871609999, 28.327520292000099 ], [ -10.4972315779999, 28.340573600000099 ], [ -10.518078850999901, 28.356541724000099 ], [ -10.5287242669999, 28.368074258 ], [ -10.5398182099999, 28.382403934000099 ], [ -10.5890482909999, 28.390252207000099 ], [ -10.6106169129999, 28.398625285 ], [ -10.630299276999899, 28.407551008 ], [ -10.6786472079999, 28.411986598000102 ], [ -10.730087723999899, 28.420823093000099 ], [ -10.7405236879999, 28.422992406 ], [ -10.7311673649999, 28.4375466850001 ], [ -10.720424921, 28.467001775000099 ], [ -10.717306146999899, 28.478783811000099 ], [ -10.714533903, 28.503734004000101 ], [ -10.708642885, 28.524872363 ], [ -10.631020061, 28.557792757000101 ], [ -10.5977531359999, 28.568188671000101 ], [ -10.5617139669999, 28.583089481000101 ], [ -10.5509715229999, 28.590713151 ], [ -10.529833165, 28.606307022000099 ], [ -10.508710937999901, 28.613247182000102 ], [ -10.505576031999899, 28.614277223 ], [ -10.484784203999901, 28.6035347790001 ], [ -10.4801235389999, 28.594683821 ], [ -10.4667646199999, 28.561604592 ], [ -10.4501311569999, 28.498882578000099 ], [ -10.4282997379999, 28.461457288000101 ], [ -10.427606676999901, 28.458338513000101 ], [ -10.395587723999901, 28.458120599 ], [ -10.343436447999901, 28.457177218000101 ], [ -10.210332074999901, 28.462150349000101 ], [ -10.130630068, 28.491258908000098 ], [ -10.0762247839999, 28.5065062480001 ], [ -10.0385915759999, 28.5117873720001 ], [ -10.0315410119999, 28.513479507000099 ], [ -9.99423567599996, 28.522432788000099 ], [ -9.95475892499991, 28.524650583 ], [ -9.875361864999951, 28.557917508000099 ], [ -9.78354515299992, 28.601829849000101 ], [ -9.76757702899994, 28.605378321 ], [ -9.71132477899994, 28.641414919000098 ], [ -9.69616402999992, 28.649290661000101 ], [ -9.64781609999994, 28.6710250520001 ], [ -9.62918662199991, 28.682557586000101 ], [ -9.59104054799991, 28.694090120000102 ], [ -9.556442945999949, 28.6998563870001 ], [ -9.526724492999961, 28.712276039000098 ], [ -9.49478824599993, 28.7175987470001 ], [ -9.45708573099995, 28.726026368000099 ], [ -9.43230979299994, 28.731032248000101 ], [ -9.37147884499996, 28.757265594 ], [ -9.35322955999993, 28.774374299 ], [ -9.346386078999959, 28.785019714 ], [ -9.337261435999951, 28.793003776 ], [ -9.32661601999996, 28.813154028 ], [ -9.315845285999959, 28.8067396950001 ], [ -9.268954871999931, 28.7780844420001 ], [ -9.24085135699994, 28.755645794000099 ], [ -9.212847616999911, 28.729806107000101 ], [ -9.198026074999911, 28.7145756470001 ], [ -9.167831331999929, 28.691966331000099 ], [ -9.06736020199992, 28.665869933000099 ], [ -9.022996325999941, 28.654778964000101 ] ] ] ] } },
{ "type": "Feature", "properties": { "OBJECTID": 66, "Code_Province": "10.261.", "Population": 187808, "Menages": 40214, "Etrangers": 195, "Marocains": 187613, "Nom_Provinces": "GUELMIM", "Code_Region": "10.", "Superficie_Ha": 1419370.7266591, "Shape__Area": 1.0031654439217199, "Shape__Length": 6.5936302835243596, "zone_dattes": "TRUE", "zone_commune_datt_argan_txt": "TRUE" }, "geometry": { "type": "MultiPolygon", "coordinates": [ [ [ [ -9.16796853199992, 29.352947287000099 ], [ -9.156127675999921, 29.314974884 ], [ -9.15064896099994, 29.29710951 ], [ -9.14397922099994, 29.284484646000099 ], [ -9.139453326999959, 29.267095682 ], [ -9.12992512699992, 29.257805688000101 ], [ -9.12087333799991, 29.249230308000101 ], [ -9.11134513799993, 29.243751594000098 ], [ -9.11015411299991, 29.236129034 ], [ -9.09610001899995, 29.218978275 ], [ -9.085857204999909, 29.185629577 ], [ -9.08538079499993, 29.172528303 ], [ -9.085619, 29.162285488000101 ], [ -9.09157412499991, 29.154901134000099 ], [ -9.129210511999929, 29.129174995000099 ], [ -9.15970075099994, 29.112024236000099 ], [ -9.16089177499992, 29.103925267000101 ], [ -9.138976916999921, 29.082248613 ], [ -9.14564665599994, 29.072244004000101 ], [ -9.164703054999951, 29.057713500000101 ], [ -9.175898689999929, 29.04961453 ], [ -9.18716368699995, 29.043109868 ], [ -9.19543149799995, 29.037942486000102 ], [ -9.206150722999951, 29.041753766000099 ], [ -9.20924738799993, 29.052472990000101 ], [ -9.178430854999929, 29.0881321200001 ], [ -9.17566048499992, 29.090585788000102 ], [ -9.23159147699994, 29.0747243520001 ], [ -9.245930954999951, 29.070576569000099 ], [ -9.238546600999941, 29.052234785000099 ], [ -9.23473532099996, 29.042468381 ], [ -9.23425891099992, 29.027461466000101 ], [ -9.243548905999941, 29.004117378 ], [ -9.24902761999993, 28.986013799000101 ], [ -9.22401609699995, 28.977438419000102 ], [ -9.22306327699993, 28.956952791 ], [ -9.23759378099993, 28.940516647 ], [ -9.23116224599994, 28.913361278000099 ], [ -9.225207121999921, 28.8909700090001 ], [ -9.21567892199994, 28.8600033610001 ], [ -9.18161560899995, 28.854286442 ], [ -9.20240905799994, 28.842673025000099 ], [ -9.20501869799995, 28.795047100000101 ], [ -9.17761748099991, 28.7780844420001 ], [ -9.13519225999994, 28.726510561000101 ], [ -9.05866839499993, 28.717032835000101 ], [ -9.00081438899991, 28.714148268000098 ], [ -8.973368857999951, 28.686142468000099 ], [ -8.967050373999941, 28.660868531000101 ], [ -8.97080353199993, 28.644992815000101 ], [ -8.991028239999929, 28.643035586000099 ], [ -9.022996325999941, 28.654778964000101 ], [ -9.06736020199992, 28.665869933000099 ], [ -9.167831331999929, 28.691966331000099 ], [ -9.198026074999911, 28.7145756470001 ], [ -9.212847616999911, 28.729806107000101 ], [ -9.24085135699994, 28.755645794000099 ], [ -9.268954871999931, 28.7780844420001 ], [ -9.315845285999959, 28.8067396950001 ], [ -9.32661601999996, 28.813154028 ], [ -9.337261435999951, 28.793003776 ], [ -9.346386078999959, 28.785019714 ], [ -9.35322955999993, 28.774374299 ], [ -9.37147884499996, 28.757265594 ], [ -9.43230979299994, 28.731032248000101 ], [ -9.45708573099995, 28.726026368000099 ], [ -9.49478824599993, 28.7175987470001 ], [ -9.526724492999961, 28.712276039000098 ], [ -9.556442945999949, 28.6998563870001 ], [ -9.59104054799991, 28.694090120000102 ], [ -9.62918662199991, 28.682557586000101 ], [ -9.64781609999994, 28.6710250520001 ], [ -9.69616402999992, 28.649290661000101 ], [ -9.71132477899994, 28.641414919000098 ], [ -9.76757702899994, 28.605378321 ], [ -9.78354515299992, 28.601829849000101 ], [ -9.875361864999951, 28.557917508000099 ], [ -9.95475892499991, 28.524650583 ], [ -9.99423567599996, 28.522432788000099 ], [ -10.0315410119999, 28.513479507000099 ], [ -10.0385915759999, 28.5117873720001 ], [ -10.0762247839999, 28.5065062480001 ], [ -10.130630068, 28.491258908000098 ], [ -10.210332074999901, 28.462150349000101 ], [ -10.343436447999901, 28.457177218000101 ], [ -10.395587723999901, 28.458120599 ], [ -10.427606676999901, 28.458338513000101 ], [ -10.4282997379999, 28.461457288000101 ], [ -10.4501311569999, 28.498882578000099 ], [ -10.4667646199999, 28.561604592 ], [ -10.4801235389999, 28.594683821 ], [ -10.484784203999901, 28.6035347790001 ], [ -10.505576031999899, 28.614277223 ], [ -10.508710937999901, 28.613247182000102 ], [ -10.529833165, 28.606307022000099 ], [ -10.5509715229999, 28.590713151 ], [ -10.5617139669999, 28.583089481000101 ], [ -10.5977531359999, 28.568188671000101 ], [ -10.631020061, 28.557792757000101 ], [ -10.708642885, 28.524872363 ], [ -10.714533903, 28.503734004000101 ], [ -10.717306146999899, 28.478783811000099 ], [ -10.720424921, 28.467001775000099 ], [ -10.7311673649999, 28.4375466850001 ], [ -10.7405236879999, 28.422992406 ], [ -10.7469552929999, 28.425736927000099 ], [ -10.7784479819999, 28.4354952250001 ], [ -10.8032872859999, 28.4448099640001 ], [ -10.8263346439999, 28.4473707820001 ], [ -10.8401026829999, 28.4492455540001 ], [ -10.848655822, 28.457097687 ], [ -10.8586870829999, 28.4668104950001 ], [ -10.860387723999899, 28.469623093000099 ], [ -10.8778051979999, 28.485173833000101 ], [ -10.913187722999901, 28.514423093000101 ], [ -10.9257877239999, 28.518123093 ], [ -10.927687722999901, 28.518423093000099 ], [ -10.929987723999901, 28.520223093000101 ], [ -10.955974525999901, 28.529339803000099 ], [ -10.954215733, 28.5330230930001 ], [ -10.950548872999899, 28.539288030000101 ], [ -10.966073437999899, 28.544167179000102 ], [ -11.005106629999901, 28.532634645000101 ], [ -11.0556826929999, 28.556537032000101 ], [ -11.0575877239999, 28.558223093 ], [ -11.0751889509999, 28.569893601 ], [ -11.0831730129999, 28.611588147000099 ], [ -11.097287724, 28.640723093000101 ], [ -11.107387722999899, 28.660023093000099 ], [ -11.111987724, 28.668323093000101 ], [ -11.1138877229999, 28.6719230930001 ], [ -11.1154877239999, 28.672723093000101 ], [ -11.123001409999899, 28.682381865000099 ], [ -11.1230082629999, 28.682422989000099 ], [ -11.123090936999899, 28.6829190320001 ], [ -11.121703255999901, 28.6829190320001 ], [ -11.1204051019999, 28.684396242 ], [ -11.1143010289999, 28.6875024510001 ], [ -11.1123509069999, 28.688965044 ], [ -11.1113758449999, 28.690622647000101 ], [ -11.1121558949999, 28.691597709000099 ], [ -11.1109858209999, 28.6921827450001 ], [ -11.108645674999901, 28.693157807000102 ], [ -11.107573107, 28.695302941000101 ], [ -11.106208021999899, 28.69559546 ], [ -11.105037948, 28.697058052 ], [ -11.102600294999901, 28.698325631 ], [ -11.0997726169999, 28.700665778000101 ], [ -11.0964447239999, 28.703321696 ], [ -11.0943306489999, 28.706437176000101 ], [ -11.091972126999901, 28.710221378000099 ], [ -11.0904120289999, 28.7140241170001 ], [ -11.088851932, 28.7160717450001 ], [ -11.0788645129999, 28.726242731000099 ], [ -11.075883617999899, 28.731087687000102 ], [ -11.07432352, 28.733330329000101 ], [ -11.0744210259999, 28.737035561000098 ], [ -11.07432352, 28.740838299000099 ], [ -11.073250953, 28.742398397 ], [ -11.0713983369999, 28.742300891000099 ], [ -11.070130757, 28.743568471000099 ], [ -11.0690581889999, 28.7434709650001 ], [ -11.0677906099999, 28.743860989 ], [ -11.067888115999899, 28.7447385450001 ], [ -11.066328017999901, 28.745811112000101 ], [ -11.0651579439999, 28.745713606 ], [ -11.0637928589999, 28.7480537530001 ], [ -11.061550217999899, 28.747956246000101 ], [ -11.0604776509999, 28.750101381 ], [ -11.0585275289999, 28.751758985 ], [ -11.055602343999899, 28.751856491000101 ], [ -11.0547247889999, 28.7527340460001 ], [ -11.053749728, 28.753124070000101 ], [ -11.0531646909999, 28.754196638000099 ], [ -11.051312074999901, 28.7540991320001 ], [ -11.049654470999901, 28.756244266000099 ], [ -11.046924299999899, 28.758389401 ], [ -11.0448766719999, 28.759754487000102 ], [ -11.0432190669999, 28.759754487000102 ], [ -11.0414639569999, 28.76092456 ], [ -11.040001366, 28.762582164 ], [ -11.039221316, 28.762289646000099 ], [ -11.037953737, 28.763167201 ], [ -11.036588651999899, 28.763752238000102 ], [ -11.034833541, 28.764239768 ], [ -11.032590900999899, 28.765117323000101 ], [ -11.0297632229999, 28.764824805 ], [ -11.0274230759999, 28.76570236 ], [ -11.0244003859999, 28.766287397 ], [ -11.0222552519999, 28.766969940000099 ], [ -11.020305129, 28.767067446000102 ], [ -11.017964981999899, 28.768530038000101 ], [ -11.0104570109999, 28.770870184 ], [ -11.0075318269999, 28.772430283000102 ], [ -11.005386692999901, 28.772820307000099 ], [ -11.0034365699999, 28.774282899000099 ], [ -11.001995049, 28.774858527 ], [ -11.0006088929999, 28.776038009 ], [ -10.998366252999899, 28.777598107000099 ], [ -10.9966111419999, 28.777890626 ], [ -10.9929059099999, 28.780425785000102 ], [ -10.9901757379999, 28.782083388 ], [ -10.989005664999899, 28.7834484740001 ], [ -10.986263096999901, 28.783180864000101 ], [ -10.9854954449999, 28.784326029000098 ], [ -10.982765272999901, 28.784521042000101 ], [ -10.982082729999901, 28.7859836330001 ], [ -10.98061716, 28.785778938000099 ], [ -10.978889036999901, 28.7866593530001 ], [ -10.9777924609999, 28.788128768 ], [ -10.976232363, 28.78832378 ], [ -10.9742822399999, 28.790468915000101 ], [ -10.9728196489999, 28.790371409 ], [ -10.9722346119999, 28.7913464700001 ], [ -10.969991971, 28.792224025000099 ], [ -10.967456811999901, 28.792516544000101 ], [ -10.9645316289999, 28.7933940980001 ], [ -10.961411432999901, 28.794564172 ], [ -10.960436371, 28.795636739000098 ], [ -10.9588762729999, 28.7960267640001 ], [ -10.9568286449999, 28.7972943430001 ], [ -10.9536109429999, 28.798854441000099 ], [ -10.953415930999901, 28.800804563 ], [ -10.950100722999901, 28.8027546860001 ], [ -10.947955588, 28.80265718 ], [ -10.945455186999901, 28.803350873000099 ], [ -10.942673507999899, 28.804574811000101 ], [ -10.9405451229999, 28.805582363 ], [ -10.9359974779999, 28.806800155000101 ], [ -10.931964584, 28.809482608000099 ], [ -10.9213364169999, 28.8139678900001 ], [ -10.9172411599999, 28.815137963 ], [ -10.9096356819999, 28.818843195000099 ], [ -10.895204776999901, 28.8252786 ], [ -10.8782387119999, 28.832396547000101 ], [ -10.8683905939999, 28.837076840000101 ], [ -10.861467658999899, 28.840392048000101 ], [ -10.8544366809999, 28.84337923 ], [ -10.8447073439999, 28.847201470000101 ], [ -10.834263452, 28.853067844000101 ], [ -10.827925553999901, 28.856383052000101 ], [ -10.8156397829999, 28.862233419000098 ], [ -10.804231566999899, 28.86749875 ], [ -10.793603399999901, 28.872374056000101 ], [ -10.784535329999899, 28.876664325 ], [ -10.781814128999899, 28.877779386 ], [ -10.7781656269999, 28.880037983000101 ], [ -10.774343387999901, 28.881775364000099 ], [ -10.770558270999899, 28.883532301000098 ], [ -10.7635039419999, 28.886416286 ], [ -10.7587069529999, 28.888377414 ], [ -10.754884714, 28.890636011000101 ], [ -10.748226449, 28.893919539000098 ], [ -10.740612768999901, 28.897811184000101 ], [ -10.7375592629999, 28.899580190000101 ], [ -10.7317969299999, 28.902317299000099 ], [ -10.7241330589999, 28.905751231000099 ], [ -10.716836055999901, 28.908878518000101 ], [ -10.7100602679999, 28.912527019 ], [ -10.702242049999899, 28.916001782000102 ], [ -10.694251201999901, 28.920800068000101 ], [ -10.683641646, 28.926301297000101 ], [ -10.6740637629999, 28.930890699000098 ], [ -10.6668803509999, 28.934681945000101 ], [ -10.652114449, 28.942064895 ], [ -10.6360574109999, 28.951194278000099 ], [ -10.6231812619999, 28.958227572000101 ], [ -10.6118982059999, 28.9641272530001 ], [ -10.5999102729999, 28.9710767800001 ], [ -10.583405147, 28.980111165 ], [ -10.574544500999901, 28.9858445240001 ], [ -10.569494687999899, 28.9893959680001 ], [ -10.564984619999899, 28.9919798620001 ], [ -10.5627295849999, 28.993248318 ], [ -10.559394013999899, 28.9955033530001 ], [ -10.552470763999899, 29.000009567000099 ], [ -10.5476929639999, 29.003227269 ], [ -10.544572767999901, 29.004689861000099 ], [ -10.542720152, 29.006347465000101 ], [ -10.5400874869999, 29.008005069 ], [ -10.536373872, 29.010489935000098 ], [ -10.5319944789999, 29.013367906 ], [ -10.527024874999899, 29.016879199000101 ], [ -10.520586262999901, 29.021265902 ], [ -10.5124932549999, 29.026823751000101 ], [ -10.5075323919999, 29.030365154 ], [ -10.505910708999901, 29.032159356000101 ], [ -10.505151624, 29.034160581 ], [ -10.5036679579999, 29.035540736000101 ], [ -10.502805359999901, 29.0370244030001 ], [ -10.4989064219999, 29.040474790000101 ], [ -10.497664282, 29.042061969000098 ], [ -10.492894524, 29.045349913000098 ], [ -10.4907493899999, 29.048957639 ], [ -10.489383351, 29.049169768000102 ], [ -10.486830063, 29.050687939000099 ], [ -10.4825170779999, 29.054276343000101 ], [ -10.481723489999901, 29.057209173 ], [ -10.480550358, 29.058451312 ], [ -10.479101194999901, 29.058865359 ], [ -10.478561124999899, 29.0597808190001 ], [ -10.4791461619999, 29.0610483980001 ], [ -10.4787561379999, 29.061828447 ], [ -10.477001026999901, 29.061828447 ], [ -10.4685179939999, 29.0677763210001 ], [ -10.468225475999899, 29.0690439000001 ], [ -10.4674454279999, 29.070213974000101 ], [ -10.466470366, 29.072066590000102 ], [ -10.465592810999899, 29.072359109 ], [ -10.465300292999901, 29.073821700000099 ], [ -10.4644227379999, 29.074114218000101 ], [ -10.463712463999901, 29.0740815700001 ], [ -10.461573223999901, 29.077117911000101 ], [ -10.460227572, 29.079602191 ], [ -10.458377358, 29.081817202000099 ], [ -10.458536881999899, 29.0823970050001 ], [ -10.458191843, 29.0826385320001 ], [ -10.45736375, 29.082673036000099 ], [ -10.456604664999899, 29.083949679000099 ], [ -10.4550621499999, 29.085229916000099 ], [ -10.4540218039999, 29.0859579500001 ], [ -10.453292292, 29.085847393000101 ], [ -10.453292292, 29.086468463000099 ], [ -10.452624496999899, 29.0869850270001 ], [ -10.4521536639999, 29.087676099000099 ], [ -10.452526991, 29.088252606000101 ], [ -10.452234471999899, 29.0889351490001 ], [ -10.4514544239999, 29.0883501120001 ], [ -10.449063313999901, 29.089734854000099 ], [ -10.447771671999901, 29.090367401 ], [ -10.4468716359999, 29.091762826 ], [ -10.446667547999899, 29.0926446570001 ], [ -10.445162363, 29.0925719090001 ], [ -10.4443557869999, 29.093817789000099 ], [ -10.443355174999899, 29.094128324000099 ], [ -10.4427341049999, 29.094611378000099 ], [ -10.4408708949999, 29.0959570300001 ], [ -10.4385573439999, 29.0978913880001 ], [ -10.4379711059999, 29.098850687 ], [ -10.437582105999899, 29.099487232000101 ], [ -10.438291096999899, 29.102098475 ], [ -10.43752402, 29.103823914000099 ], [ -10.437386003999899, 29.104548496000099 ], [ -10.4361438639999, 29.104237961000099 ], [ -10.43441867, 29.106584225000098 ], [ -10.4340046229999, 29.107170791 ], [ -10.434556686, 29.107550333000098 ], [ -10.4336617949999, 29.108866907 ], [ -10.4335215699999, 29.109241023 ], [ -10.433590576999899, 29.1098620930001 ], [ -10.4330040109999, 29.110586675 ], [ -10.4318653829999, 29.112967442000102 ], [ -10.430933777999901, 29.1129329380001 ], [ -10.429981574, 29.113202297 ], [ -10.426785375, 29.118869527000101 ], [ -10.425723691999901, 29.118695086000098 ], [ -10.425030264999901, 29.119259552000099 ], [ -10.4238899879999, 29.122150791000099 ], [ -10.423687964, 29.122663033 ], [ -10.4231558569999, 29.124477454 ], [ -10.4235154439999, 29.1248022730001 ], [ -10.4235154439999, 29.1260099090001 ], [ -10.423411931999899, 29.127355560000101 ], [ -10.423170405999899, 29.127838615000101 ], [ -10.422788286, 29.128014452000102 ], [ -10.4227563589999, 29.128321669000101 ], [ -10.423791183999899, 29.127949608000101 ], [ -10.4237914749999, 29.1284251810001 ], [ -10.4221309209999, 29.128903603000101 ], [ -10.421686737999901, 29.129563809 ], [ -10.4210656689999, 29.129977855 ], [ -10.4208143359999, 29.130486251 ], [ -10.420341086999899, 29.130391902 ], [ -10.4200073839999, 29.131284538 ], [ -10.4197421949999, 29.132286353 ], [ -10.4195129939999, 29.133152212000098 ], [ -10.4183053579999, 29.1331177090001 ], [ -10.4156485589999, 29.135325957000099 ], [ -10.4153725289999, 29.1361885540001 ], [ -10.4130262649999, 29.137982756 ], [ -10.411266566999901, 29.1399839810001 ], [ -10.409920050999901, 29.141363337000101 ], [ -10.409917129999901, 29.1413663310001 ], [ -10.409851908, 29.1414331430001 ], [ -10.409829684999901, 29.141417027 ], [ -10.4049018239999, 29.137843283000102 ], [ -10.404773642999899, 29.133174394 ], [ -10.357080088999901, 29.1120710520001 ], [ -10.3381696559999, 29.090324054000099 ], [ -10.3118655009999, 29.110508851000102 ], [ -10.290034081999901, 29.121597826000102 ], [ -10.2598859309999, 29.120904765 ], [ -10.251222669999899, 29.1167463990001 ], [ -10.2510749499999, 29.112905683000101 ], [ -10.2498365479999, 29.108083138 ], [ -10.2415798779999, 29.107188524 ], [ -10.232510025, 29.107390077 ], [ -10.2179557449999, 29.113974155000101 ], [ -10.210261445999899, 29.102673154000101 ], [ -10.196817387, 29.083132944000099 ], [ -10.1913665449999, 29.080104768000101 ], [ -10.1975598739999, 29.066765289 ], [ -10.204706024, 29.055569655000099 ], [ -10.1983442849999, 29.052176727000099 ], [ -10.193986799, 29.049852735000101 ], [ -10.1804091149999, 29.045565045 ], [ -10.1747129419999, 29.046592224000101 ], [ -10.167487722999899, 29.045820599000098 ], [ -10.1637606159999, 29.044309610000099 ], [ -10.157312912999901, 29.028727661000101 ], [ -10.1437574719999, 29.032124666000101 ], [ -10.088223786, 29.0460414550001 ], [ -10.094178909999901, 29.058428115000101 ], [ -10.098704805, 29.072720414000099 ], [ -10.035342278999901, 29.127269356000099 ], [ -10.0236702349999, 29.137273965000102 ], [ -10.0022317859999, 29.139179605 ], [ -9.990321536999939, 29.141799860000098 ], [ -9.986874120999911, 29.1422495230001 ], [ -9.98484282199991, 29.142514475 ], [ -9.96507180799995, 29.149898829000101 ], [ -9.956258223999949, 29.170146253 ], [ -9.94172771899991, 29.165620358000101 ], [ -9.933455337999931, 29.1629756140001 ], [ -9.90337671699996, 29.151328059 ], [ -9.864311098999909, 29.1303660200001 ], [ -9.837165972999911, 29.116694387000098 ], [ -9.831287722999949, 29.111020599000099 ], [ -9.831132695999941, 29.166733914000101 ], [ -9.823896550999899, 29.1677117710001 ], [ -9.81212302499995, 29.1690150750001 ], [ -9.80603992999994, 29.167114107000099 ], [ -9.78170755099995, 29.162171593 ], [ -9.78858772399991, 29.172920599000101 ], [ -9.80404523799996, 29.2349380090001 ], [ -9.801532996999921, 29.238108218 ], [ -9.79404062799995, 29.247562873 ], [ -9.78260678899994, 29.2520887680001 ], [ -9.77641345899991, 29.2547090230001 ], [ -9.770696538999911, 29.261616968000101 ], [ -9.76593243999992, 29.269954142000099 ], [ -9.763812015999919, 29.2740106050001 ], [ -9.757357059999951, 29.2868666960001 ], [ -9.763312184999959, 29.296871306000099 ], [ -9.75807167499994, 29.3040174550001 ], [ -9.74663783599993, 29.3013972000001 ], [ -9.740226590999949, 29.300423961 ], [ -9.738687723999931, 29.301720599000099 ], [ -9.73858772299991, 29.299320599000101 ], [ -9.736303797999939, 29.298885565 ], [ -9.72239737699994, 29.307785675 ], [ -9.71593408799993, 29.315769737 ], [ -9.696924416999931, 29.316149930000101 ], [ -9.69638772299993, 29.3103205990001 ], [ -9.69578383699991, 29.294478905000101 ], [ -9.689320548999939, 29.281932522000101 ], [ -9.67867513299996, 29.260261497 ], [ -9.67271775999995, 29.251713963 ], [ -9.668029716999911, 29.245053760000101 ], [ -9.653582366999959, 29.2332677630001 ], [ -9.644293697999959, 29.232029274000102 ], [ -9.634223165999909, 29.2306865370001 ], [ -9.61252147699992, 29.227184669000099 ], [ -9.564236910999909, 29.237069698000099 ], [ -9.53184371399993, 29.2502563090001 ], [ -9.52677752199992, 29.254311699000102 ], [ -9.516332539999951, 29.292958131 ], [ -9.52127505399994, 29.317670704000101 ], [ -9.510887723999931, 29.315820599000102 ], [ -9.50158772299994, 29.315320599000099 ], [ -9.481354744999919, 29.313108383 ], [ -9.465433784999959, 29.317953892 ], [ -9.456587722999929, 29.314120599 ], [ -9.454214263999919, 29.3130109300001 ], [ -9.44675714299996, 29.3066450950001 ], [ -9.447897722999929, 29.29942142 ], [ -9.43383056599993, 29.291437358000099 ], [ -9.419383215999909, 29.278510781000101 ], [ -9.402274511999909, 29.2667247850001 ], [ -9.387756348999909, 29.2674990870001 ], [ -9.37376000499995, 29.268245559 ], [ -9.34372472499996, 29.284593876000098 ], [ -9.34076539199992, 29.288263448000102 ], [ -9.30038267399993, 29.337060569000101 ], [ -9.282743111999929, 29.330611953000101 ], [ -9.28070888299993, 29.3309346180001 ], [ -9.23759378099993, 29.327361544 ], [ -9.21544071699992, 29.325694109 ], [ -9.21305866699992, 29.325932314000099 ], [ -9.19828995799991, 29.3316492330001 ], [ -9.169943564999929, 29.3592810120001 ], [ -9.16796853199992, 29.352947287000099 ] ] ] ] } },
{ "type": "Feature", "properties": { "OBJECTID": 67, "Code_Province": "10.473.", "Population": 115691, "Menages": 25308, "Etrangers": 102, "Marocains": 115589, "Nom_Provinces": "Sidi Ifni", "Code_Region": "10.", "Superficie_Ha": 404115.83313757402, "Shape__Area": 0.28434198940084299, "Shape__Length": 4.2315008638965796, "zone_dattes": "FALSE", "zone_commune_datt_argan_txt": "FALSE" }, "geometry": { "type": "MultiPolygon", "coordinates": [ [ [ [ -10.409917129999901, 29.1413663310001 ], [ -10.409920050999901, 29.141363337000101 ], [ -10.409920914999899, 29.141364135000099 ], [ -10.409917129999901, 29.1413663310001 ] ] ], [ [ [ -10.003281787999899, 29.618118892 ], [ -9.993102007999941, 29.599865493 ], [ -9.997314330999931, 29.5931959820001 ], [ -9.997314330999931, 29.590738794000099 ], [ -9.999771518999919, 29.5872285250001 ], [ -9.98888968499995, 29.578452852000101 ], [ -9.993102007999941, 29.561954588 ], [ -9.99169789999991, 29.550370700000101 ], [ -10.002930761, 29.537031678000101 ], [ -9.99942049199996, 29.520182387000101 ], [ -9.99317999599992, 29.506968103000101 ], [ -9.98322490699991, 29.510378643000099 ], [ -9.96745385799994, 29.5157816880001 ], [ -9.95911668299993, 29.520307582 ], [ -9.930770289999939, 29.536505521 ], [ -9.90290030699992, 29.537696546000099 ], [ -9.889084416999941, 29.558420380000101 ], [ -9.88574954799992, 29.547462951000099 ], [ -9.88536475199993, 29.544432681 ], [ -9.88384390799996, 29.532456037000099 ], [ -9.89289569699991, 29.505062463000101 ], [ -9.89575415699994, 29.505062463000101 ], [ -9.90290030699992, 29.4986309290001 ], [ -9.91195209599994, 29.4874352940001 ], [ -9.914095940999911, 29.481956580000102 ], [ -9.909093635999911, 29.47719248 ], [ -9.90432953699991, 29.472190175 ], [ -9.894801336999929, 29.47052274 ], [ -9.89313390199993, 29.466473255 ], [ -9.885273137999951, 29.4586124910001 ], [ -9.88384390799996, 29.451466341000099 ], [ -9.885273137999951, 29.447655062000099 ], [ -9.88551134299991, 29.441699937000099 ], [ -9.88074724299992, 29.437412247000101 ], [ -9.871390583999929, 29.438877748 ], [ -9.871287723999959, 29.438620599 ], [ -9.865250436999929, 29.431980975 ], [ -9.862643663999959, 29.428360458 ], [ -9.84995444899994, 29.422110546000098 ], [ -9.84668392999993, 29.420499693000099 ], [ -9.843557643999929, 29.422024557 ], [ -9.831915220999919, 29.424072768000102 ], [ -9.82119599599991, 29.424549178000099 ], [ -9.81762292199994, 29.423596358000101 ], [ -9.81238241199992, 29.422643538 ], [ -9.80738010699991, 29.423596358000101 ], [ -9.79404062799995, 29.425501998000101 ], [ -9.78284499399996, 29.428360458 ], [ -9.77641345899991, 29.435983017000101 ], [ -9.77307858899991, 29.443843782 ], [ -9.758548084999919, 29.448369677000102 ], [ -9.74401758099992, 29.454086596000099 ], [ -9.737586045999929, 29.465758641 ], [ -9.73163092199991, 29.464329411000101 ], [ -9.73043989699994, 29.46814069 ], [ -9.71900605799993, 29.466949665000101 ], [ -9.712285391999959, 29.467147332000099 ], [ -9.710866734999909, 29.4670783390001 ], [ -9.709994147999909, 29.464709892000101 ], [ -9.709687723999931, 29.465220599000101 ], [ -9.71061137999993, 29.457962078 ], [ -9.70795002599993, 29.4476968560001 ], [ -9.70528867199994, 29.446936469 ], [ -9.698445190999911, 29.449597823000101 ], [ -9.682096872999921, 29.440853374000099 ], [ -9.66638772399995, 29.439420599000101 ], [ -9.65814468799994, 29.431728732000099 ], [ -9.66042584799993, 29.4210833160001 ], [ -9.66232681499991, 29.415000221000099 ], [ -9.660045654999919, 29.4001726770001 ], [ -9.655483333999941, 29.405495385000101 ], [ -9.653582366999959, 29.4043548050001 ], [ -9.650540818999961, 29.402073645000101 ], [ -9.646657378999921, 29.403529935000101 ], [ -9.644457723999951, 29.4043548050001 ], [ -9.640655789999929, 29.403974612000098 ], [ -9.640655789999929, 29.415000221000099 ], [ -9.63381230799996, 29.422984283000101 ], [ -9.63381230799996, 29.4260258300001 ], [ -9.637234048999909, 29.430207958 ], [ -9.638754822999941, 29.440473181000101 ], [ -9.64141617699994, 29.4560611110001 ], [ -9.65168139899993, 29.464805560000102 ], [ -9.653202172999951, 29.4686074940001 ], [ -9.64597849799992, 29.469748074000101 ], [ -9.63786558399994, 29.463873206000098 ], [ -9.625067859999939, 29.448837436000101 ], [ -9.62088573199992, 29.439712794000101 ], [ -9.614042249999949, 29.436671246000099 ], [ -9.596933545999949, 29.437051440000101 ], [ -9.59161083799995, 29.441613761 ], [ -9.58780890399993, 29.454920531000099 ], [ -9.58818909699994, 29.471649041 ], [ -9.58590793699994, 29.47811233 ], [ -9.57564271399991, 29.483815231000101 ], [ -9.56226717699991, 29.486958884 ], [ -9.55825067799992, 29.479543810000099 ], [ -9.55607384699994, 29.475525045 ], [ -9.54368718799992, 29.455992236 ], [ -9.527251043999909, 29.448846087 ], [ -9.52844206899994, 29.434791992 ], [ -9.512007341999951, 29.427828125000101 ], [ -9.500333879999911, 29.422881743000101 ], [ -9.49829636899995, 29.428450941000101 ], [ -9.49604619099995, 29.439794297 ], [ -9.493187730999921, 29.446940447000099 ], [ -9.491758500999939, 29.449084292000101 ], [ -9.49056747599991, 29.459327106 ], [ -9.482944915999949, 29.450989931 ], [ -9.482706710999929, 29.447893267 ], [ -9.48175389199992, 29.445511217 ], [ -9.479986231999931, 29.44274239 ], [ -9.47865722699993, 29.441223527000101 ], [ -9.471034666999911, 29.442652757000101 ], [ -9.468709746999931, 29.443981283000099 ], [ -9.468687723999951, 29.443320599000099 ], [ -9.46031544299996, 29.4481314720001 ], [ -9.444117503999911, 29.4459876270001 ], [ -9.42553751499992, 29.431695328 ], [ -9.41886777499991, 29.442652757000101 ], [ -9.42029700499995, 29.448846087 ], [ -9.420535209999899, 29.456468646000101 ], [ -9.409597832999911, 29.460759447 ], [ -9.40814855099995, 29.456230441000098 ], [ -9.40671932099991, 29.452895571000099 ], [ -9.40636930499994, 29.451784758000102 ], [ -9.404813680999951, 29.453133776000101 ], [ -9.402669835999919, 29.455754031000101 ], [ -9.401240666999909, 29.459755706000099 ], [ -9.399811375999951, 29.4645676160001 ], [ -9.38480446199992, 29.464329411000101 ], [ -9.380993181999941, 29.47052274 ], [ -9.378134722999951, 29.480765555000101 ], [ -9.373132417999949, 29.487911704000101 ], [ -9.37098857299992, 29.492199394000099 ], [ -9.370273957999929, 29.4974399040001 ], [ -9.36622447299993, 29.5019657980001 ], [ -9.35217037899991, 29.504347848000101 ], [ -9.34099665299993, 29.50204317 ], [ -9.338116284999961, 29.5053006680001 ], [ -9.328826290999929, 29.508873743 ], [ -9.32310937099993, 29.5079209230001 ], [ -9.31400264699994, 29.507333721000101 ], [ -9.30595861199993, 29.502918618000098 ], [ -9.30429117699993, 29.499107339000101 ], [ -9.293746459999911, 29.498427034000098 ], [ -9.27832683399993, 29.4986309290001 ], [ -9.27334433399994, 29.492881891000099 ], [ -9.2690368389999, 29.487911704000101 ], [ -9.247121979999919, 29.476001455000102 ], [ -9.23664096099991, 29.466235051000101 ], [ -9.21710815199992, 29.4533719810001 ], [ -9.21020020799995, 29.4459876270001 ], [ -9.207341747999919, 29.4407471170001 ], [ -9.205912517999931, 29.431218918000098 ], [ -9.18161560899995, 29.409065854000101 ], [ -9.168752539999961, 29.397870220000101 ], [ -9.161844594999931, 29.39167689 ], [ -9.157795110999929, 29.386436380000099 ], [ -9.15970075099994, 29.379290231000098 ], [ -9.169943564999929, 29.3592810120001 ], [ -9.19828995799991, 29.3316492330001 ], [ -9.21305866699992, 29.325932314000099 ], [ -9.21544071699992, 29.325694109 ], [ -9.23759378099993, 29.327361544 ], [ -9.28070888299993, 29.3309346180001 ], [ -9.282743111999929, 29.330611953000101 ], [ -9.30038267399993, 29.337060569000101 ], [ -9.34076539199992, 29.288263448000102 ], [ -9.34372472499996, 29.284593876000098 ], [ -9.37376000499995, 29.268245559 ], [ -9.387756348999909, 29.2674990870001 ], [ -9.402274511999909, 29.2667247850001 ], [ -9.419383215999909, 29.278510781000101 ], [ -9.43383056599993, 29.291437358000099 ], [ -9.447897722999929, 29.29942142 ], [ -9.44675714299996, 29.3066450950001 ], [ -9.454214263999919, 29.3130109300001 ], [ -9.456587722999929, 29.314120599 ], [ -9.465433784999959, 29.317953892 ], [ -9.481354744999919, 29.313108383 ], [ -9.50158772299994, 29.315320599000099 ], [ -9.510887723999931, 29.315820599000102 ], [ -9.52127505399994, 29.317670704000101 ], [ -9.516332539999951, 29.292958131 ], [ -9.52677752199992, 29.254311699000102 ], [ -9.53184371399993, 29.2502563090001 ], [ -9.564236910999909, 29.237069698000099 ], [ -9.61252147699992, 29.227184669000099 ], [ -9.634223165999909, 29.2306865370001 ], [ -9.644293697999959, 29.232029274000102 ], [ -9.653582366999959, 29.2332677630001 ], [ -9.668029716999911, 29.245053760000101 ], [ -9.67271775999995, 29.251713963 ], [ -9.67867513299996, 29.260261497 ], [ -9.689320548999939, 29.281932522000101 ], [ -9.69578383699991, 29.294478905000101 ], [ -9.69638772299993, 29.3103205990001 ], [ -9.696924416999931, 29.316149930000101 ], [ -9.71593408799993, 29.315769737 ], [ -9.72239737699994, 29.307785675 ], [ -9.736303797999939, 29.298885565 ], [ -9.73858772299991, 29.299320599000101 ], [ -9.738687723999931, 29.301720599000099 ], [ -9.740226590999949, 29.300423961 ], [ -9.74663783599993, 29.3013972000001 ], [ -9.75807167499994, 29.3040174550001 ], [ -9.763312184999959, 29.296871306000099 ], [ -9.757357059999951, 29.2868666960001 ], [ -9.763812015999919, 29.2740106050001 ], [ -9.76593243999992, 29.269954142000099 ], [ -9.770696538999911, 29.261616968000101 ], [ -9.77641345899991, 29.2547090230001 ], [ -9.78260678899994, 29.2520887680001 ], [ -9.79404062799995, 29.247562873 ], [ -9.801532996999921, 29.238108218 ], [ -9.80404523799996, 29.2349380090001 ], [ -9.78858772399991, 29.172920599000101 ], [ -9.78170755099995, 29.162171593 ], [ -9.80603992999994, 29.167114107000099 ], [ -9.81212302499995, 29.1690150750001 ], [ -9.823896550999899, 29.1677117710001 ], [ -9.831132695999941, 29.166733914000101 ], [ -9.831287722999949, 29.111020599000099 ], [ -9.837165972999911, 29.116694387000098 ], [ -9.864311098999909, 29.1303660200001 ], [ -9.90337671699996, 29.151328059 ], [ -9.933455337999931, 29.1629756140001 ], [ -9.94172771899991, 29.165620358000101 ], [ -9.956258223999949, 29.170146253 ], [ -9.96507180799995, 29.149898829000101 ], [ -9.98484282199991, 29.142514475 ], [ -9.986874120999911, 29.1422495230001 ], [ -9.990321536999939, 29.141799860000098 ], [ -10.0022317859999, 29.139179605 ], [ -10.0236702349999, 29.137273965000102 ], [ -10.035342278999901, 29.127269356000099 ], [ -10.098704805, 29.072720414000099 ], [ -10.094178909999901, 29.058428115000101 ], [ -10.088223786, 29.0460414550001 ], [ -10.1437574719999, 29.032124666000101 ], [ -10.157312912999901, 29.028727661000101 ], [ -10.1637606159999, 29.044309610000099 ], [ -10.167487722999899, 29.045820599000098 ], [ -10.1747129419999, 29.046592224000101 ], [ -10.1804091149999, 29.045565045 ], [ -10.193986799, 29.049852735000101 ], [ -10.1983442849999, 29.052176727000099 ], [ -10.204706024, 29.055569655000099 ], [ -10.1975598739999, 29.066765289 ], [ -10.1913665449999, 29.080104768000101 ], [ -10.196817387, 29.083132944000099 ], [ -10.210261445999899, 29.102673154000101 ], [ -10.2179557449999, 29.113974155000101 ], [ -10.232510025, 29.107390077 ], [ -10.2415798779999, 29.107188524 ], [ -10.2498365479999, 29.108083138 ], [ -10.2510749499999, 29.112905683000101 ], [ -10.251222669999899, 29.1167463990001 ], [ -10.2598859309999, 29.120904765 ], [ -10.290034081999901, 29.121597826000102 ], [ -10.3118655009999, 29.110508851000102 ], [ -10.3381696559999, 29.090324054000099 ], [ -10.357080088999901, 29.1120710520001 ], [ -10.404773642999899, 29.133174394 ], [ -10.4049018239999, 29.137843283000102 ], [ -10.409829684999901, 29.141417027 ], [ -10.408356718999899, 29.142270996 ], [ -10.405090372, 29.144711012000101 ], [ -10.404358967999899, 29.146171241 ], [ -10.404676324999899, 29.147264299000099 ], [ -10.403598231999901, 29.147951089000099 ], [ -10.403340833, 29.148594585000101 ], [ -10.4025063509999, 29.149778968000099 ], [ -10.4011959389999, 29.1519385460001 ], [ -10.401053417999901, 29.1528194240001 ], [ -10.401570976, 29.153854541 ], [ -10.4019213139999, 29.155141805000099 ], [ -10.4016744879999, 29.1554762220001 ], [ -10.400397844999899, 29.155683246000098 ], [ -10.398898625, 29.156701902000101 ], [ -10.397631044999899, 29.1575794570001 ], [ -10.3954859099999, 29.159724592000099 ], [ -10.393730800999901, 29.161577208 ], [ -10.393061630999901, 29.162192883 ], [ -10.3919205209999, 29.1639660260001 ], [ -10.3914958439999, 29.165068302000101 ], [ -10.3906639599999, 29.166676827000099 ], [ -10.3898305559999, 29.168402637 ], [ -10.3895981299999, 29.1691397590001 ], [ -10.3895636259999, 29.169622813 ], [ -10.388942557, 29.170002356000101 ], [ -10.388563013999899, 29.170278387000099 ], [ -10.3879959399999, 29.170438546000099 ], [ -10.3879959399999, 29.171038546000101 ], [ -10.3878959399999, 29.171438546 ], [ -10.3874959389999, 29.171938545 ], [ -10.3873959399999, 29.172638546000101 ], [ -10.3870959389999, 29.172938546000101 ], [ -10.3865617889999, 29.173211217000102 ], [ -10.386095938999899, 29.173831064000101 ], [ -10.3845950669999, 29.175868016 ], [ -10.3838826829999, 29.1768856690001 ], [ -10.3827318579999, 29.177903745 ], [ -10.3824558269999, 29.179180388000098 ], [ -10.3818002529999, 29.180215504 ], [ -10.381213687, 29.180871078000099 ], [ -10.3801095629999, 29.181526652000102 ], [ -10.378326661, 29.183011911000101 ], [ -10.3759613599999, 29.185464853 ], [ -10.3743796079999, 29.186810018000099 ], [ -10.3722794539999, 29.1882812270001 ], [ -10.3693899379999, 29.1907570710001 ], [ -10.3679987019999, 29.192326367000099 ], [ -10.366169995999901, 29.194362096000098 ], [ -10.365238390999901, 29.195569731 ], [ -10.3644448019999, 29.196294313000099 ], [ -10.363651211999899, 29.197018894000099 ], [ -10.362857622999901, 29.197708972 ], [ -10.361960522999899, 29.19867508 ], [ -10.3613739559999, 29.199675693000099 ], [ -10.3592347159999, 29.201504399 ], [ -10.357682040999901, 29.202919057000098 ], [ -10.3564399019999, 29.203988678000101 ], [ -10.355025242, 29.205575856000099 ], [ -10.3542661569999, 29.2068525000001 ], [ -10.3537485989999, 29.207680593000099 ], [ -10.3528169939999, 29.208853725 ], [ -10.352023405, 29.209819834000101 ], [ -10.3514023349999, 29.2099923530001 ], [ -10.3505959399999, 29.210538546000102 ], [ -10.3493959389999, 29.211038546000101 ], [ -10.3475724039999, 29.212131593 ], [ -10.34649594, 29.2129385460001 ], [ -10.345895939999901, 29.213238546000099 ], [ -10.345195939999901, 29.213738546000101 ], [ -10.3444959399999, 29.2143385460001 ], [ -10.3438959389999, 29.215138546 ], [ -10.343224914999899, 29.215374958 ], [ -10.3431214039999, 29.216030532 ], [ -10.343466441999899, 29.216272059000101 ], [ -10.343224914999899, 29.216651602000098 ], [ -10.3426728539999, 29.2166861060001 ], [ -10.3422959389999, 29.216838546000101 ], [ -10.3417959399999, 29.217038545 ], [ -10.341095939, 29.217838546000099 ], [ -10.3407959399999, 29.218238546000102 ], [ -10.341095939, 29.2187385460001 ], [ -10.341361705999899, 29.218825347000099 ], [ -10.3416722409999, 29.2192048890001 ], [ -10.341189186, 29.219791455000099 ], [ -10.340602619999901, 29.219653440000101 ], [ -10.3401885739999, 29.219549928 ], [ -10.3399959399999, 29.219938546 ], [ -10.3398959399999, 29.220138546 ], [ -10.33969594, 29.2203385460001 ], [ -10.3393959399999, 29.2203385460001 ], [ -10.3393959399999, 29.220638546000099 ], [ -10.33969594, 29.221138546000098 ], [ -10.339795939999901, 29.221438546000101 ], [ -10.3400505579999, 29.221827184000102 ], [ -10.339463991999899, 29.222655277000101 ], [ -10.338895939999899, 29.2236385460001 ], [ -10.3386959399999, 29.223738545000099 ], [ -10.3384959399999, 29.223738545000099 ], [ -10.338295939999901, 29.2236385460001 ], [ -10.33809594, 29.223838546000099 ], [ -10.337995938999899, 29.224138546000098 ], [ -10.33789594, 29.224138546000098 ], [ -10.3375959389999, 29.223938546000099 ], [ -10.337495939999901, 29.224038546000099 ], [ -10.3374627679999, 29.224380471000099 ], [ -10.3375959389999, 29.224738546000101 ], [ -10.3378768139999, 29.224898029000101 ], [ -10.338295939999901, 29.225238545000099 ], [ -10.338295939999901, 29.225338546 ], [ -10.338395939, 29.225538546000099 ], [ -10.338295939999901, 29.225738546000098 ], [ -10.337773302999899, 29.226209176000101 ], [ -10.336841697999899, 29.226933758000101 ], [ -10.336841697999899, 29.226450704000101 ], [ -10.337048720999899, 29.226036657000101 ], [ -10.3363931469999, 29.225933146 ], [ -10.3356959399999, 29.226038546 ], [ -10.3352959399999, 29.226038546 ], [ -10.3349784889999, 29.226485208 ], [ -10.3348959399999, 29.226938546 ], [ -10.3348959399999, 29.227438546000101 ], [ -10.33469594, 29.227738546000101 ], [ -10.334295939999899, 29.227838546 ], [ -10.3336877249999, 29.227999325 ], [ -10.333332664999901, 29.228265620000101 ], [ -10.332681720999901, 29.228916565000102 ], [ -10.3312318899999, 29.230839808 ], [ -10.330640122999901, 29.231668283000101 ], [ -10.330344238999899, 29.231875402000099 ], [ -10.3302258859999, 29.232437580000099 ], [ -10.329841236999901, 29.23299976 ], [ -10.3294565879999, 29.233413997000099 ], [ -10.3291607039999, 29.2341241180001 ], [ -10.3290127619999, 29.234775062 ], [ -10.3290127619999, 29.235218888000102 ], [ -10.3287959399999, 29.235538546 ], [ -10.32859594, 29.2357385460001 ], [ -10.327977169, 29.2360473620001 ], [ -10.3270599299999, 29.236520776000098 ], [ -10.324959154999901, 29.237733900000102 ], [ -10.323686855999901, 29.238148137000099 ], [ -10.323006323, 29.238503197000099 ], [ -10.3223553779999, 29.238799081000099 ], [ -10.322325789999899, 29.2392133180001 ], [ -10.322177849, 29.239627556000102 ], [ -10.3218959389999, 29.239538545000102 ], [ -10.321053489999899, 29.239864262000101 ], [ -10.3206392529999, 29.239953028000102 ], [ -10.3203137809999, 29.2401305580001 ], [ -10.319544483, 29.2401601460001 ], [ -10.3191004109999, 29.240043868 ], [ -10.318834361999899, 29.240012204 ], [ -10.3192190109999, 29.2404560300001 ], [ -10.31909594, 29.240738546 ], [ -10.3188959399999, 29.240838546000099 ], [ -10.3187959399999, 29.241038546000102 ], [ -10.3187959399999, 29.241338546000101 ], [ -10.3186959399999, 29.241438546 ], [ -10.318295939999899, 29.241438546 ], [ -10.3178959399999, 29.241438546 ], [ -10.317739592999899, 29.241876272000098 ], [ -10.31749594, 29.2419385460001 ], [ -10.3169959389999, 29.242338546 ], [ -10.316795938999901, 29.242538546 ], [ -10.3162959399999, 29.242738545000101 ], [ -10.315943881, 29.243097723000101 ], [ -10.3152438819999, 29.2436977230001 ], [ -10.314495939999899, 29.244138546 ], [ -10.3139959389999, 29.244538546000101 ], [ -10.31389594, 29.244838546 ], [ -10.313695939999899, 29.245138545000099 ], [ -10.313695939999899, 29.245338546000099 ], [ -10.313795938999901, 29.245438546000099 ], [ -10.3139959389999, 29.245638546000102 ], [ -10.3139959389999, 29.245938546 ], [ -10.31389594, 29.245938546 ], [ -10.3135959399999, 29.245738546 ], [ -10.3134959399999, 29.245738546 ], [ -10.3133959399999, 29.245938546 ], [ -10.31319594, 29.2461385460001 ], [ -10.3127959399999, 29.2462385460001 ], [ -10.312395939999901, 29.2463385450001 ], [ -10.3119959399999, 29.2465385460001 ], [ -10.31159594, 29.246638545000099 ], [ -10.3111959399999, 29.246938546000099 ], [ -10.310460852999899, 29.247320532000099 ], [ -10.310283322999901, 29.2477051810001 ], [ -10.309957849999901, 29.2480306530001 ], [ -10.309661967, 29.2482969490001 ], [ -10.3096027899999, 29.247882711 ], [ -10.307590780999901, 29.2489183050001 ], [ -10.3068806599999, 29.249687602000101 ], [ -10.3062888929999, 29.249835544000099 ], [ -10.305726713, 29.250693606000102 ], [ -10.3054900069999, 29.250664018000101 ], [ -10.305078970999899, 29.250910473000101 ], [ -10.3046285229999, 29.251360921000099 ], [ -10.304336058999899, 29.251995495000099 ], [ -10.3043656479999, 29.252676027000099 ], [ -10.304188118, 29.2530902650001 ], [ -10.303685114999899, 29.2530310880001 ], [ -10.3028270519999, 29.2543625650001 ], [ -10.301791459, 29.254273799000099 ], [ -10.301199692, 29.254273799000099 ], [ -10.300815043999901, 29.254569683000099 ], [ -10.2999865689999, 29.255043098 ], [ -10.299542743, 29.255812395000099 ], [ -10.298803033999899, 29.256315397 ], [ -10.298857345999901, 29.256645675000101 ], [ -10.2980896239999, 29.257126672000101 ], [ -10.2975899109999, 29.2574397550001 ], [ -10.2968206129999, 29.258149877000101 ], [ -10.2963176109999, 29.2587712320001 ], [ -10.295163663999899, 29.259629295000099 ], [ -10.2950453109999, 29.2600435320001 ], [ -10.2954003709999, 29.260013944 ], [ -10.2958959399999, 29.261038546000101 ], [ -10.2961400809999, 29.261019948000101 ], [ -10.2963471989999, 29.261138302000099 ], [ -10.2956666669999, 29.261818835 ], [ -10.295727850999899, 29.262069028 ], [ -10.295555228, 29.262364705 ], [ -10.2947198389999, 29.262085130000099 ], [ -10.2933587729999, 29.262647309 ], [ -10.29271446, 29.262983573 ], [ -10.2921160619999, 29.262884016 ], [ -10.291050753999899, 29.263329950000099 ], [ -10.2906662309999, 29.263949198 ], [ -10.2905959399999, 29.264138546000101 ], [ -10.2906959399999, 29.264338546000101 ], [ -10.2906959399999, 29.2644385460001 ], [ -10.289377665, 29.2649386890001 ], [ -10.2890980479999, 29.264600142000099 ], [ -10.2886159829999, 29.264814393000101 ], [ -10.288654222999901, 29.264836849000101 ], [ -10.2879441009999, 29.2650735560001 ], [ -10.2878976239999, 29.2655178360001 ], [ -10.2871254279999, 29.2659039340001 ], [ -10.286908508, 29.2656653230001 ], [ -10.286938095999901, 29.265310263000099 ], [ -10.2862871519999, 29.2653398510001 ], [ -10.2854015009999, 29.264933696000099 ], [ -10.275845900999901, 29.2695164830001 ], [ -10.2736032609999, 29.2707840630001 ], [ -10.2683379289999, 29.2734167280001 ], [ -10.260308560999899, 29.278151616000098 ], [ -10.255426479999899, 29.2814951030001 ], [ -10.251687241, 29.283572837000101 ], [ -10.2446579149999, 29.288384414000099 ], [ -10.2416144389999, 29.290307034000101 ], [ -10.2387386379999, 29.292886626 ], [ -10.2373183959999, 29.294425221 ], [ -10.237259217999901, 29.2953424610001 ], [ -10.236258415999901, 29.29623316 ], [ -10.2350883419999, 29.296330666000099 ], [ -10.233619847999901, 29.2968810570001 ], [ -10.2302467739999, 29.2993960680001 ], [ -10.2299508909999, 29.30063878 ], [ -10.228767355999899, 29.301112194 ], [ -10.227998057999899, 29.301911080000099 ], [ -10.227569405999899, 29.301982172000098 ], [ -10.2264594629999, 29.302887496 ], [ -10.226374329999899, 29.303423907000099 ], [ -10.226222755999901, 29.3035680290001 ], [ -10.2259860489999, 29.303449675000099 ], [ -10.2256014, 29.303952677 ], [ -10.224624983, 29.304218973 ], [ -10.2244384079999, 29.304729657000099 ], [ -10.2247137489999, 29.305402508 ], [ -10.224202622, 29.30653048 ], [ -10.2219703039999, 29.306310320000101 ], [ -10.2212957709999, 29.307087688000099 ], [ -10.219460302, 29.308183564 ], [ -10.218271339, 29.308825128000102 ], [ -10.217563493999901, 29.3092755750001 ], [ -10.2168136529999, 29.3114089470001 ], [ -10.216606534999899, 29.312444540000101 ], [ -10.216310651, 29.312651659 ], [ -10.2158095679999, 29.312805839000099 ], [ -10.215156703999901, 29.3130067200001 ], [ -10.2146241139999, 29.313776018000102 ], [ -10.214772056, 29.314752433000098 ], [ -10.2144058019999, 29.3148016170001 ], [ -10.214298642, 29.3152258470001 ], [ -10.214091521999899, 29.315699262000098 ], [ -10.214032346, 29.316379794000099 ], [ -10.2138548159999, 29.316557325000101 ], [ -10.214121110999899, 29.316853208000101 ], [ -10.2141802879999, 29.3173857990001 ], [ -10.213913992999901, 29.3173857990001 ], [ -10.2140027569999, 29.3180959190001 ], [ -10.2135293429999, 29.318184685000102 ], [ -10.2129375759999, 29.319456984000102 ], [ -10.212493751, 29.319930399 ], [ -10.2119907479999, 29.320818050000099 ], [ -10.211872394, 29.321291464000101 ], [ -10.211754040999899, 29.322859648000101 ], [ -10.2114216179999, 29.3233416560001 ], [ -10.2113398039999, 29.323599357 ], [ -10.2118132179999, 29.324575773 ], [ -10.210762247999901, 29.327015506000102 ], [ -10.2099822, 29.326918 ], [ -10.209360212999901, 29.328985884000101 ], [ -10.2084401439999, 29.329250736000098 ], [ -10.2078187879999, 29.329546620000102 ], [ -10.208212849999899, 29.329875665000099 ], [ -10.207759610999901, 29.330227153000099 ], [ -10.2078187879999, 29.330611801000099 ], [ -10.207759610999901, 29.3312923340001 ], [ -10.2076708459999, 29.331795336000098 ], [ -10.2071974319999, 29.3319136890001 ], [ -10.2068171109999, 29.3324774700001 ], [ -10.206546488, 29.332771752 ], [ -10.206073074, 29.333777757000099 ], [ -10.2043739149999, 29.338453310000101 ], [ -10.203301346999901, 29.340305927000099 ], [ -10.2010344259999, 29.341966244 ], [ -10.199592163999901, 29.344457423000101 ], [ -10.1983285349999, 29.345181233000101 ], [ -10.197100983999899, 29.346817489 ], [ -10.195684625, 29.348400141000099 ], [ -10.194177433999901, 29.350839111000099 ], [ -10.194190706999899, 29.350851260000098 ], [ -10.191990637999901, 29.355126857000101 ], [ -10.195805908999899, 29.357655574 ], [ -10.195628377999901, 29.357714751000099 ], [ -10.192965423999899, 29.356057802000102 ], [ -10.191870654999899, 29.3575076320001 ], [ -10.1926991289999, 29.3580993990001 ], [ -10.192610364, 29.358365695000099 ], [ -10.191693124999899, 29.358217753000101 ], [ -10.1914268289999, 29.359312523000099 ], [ -10.192847071, 29.359608407000099 ], [ -10.192492009999899, 29.360643999 ], [ -10.191600612999901, 29.360587199000101 ], [ -10.1911309459999, 29.361857123 ], [ -10.193705133999901, 29.362330537 ], [ -10.1943209899999, 29.360204921 ], [ -10.1947208089999, 29.360392188000102 ], [ -10.1942969019999, 29.362034653000102 ], [ -10.195332494999899, 29.362271360000101 ], [ -10.196575205999901, 29.360762353 ], [ -10.196963449999901, 29.360879718 ], [ -10.1982321549999, 29.359312523000099 ], [ -10.1971077969999, 29.358750344 ], [ -10.1971373849999, 29.358513637 ], [ -10.197669975999901, 29.358572813000102 ], [ -10.1978770939999, 29.3584248710001 ], [ -10.198764745999901, 29.358720755 ], [ -10.199119806999899, 29.358691167000099 ], [ -10.200214576, 29.357389279000099 ], [ -10.200362517999899, 29.357034218000098 ], [ -10.200540047999899, 29.356708746 ], [ -10.2007721959999, 29.357109996000101 ], [ -10.1960130269999, 29.363011070000098 ], [ -10.195125375999901, 29.3631590110001 ], [ -10.191308095, 29.362342310000098 ], [ -10.187988508999901, 29.366615815 ], [ -10.186415131999899, 29.368910323000101 ], [ -10.1852350999999, 29.371598176000099 ], [ -10.1833428819999, 29.373975828000098 ], [ -10.1813371949999, 29.377509372000102 ], [ -10.1795316079999, 29.379727289000101 ], [ -10.177949755999901, 29.381648522 ], [ -10.174221460999901, 29.384644092000102 ], [ -10.1727118119999, 29.386173365 ], [ -10.172197013999901, 29.3873316580001 ], [ -10.171810917, 29.388618650000101 ], [ -10.171188381999899, 29.390114019000102 ], [ -10.1711292059999, 29.391031258000101 ], [ -10.170862909999901, 29.391267966 ], [ -10.170211966, 29.391504672000099 ], [ -10.169972437999901, 29.391945119000098 ], [ -10.169472256999899, 29.392362735000098 ], [ -10.168998842999899, 29.393398328 ], [ -10.1686141939999, 29.393812565000101 ], [ -10.1682591339999, 29.393930919000098 ], [ -10.1674690519999, 29.394936600000101 ], [ -10.1651523539999, 29.396682638000101 ], [ -10.1621537649999, 29.3993946360001 ], [ -10.1608324519999, 29.401209658000099 ], [ -10.1602972119999, 29.401647011000101 ], [ -10.1600631549999, 29.401831015000099 ], [ -10.159205090999899, 29.402718666000101 ], [ -10.158351025999901, 29.403197374000101 ], [ -10.1581977089999, 29.403681539 ], [ -10.1565401049999, 29.405339144 ], [ -10.156009546999901, 29.406387624 ], [ -10.154796423999899, 29.407896631000099 ], [ -10.154648481999899, 29.408370045000101 ], [ -10.153701653999899, 29.409464814 ], [ -10.152873178999901, 29.4098790520001 ], [ -10.1521698889999, 29.410626011000101 ], [ -10.1517192329999, 29.411328882000099 ], [ -10.1515684489999, 29.411339881000099 ], [ -10.149411339999901, 29.412837889000102 ], [ -10.148168628, 29.413636775 ], [ -10.1479557099999, 29.4141030010001 ], [ -10.1471034469999, 29.414790722000099 ], [ -10.146847631999901, 29.415756911000098 ], [ -10.145624027999901, 29.416654789000098 ], [ -10.144825141999901, 29.418045443 ], [ -10.144706788999899, 29.418489268000101 ], [ -10.144233374999899, 29.4186963870001 ], [ -10.143730371999901, 29.418903506 ], [ -10.1434327359999, 29.419442116000099 ], [ -10.142069831999899, 29.420534711000101 ], [ -10.142339718999899, 29.421329752000101 ], [ -10.142132599999901, 29.421743989 ], [ -10.1416326859999, 29.4218649620001 ], [ -10.1413337139999, 29.422217404 ], [ -10.140585203999899, 29.422062554 ], [ -10.139972649, 29.422306168 ], [ -10.139321704999899, 29.422631641000098 ], [ -10.139994884999901, 29.423575617 ], [ -10.1399134719999, 29.423785587000101 ], [ -10.1394400579999, 29.423460115000101 ], [ -10.1382861119999, 29.423341761000099 ], [ -10.138049404999901, 29.423815175000101 ], [ -10.1387299369999, 29.424939534000099 ], [ -10.1386115839999, 29.4253241820001 ], [ -10.137968233999899, 29.424830762000099 ], [ -10.137247102999901, 29.4246996470001 ], [ -10.1365699869999, 29.425057887 ], [ -10.1365699869999, 29.425797596000098 ], [ -10.137575990999901, 29.426448541000099 ], [ -10.1377831089999, 29.426951543000101 ], [ -10.1367179279999, 29.426359776000101 ], [ -10.1362149259999, 29.426359776000101 ], [ -10.134297021999901, 29.427977515000102 ], [ -10.127282382999899, 29.433615449000101 ], [ -10.1255912969999, 29.4355506540001 ], [ -10.124811248999899, 29.4360381850001 ], [ -10.123283382999899, 29.4370165660001 ], [ -10.1221033499999, 29.438073351000099 ], [ -10.1219905919999, 29.439754242 ], [ -10.120813497999899, 29.439645911000099 ], [ -10.118145306999899, 29.443188459000101 ], [ -10.117108265, 29.445691291000099 ], [ -10.116133202999899, 29.446373833000099 ], [ -10.1150598309999, 29.4480971690001 ], [ -10.1152000799999, 29.448798414000098 ], [ -10.114545584999901, 29.4487049150001 ], [ -10.113563843, 29.450154153000099 ], [ -10.114452085999901, 29.451229394000102 ], [ -10.1126368659999, 29.451769597000101 ], [ -10.110963841999901, 29.453898900000102 ], [ -10.109899189999901, 29.456788669 ], [ -10.1083278849999, 29.458475587000098 ], [ -10.1082352079999, 29.459829678000101 ], [ -10.109112762999899, 29.459829678000101 ], [ -10.109015257, 29.4608047400001 ], [ -10.1076501709999, 29.460999751000099 ], [ -10.105505036999901, 29.464217454000099 ], [ -10.106480097999899, 29.464509972000101 ], [ -10.1065776039999, 29.465192515000101 ], [ -10.1056025429999, 29.465777551000102 ], [ -10.105505036999901, 29.4668501190001 ], [ -10.1044998849999, 29.468043559000101 ], [ -10.103847432999901, 29.469190265000101 ], [ -10.1033599019999, 29.469775303000102 ], [ -10.102717928999899, 29.471051237 ], [ -10.1029984269999, 29.471425234 ], [ -10.104447665, 29.471752482000099 ], [ -10.1044009159999, 29.4720797290001 ], [ -10.102530929999901, 29.471658983000101 ], [ -10.1020634349999, 29.472126479000099 ], [ -10.1013224259999, 29.473564461000102 ], [ -10.1009881929999, 29.4745107100001 ], [ -10.100239705999901, 29.4753331510001 ], [ -10.1003804469999, 29.476614443000098 ], [ -10.1000531999999, 29.478203930000099 ], [ -10.099398704999899, 29.478858425000102 ], [ -10.0986507109999, 29.479185673000099 ], [ -10.099305205999899, 29.479653169000098 ], [ -10.098874619999901, 29.479915939000101 ], [ -10.0993519559999, 29.480634911 ], [ -10.0989721269999, 29.480891 ], [ -10.0984637129999, 29.481710153000101 ], [ -10.097481970999899, 29.481569903 ], [ -10.096058717999901, 29.483633102000098 ], [ -10.096339461, 29.484206208 ], [ -10.0958457339999, 29.485122876 ], [ -10.094302996, 29.486151367 ], [ -10.094443243999899, 29.486665613000099 ], [ -10.093414278, 29.487131391 ], [ -10.0923417099999, 29.487813935000101 ], [ -10.091030521999899, 29.489190093 ], [ -10.090196575999901, 29.488886502000099 ], [ -10.089347535999901, 29.489517341000099 ], [ -10.089207285999899, 29.4908730800001 ], [ -10.0877589229999, 29.491031637 ], [ -10.087758048, 29.491621074000101 ], [ -10.0866863559999, 29.493664302000099 ], [ -10.085607564999901, 29.493023562000101 ], [ -10.0843453239999, 29.493397560000101 ], [ -10.0830358859999, 29.494424316 ], [ -10.083363582999899, 29.495080547 ], [ -10.0830363349999, 29.495735041 ], [ -10.0820078429999, 29.496015539 ], [ -10.0818208449999, 29.496529785000099 ], [ -10.080652103999901, 29.496763533 ], [ -10.0806053549999, 29.497745276 ], [ -10.079080878, 29.498539607000101 ], [ -10.077033249, 29.5006847430001 ], [ -10.077033249, 29.5020498280001 ], [ -10.0763507059999, 29.503024889000098 ], [ -10.075930391999901, 29.5065809550001 ], [ -10.0758368929999, 29.508497690000102 ], [ -10.0755563949999, 29.508965186000101 ], [ -10.075603144999899, 29.510554673000101 ], [ -10.074294154999899, 29.5130324040001 ], [ -10.073035499, 29.5133605380001 ], [ -10.0716704129999, 29.5153106600001 ], [ -10.070597845999901, 29.516578240000101 ], [ -10.0707928579999, 29.517748313000101 ], [ -10.0713778939999, 29.520575991 ], [ -10.0705074349999, 29.5225225790001 ], [ -10.0700866879999, 29.524299064 ], [ -10.0704139359999, 29.525000309000099 ], [ -10.0700866879999, 29.525561304000099 ], [ -10.0708346819999, 29.525982051000099 ], [ -10.070367185999901, 29.526262549000101 ], [ -10.0707411829999, 29.526589796000099 ], [ -10.06980619, 29.527010543000099 ], [ -10.070180186999901, 29.527524789 ], [ -10.0696227839999, 29.529059023000102 ], [ -10.0701334379999, 29.529628522000099 ], [ -10.0708346819999, 29.529441524 ], [ -10.070974930999901, 29.5299557690001 ], [ -10.0724504619999, 29.5313016640001 ], [ -10.0713435889999, 29.533671733000102 ], [ -10.069572441999901, 29.534116487000102 ], [ -10.066324516, 29.537017781000099 ], [ -10.064781350999899, 29.539693603 ], [ -10.064196234999899, 29.540708184 ], [ -10.065131226999901, 29.541596427000101 ], [ -10.0656250329999, 29.542807386 ], [ -10.065411956999901, 29.544014064000098 ], [ -10.064990979, 29.544401405000102 ], [ -10.0653020299999, 29.5449605200001 ], [ -10.065235008999901, 29.545537557 ], [ -10.0644549599999, 29.546512619000101 ], [ -10.064009235999899, 29.547860878000101 ], [ -10.0637754879999, 29.548982868000099 ], [ -10.063174865999899, 29.549058087 ], [ -10.062826374999901, 29.5497175550001 ], [ -10.0610640099999, 29.549871111000101 ], [ -10.059988768999901, 29.550058110000101 ], [ -10.0595212719999, 29.550899604000101 ], [ -10.057274975999899, 29.553748022 ], [ -10.056134277999901, 29.555953373000101 ], [ -10.056298711, 29.558944671000098 ], [ -10.0589854219999, 29.5611276230001 ], [ -10.057809985999899, 29.56196722 ], [ -10.058145823999901, 29.564653930000102 ], [ -10.057474146999899, 29.566333125000099 ], [ -10.0557949529999, 29.567004802 ], [ -10.0536389189999, 29.567528023000101 ], [ -10.053441393, 29.568146645000098 ], [ -10.0524957619999, 29.569211005000099 ], [ -10.0525275159999, 29.570449425 ], [ -10.0546554019999, 29.572540201 ], [ -10.0542507329999, 29.5731183010001 ], [ -10.0527476739999, 29.572887061000099 ], [ -10.052574243999899, 29.574274500000101 ], [ -10.051418044999901, 29.575315079000099 ], [ -10.049972795999899, 29.575777559000102 ], [ -10.049972795999899, 29.576297848000099 ], [ -10.048990026999901, 29.576240038 ], [ -10.048758786999899, 29.577280617 ], [ -10.0476603979999, 29.577511857 ], [ -10.0478338279999, 29.578494626000101 ], [ -10.049799365999901, 29.5813851240001 ], [ -10.049394696999901, 29.581847604000099 ], [ -10.0497415569999, 29.582425703000101 ], [ -10.048758786999899, 29.5821944640001 ], [ -10.047949447, 29.582599133000102 ], [ -10.0469088689999, 29.582310083 ], [ -10.04725629, 29.583214683000101 ], [ -10.0469088689999, 29.584564671000098 ], [ -10.047891638, 29.58600992 ], [ -10.047034009, 29.586548892000099 ], [ -10.0467354389999, 29.587281739 ], [ -10.046041719, 29.587512979000099 ], [ -10.0456370499999, 29.587917649000101 ], [ -10.0448855199999, 29.588148889000099 ], [ -10.044493659999899, 29.588835207 ], [ -10.0437950629999, 29.5892162600001 ], [ -10.0430647129999, 29.5895655580001 ], [ -10.0421755909999, 29.5896925750001 ], [ -10.0410700639999, 29.590056617000101 ], [ -10.040048048, 29.589819592000101 ], [ -10.039567003999901, 29.5906347160001 ], [ -10.0376664689999, 29.592359942000101 ], [ -10.035665944, 29.593915907000099 ], [ -10.035173447999901, 29.5940455040001 ], [ -10.034653159, 29.595317322000099 ], [ -10.0341906789999, 29.594970463 ], [ -10.0332079089999, 29.5961844720001 ], [ -10.0318204709999, 29.5986703 ], [ -10.0326298099999, 29.599768689000101 ], [ -10.0319939009999, 29.5998843090001 ], [ -10.0306064619999, 29.600462409 ], [ -10.0304330319999, 29.601271748 ], [ -10.030077174999899, 29.6024895880001 ], [ -10.029392453, 29.603179476 ], [ -10.0302596019999, 29.603121666 ], [ -10.031126751999899, 29.603410716 ], [ -10.030212769999901, 29.603758885 ], [ -10.0302017929999, 29.604335675000101 ], [ -10.0302596019999, 29.605723114000099 ], [ -10.0296815029999, 29.606012164 ], [ -10.029392453, 29.606994933000099 ], [ -10.026791005, 29.6080355120001 ], [ -10.0271956749999, 29.608613612000099 ], [ -10.0257903339999, 29.609158006000101 ], [ -10.0261713869999, 29.610015374000099 ], [ -10.025568052999899, 29.610555198 ], [ -10.0241895569999, 29.610521341 ], [ -10.0242473669999, 29.611793159000101 ], [ -10.0241895569999, 29.6128915480001 ], [ -10.023377002, 29.613667127 ], [ -10.0241073519999, 29.613698881000101 ], [ -10.023727076999901, 29.615261756000098 ], [ -10.022686498999899, 29.615839856 ], [ -10.0221068259999, 29.616588529000101 ], [ -10.0221662089999, 29.6174585350001 ], [ -10.021299059999899, 29.6172851050001 ], [ -10.020489720999899, 29.618499113 ], [ -10.019911620999901, 29.6190772130001 ], [ -10.018994898, 29.619255896000102 ], [ -10.0186138459999, 29.619954493000101 ], [ -10.018010511999901, 29.62008151 ], [ -10.016772091999901, 29.622558351000102 ], [ -10.0161370049999, 29.623701508000099 ], [ -10.015460254999899, 29.6244535390001 ], [ -10.013899385999901, 29.6247425880001 ], [ -10.012743187, 29.627112797000098 ], [ -10.011066697999899, 29.627401846000101 ], [ -10.012107277999901, 29.6278643260001 ], [ -10.0115291769999, 29.628904905000098 ], [ -10.0099683089999, 29.630176724000101 ], [ -10.0101995489999, 29.631043873000099 ], [ -10.009852689, 29.631795403000101 ], [ -10.00904335, 29.631853213000099 ], [ -10.006792056999901, 29.630053807000099 ], [ -10.004685896, 29.6286496990001 ], [ -10.0036328149999, 29.626543538000099 ], [ -10.003983841999901, 29.623735323000101 ], [ -10.003281787999899, 29.618118892 ] ] ] ] } }
]
}
